detail_url,main_image_url,title_full,museum_detail,category_detail,era_detail,level,entry_year,material,gallery_urls
https://www.museumschina.cn/collection/details?id=da2ab29babea47a2b16b5ee0d55957df,http://www.museumschina.cn/img/waterMark/2019-01-02-14-28-22/yipu/da/37/17/02/21800005/80000015/3717022180000580000015-A-0003_wm.jpg,岳石文化尊形陶器,菏泽市博物馆,陶器,新石器时代,二级,2001,单一/无机质/陶,http://www.museumschina.cn/img/waterMark/2019-01-02-14-28-22/yipu/da/37/17/02/21800005/80000015/3717022180000580000015-A-0003_wm.jpg|http://www.museumschina.cn/img/waterMark/2019-01-02-14-28-22/yipu/da/37/17/02/21800005/80000015/3717022180000580000015-A-0004_wm.jpg|http://www.museumschina.cn/img/waterMark/2019-01-02-14-28-22/yipu/da/37/17/02/21800005/80000015/3717022180000580000015-A-0005_wm.jpg|http://www.museumschina.cn/img/waterMark/2019-01-02-14-28-22/yipu/da/37/17/02/21800005/80000015/3717022180000580000015-B-0001_wm.jpg|http://www.museumschina.cn/img/waterMark/2019-01-02-14-28-22/yipu/da/37/17/02/21800005/80000015/3717022180000580000015-D-0001_wm.jpg|http://www.museumschina.cn/img/waterMark/2019-01-02-14-28-22/yipu/da/37/17/02/21800005/80000015/3717022180000580000015-E-0001_wm.jpg|http://www.museumschina.cn/img/waterMark/2019-01-02-14-28-22/yipu/da/37/17/02/21800005/80000015/3717022180000580000015-F-0001_wm.jpg
https://www.museumschina.cn/collection/details?id=afceb0733fc6d411c9f3e3847321165cd,http://www.museumschina.cn/img/waterMark/2019-01-02-14-28-22/yipu/da/36/09/25/21800002/10000110/3609252180000210000110-A-0001_wm.jpg,新石器时代晚期陶豆,靖安县博物馆,陶器,新石器时代,三级,1982,单一/无机质/陶,http://www.museumschina.cn/img/waterMark/2019-01-02-14-28-22/yipu/da/36/09/25/21800002/10000110/3609252180000210000110-A-0001_wm.jpg|http://www.museumschina.cn/img/waterMark/2019-01-02-14-28-22/yipu/da/36/09/25/21800002/10000110/3609252180000210000110-A-0002_wm.jpg|http://www.museumschina.cn/img/waterMark/2019-01-02-14-28-22/yipu/da/36/09/25/21800002/10000110/3609252180000210000110-A-0003_wm.jpg|http://www.museumschina.cn/img/waterMark/2019-01-02-14-28-22/yipu/da/36/09/25/21800002/10000110/3609252180000210000110-A-0004_wm.jpg|http://www.museumschina.cn/img/waterMark/2019-01-02-14-28-22/yipu/da/36/09/25/21800002/10000110/3609252180000210000110-B-0001_wm.jpg|http://www.museumschina.cn/img/waterMark/2019-01-02-14-28-22/yipu/da/36/09/25/21800002/10000110/3609252180000210000110-F-0001_wm.jpg
https://www.museumschina.cn/collection/details?id=afd2a6315fbc34503b40a3b3ce54d6e2d,http://www.museumschina.cn/img/waterMark/2019-01-02-14-28-22/yipu/da/42/01/16/21800036/10000340/4201162180003610000340-A-0001_wm.jpg,新石器时代陶网坠,-,陶器,新石器时代,三级,2000,单一/无机质/陶,http://www.museumschina.cn/img/waterMark/2019-01-02-14-28-22/yipu/da/42/01/16/21800036/10000340/4201162180003610000340-A-0001_wm.jpg|http://www.museumschina.cn/img/waterMark/2019-01-02-14-28-22/yipu/da/42/01/16/21800036/10000340/4201162180003610000340-B-0001_wm.jpg|http://www.museumschina.cn/img/waterMark/2019-01-02-14-28-22/yipu/da/42/01/16/21800036/10000340/4201162180003610000340-D-0001_wm.jpg|http://www.museumschina.cn/img/waterMark/2019-01-02-14-28-22/yipu/da/42/01/16/21800036/10000340/4201162180003610000340-F-0001_wm.jpg
https://www.museumschina.cn/collection/details?id=aff379d0c831649648d35b54d22e04a76,http://www.museumschina.cn/img/waterMark/2019-01-02-14-28-22/yipu/da/64/04/25/21800001/10000096/6404252180000110000096-A-0001_wm.jpg,新石器时代绳纹单耳红陶盉,宁夏回族自治区固原市彭阳县数字博物馆,陶器,新石器时代,二级,,单一/无机质/陶,http://www.museumschina.cn/img/waterMark/2019-01-02-14-28-22/yipu/da/64/04/25/21800001/10000096/6404252180000110000096-A-0001_wm.jpg|http://www.museumschina.cn/img/waterMark/2019-01-02-14-28-22/yipu/da/64/04/25/21800001/10000096/6404252180000110000096-B-0001_wm.jpg|http://www.museumschina.cn/img/waterMark/2019-01-02-14-28-22/yipu/da/64/04/25/21800001/10000096/6404252180000110000096-F-0001_wm.jpg
https://www.museumschina.cn/collection/details?id=afdcbea94a90b47f9b5e3b52a121fe244,http://www.museumschina.cn/img/waterMark/2019-01-02-14-28-22/yipu/da/45/12/81/21800004/10000070/4512812180000410000070-A-0001_wm.jpg,新石器时代细绳纹鱼篓形陶罐,广西壮族自治区河池市宜州市数字博物馆,陶器,新石器时代,三级,2003,单一/无机质/陶,http://www.museumschina.cn/img/waterMark/2019-01-02-14-28-22/yipu/da/45/12/81/21800004/10000070/4512812180000410000070-A-0001_wm.jpg|http://www.museumschina.cn/img/waterMark/2019-01-02-14-28-22/yipu/da/45/12/81/21800004/10000070/4512812180000410000070-A-0002_wm.jpg|http://www.museumschina.cn/img/waterMark/2019-01-02-14-28-22/yipu/da/45/12/81/21800004/10000070/4512812180000410000070-A-0003_wm.jpg|http://www.museumschina.cn/img/waterMark/2019-01-02-14-28-22/yipu/da/45/12/81/21800004/10000070/4512812180000410000070-A-0004_wm.jpg
https://www.museumschina.cn/collection/details?id=afb762b7010f44633bc7f34bd5331312f,http://www.museumschina.cn/img/waterMark/2019-01-02-14-28-22/yipu/da/42/10/87/21800002/10002556/4210872180000210002556-A-0001_wm.jpg,新石器时代大溪文化黑陶壶,松滋市博物馆,陶器,新石器时代,二级,1980,单一/无机质/陶,http://www.museumschina.cn/img/waterMark/2019-01-02-14-28-22/yipu/da/42/10/87/21800002/10002556/4210872180000210002556-A-0001_wm.jpg|http://www.museumschina.cn/img/waterMark/2019-01-02-14-28-22/yipu/da/42/10/87/21800002/10002556/4210872180000210002556-A-0002_wm.jpg|http://www.museumschina.cn/img/waterMark/2019-01-02-14-28-22/yipu/da/42/10/87/21800002/10002556/4210872180000210002556-A-0003_wm.jpg|http://www.museumschina.cn/img/waterMark/2019-01-02-14-28-22/yipu/da/42/10/87/21800002/10002556/4210872180000210002556-B-0001_wm.jpg|http://www.museumschina.cn/img/waterMark/2019-01-02-14-28-22/yipu/da/42/10/87/21800002/10002556/4210872180000210002556-F-0001_wm.jpg
https://www.museumschina.cn/collection/details?id=afc476934c9e1498b840e061c6893b17d,http://www.museumschina.cn/img/waterMark/2019-01-02-14-28-22/yipu/da/41/12/24/21800001/10003056/4112242180000110003056-A-0001_wm.jpg,新石器时代仰韶文化夹砂红陶缸,河南省三门峡市卢氏县数字博物馆,陶器,新石器时代,二级,1972,单一/无机质/陶,http://www.museumschina.cn/img/waterMark/2019-01-02-14-28-22/yipu/da/41/12/24/21800001/10003056/4112242180000110003056-A-0001_wm.jpg|http://www.museumschina.cn/img/waterMark/2019-01-02-14-28-22/yipu/da/41/12/24/21800001/10003056/4112242180000110003056-B-0001_wm.jpg|http://www.museumschina.cn/img/waterMark/2019-01-02-14-28-22/yipu/da/41/12/24/21800001/10003056/4112242180000110003056-F-0001_wm.jpg
https://www.museumschina.cn/collection/details?id=afd4d3d309d2d43b29f2e29b3b68fab2c,http://www.museumschina.cn/img/waterMark/2019-01-02-14-28-22/yipu/da/32/04/82/21800001/10007571/3204822180000110007571-A-0001_wm.jpg,新石器时代人面纹彩陶杯,金坛市博物馆,陶器,新石器时代,三级,2008,单一/无机质/陶,http://www.museumschina.cn/img/waterMark/2019-01-02-14-28-22/yipu/da/32/04/82/21800001/10007571/3204822180000110007571-A-0001_wm.jpg|http://www.museumschina.cn/img/waterMark/2019-01-02-14-28-22/yipu/da/32/04/82/21800001/10007571/3204822180000110007571-A-0002_wm.jpg
https://www.museumschina.cn/collection/details?id=afea3afbfc4174b29988f85f12a5139d0,http://www.museumschina.cn/img/waterMark/2019-01-02-14-28-22/yipu/da/63/02/22/21800001/10000056/6302222180000110000056-A-0001_wm.jpg,新石器时代马家窑文化半山类型四大圆圈纹双耳彩陶壶,民和回族土族自治县博物馆,陶器,新石器时代,一级,1990,单一/无机质/陶,http://www.museumschina.cn/img/waterMark/2019-01-02-14-28-22/yipu/da/63/02/22/21800001/10000056/6302222180000110000056-A-0001_wm.jpg|http://www.museumschina.cn/img/waterMark/2019-01-02-14-28-22/yipu/da/63/02/22/21800001/10000056/6302222180000110000056-A-0002_wm.jpg|http://www.museumschina.cn/img/waterMark/2019-01-02-14-28-22/yipu/da/63/02/22/21800001/10000056/6302222180000110000056-A-0003_wm.jpg|http://www.museumschina.cn/img/waterMark/2019-01-02-14-28-22/yipu/da/63/02/22/21800001/10000056/6302222180000110000056-A-0004_wm.jpg|http://www.museumschina.cn/img/waterMark/2019-01-02-14-28-22/yipu/da/63/02/22/21800001/10000056/6302222180000110000056-A-0005_wm.jpg|http://www.museumschina.cn/img/waterMark/2019-01-02-14-28-22/yipu/da/63/02/22/21800001/10000056/6302222180000110000056-A-0006_wm.jpg
https://www.museumschina.cn/collection/details?id=afd3d4f6d98cd49d591eee8dcfbfbeac3,http://www.museumschina.cn/img/waterMark/2019-01-02-14-28-22/yipu/da/63/02/21/21800001/10000085/6302212180000110000085-A-0001_wm.jpg,新石器时代马家窑文化马厂类型菱纹双耳彩陶罐,青海省海东市平安县数字博物馆,陶器,新石器时代,二级,1989,单一/无机质/陶,http://www.museumschina.cn/img/waterMark/2019-01-02-14-28-22/yipu/da/63/02/21/21800001/10000085/6302212180000110000085-A-0001_wm.jpg|http://www.museumschina.cn/img/waterMark/2019-01-02-14-28-22/yipu/da/63/02/21/21800001/10000085/6302212180000110000085-A-0002_wm.jpg|http://www.museumschina.cn/img/waterMark/2019-01-02-14-28-22/yipu/da/63/02/21/21800001/10000085/6302212180000110000085-A-0003_wm.jpg|http://www.museumschina.cn/img/waterMark/2019-01-02-14-28-22/yipu/da/63/02/21/21800001/10000085/6302212180000110000085-A-0004_wm.jpg|http://www.museumschina.cn/img/waterMark/2019-01-02-14-28-22/yipu/da/63/02/21/21800001/10000085/6302212180000110000085-A-0005_wm.jpg|http://www.museumschina.cn/img/waterMark/2019-01-02-14-28-22/yipu/da/63/02/21/21800001/10000085/6302212180000110000085-A-0006_wm.jpg
https://www.museumschina.cn/collection/details?id=afc1c284d3f7d4ba0b5d01104f5b8a582,http://www.museumschina.cn/img/waterMark/2019-01-02-14-28-22/yipu/da/52/01/11/21800002/10000025/5201112180000210000025-A-0001_wm.jpg,新石器时代陶抿,贵州省贵阳市花溪区数字博物馆,陶器,新石器时代,一般,2008,单一/无机质/陶,http://www.museumschina.cn/img/waterMark/2019-01-02-14-28-22/yipu/da/52/01/11/21800002/10000025/5201112180000210000025-A-0001_wm.jpg|http://www.museumschina.cn/img/waterMark/2019-01-02-14-28-22/yipu/da/52/01/11/21800002/10000025/5201112180000210000025-A-0002_wm.jpg|http://www.museumschina.cn/img/waterMark/2019-01-02-14-28-22/yipu/da/52/01/11/21800002/10000025/5201112180000210000025-B-0001_wm.jpg|http://www.museumschina.cn/img/waterMark/2019-01-02-14-28-22/yipu/da/52/01/11/21800002/10000025/5201112180000210000025-C-0001_wm.jpg
https://www.museumschina.cn/collection/details?id=afd77d61e66c141a7837b6ec0271c8c53,http://www.museumschina.cn/img/waterMark/2019-01-02-14-28-22/yipu/da/42/10/87/21800002/10002317/4210872180000210002317-A-0001_wm.jpg,新石器时代大溪文化彩陶直筒瓶,松滋市博物馆,陶器,新石器时代,二级,1980,单一/无机质/陶,http://www.museumschina.cn/img/waterMark/2019-01-02-14-28-22/yipu/da/42/10/87/21800002/10002317/4210872180000210002317-A-0001_wm.jpg|http://www.museumschina.cn/img/waterMark/2019-01-02-14-28-22/yipu/da/42/10/87/21800002/10002317/4210872180000210002317-A-0002_wm.jpg|http://www.museumschina.cn/img/waterMark/2019-01-02-14-28-22/yipu/da/42/10/87/21800002/10002317/4210872180000210002317-A-0003_wm.jpg|http://www.museumschina.cn/img/waterMark/2019-01-02-14-28-22/yipu/da/42/10/87/21800002/10002317/4210872180000210002317-B-0001_wm.jpg|http://www.museumschina.cn/img/waterMark/2019-01-02-14-28-22/yipu/da/42/10/87/21800002/10002317/4210872180000210002317-C-0001_wm.jpg|http://www.museumschina.cn/img/waterMark/2019-01-02-14-28-22/yipu/da/42/10/87/21800002/10002317/4210872180000210002317-D-0001_wm.jpg|http://www.museumschina.cn/img/waterMark/2019-01-02-14-28-22/yipu/da/42/10/87/21800002/10002317/4210872180000210002317-F-0001_wm.jpg
https://www.museumschina.cn/collection/details?id=af33e53e304ce4054884014f651d11631,http://www.museumschina.cn/img/waterMark/2019-01-02-14-28-22/yipu/da/32/03/82/21800001/10001072/3203822180000110001072-A-0001_wm.jpg,新石器时代彩陶壶,邳州博物馆,陶器,新石器时代,二级,1988,单一/无机质/陶,http://www.museumschina.cn/img/waterMark/2019-01-02-14-28-22/yipu/da/32/03/82/21800001/10001072/3203822180000110001072-A-0001_wm.jpg|http://www.museumschina.cn/img/waterMark/2019-01-02-14-28-22/yipu/da/32/03/82/21800001/10001072/3203822180000110001072-A-0002_wm.jpg
https://www.museumschina.cn/collection/details?id=af2e1627c52b749158af34cdaa9da81c3,http://www.museumschina.cn/img/waterMark/2019-01-02-14-28-22/yipu/da/42/13/21/21800009/10000092/4213212180000910000092-A-0001_wm.jpg,新石器时代陶纺轮,随县博物馆（随县考古队）,陶器,新石器时代,未定级,2013,单一/无机质/陶,http://www.museumschina.cn/img/waterMark/2019-01-02-14-28-22/yipu/da/42/13/21/21800009/10000092/4213212180000910000092-A-0001_wm.jpg|http://www.museumschina.cn/img/waterMark/2019-01-02-14-28-22/yipu/da/42/13/21/21800009/10000092/4213212180000910000092-C-0001_wm.jpg
https://www.museumschina.cn/collection/details?id=aF647127C322C45C6AB478768C68F348F,http://www.museumschina.cn/img/waterMark/2019-01-02-14-28-22/yipu/da/61/03/23/21800406/00002143/6103232180040600002143-A-0001_wm.jpg,新石器时代龙山文化双耳红陶罐,岐山县博物馆,陶器,新石器时代,二级,1958,单一/无机质/陶,http://www.museumschina.cn/img/waterMark/2019-01-02-14-28-22/yipu/da/61/03/23/21800406/00002143/6103232180040600002143-A-0001_wm.jpg|http://www.museumschina.cn/img/waterMark/2019-01-02-14-28-22/yipu/da/61/03/23/21800406/00002143/6103232180040600002143-B-0001_wm.jpg
https://www.museumschina.cn/collection/details?id=af29f15fb084b45b98d55929b2d8e882d,http://www.museumschina.cn/img/waterMark/2019-01-02-14-28-22/yipu/da/45/03/29/21800001/10001440/4503292180000110001440-A-0001_wm.jpg,新石器时代陶器高领口沿,广西壮族自治区桂林市资源县数字博物馆,陶器,新石器时代,未定级,2004,单一/无机质/陶,http://www.museumschina.cn/img/waterMark/2019-01-02-14-28-22/yipu/da/45/03/29/21800001/10001440/4503292180000110001440-A-0001_wm.jpg|http://www.museumschina.cn/img/waterMark/2019-01-02-14-28-22/yipu/da/45/03/29/21800001/10001440/4503292180000110001440-A-0002_wm.jpg
https://www.museumschina.cn/collection/details?id=af2f727850a004b209b9049745fe93381,http://www.museumschina.cn/img/waterMark/2019-01-02-14-28-22/yipu/da/41/10/24/21800002/10001017/4110242180000210001017-A-0001_wm.jpg,新石器时代仰韶文化三角纹彩陶罐,河南省许昌市鄢陵县数字博物馆,陶器,新石器时代,二级,1998,单一/无机质/陶,http://www.museumschina.cn/img/waterMark/2019-01-02-14-28-22/yipu/da/41/10/24/21800002/10001017/4110242180000210001017-A-0001_wm.jpg|http://www.museumschina.cn/img/waterMark/2019-01-02-14-28-22/yipu/da/41/10/24/21800002/10001017/4110242180000210001017-B-0001_wm.jpg|http://www.museumschina.cn/img/waterMark/2019-01-02-14-28-22/yipu/da/41/10/24/21800002/10001017/4110242180000210001017-D-0001_wm.jpg|http://www.museumschina.cn/img/waterMark/2019-01-02-14-28-22/yipu/da/41/10/24/21800002/10001017/4110242180000210001017-F-0001_wm.jpg
https://www.museumschina.cn/collection/details?id=aF683F3C5EF05456C91E192E2D904D7A4,http://www.museumschina.cn/img/waterMark/2019-01-02-14-28-22/yipu/da/37/02/13/21800011/00000090/3702132180001100000090-A-0001_wm.jpg,岳石文化灰陶罐,山东省青岛市李沧区数字博物馆,陶器,新石器时代,未定级,2003,单一/无机质/陶,http://www.museumschina.cn/img/waterMark/2019-01-02-14-28-22/yipu/da/37/02/13/21800011/00000090/3702132180001100000090-A-0001_wm.jpg|http://www.museumschina.cn/img/waterMark/2019-01-02-14-28-22/yipu/da/37/02/13/21800011/00000090/3702132180001100000090-B-0001_wm.jpg|http://www.museumschina.cn/img/waterMark/2019-01-02-14-28-22/yipu/da/37/02/13/21800011/00000090/3702132180001100000090-F-0001_wm.jpg
https://www.museumschina.cn/collection/details?id=aF7BBDEFD1E574CD586AC261CCF41D7AA,http://www.museumschina.cn/img/waterMark/2019-01-02-14-28-22/yipu/da/37/15/23/21800002/00000401/3715232180000200000401-A-0001_wm.jpg,新石器时代大汶口文化灰褐陶鼎,山东省聊城市茌平县数字博物馆,陶器,新石器时代,三级,1976,单一/无机质/陶,http://www.museumschina.cn/img/waterMark/2019-01-02-14-28-22/yipu/da/37/15/23/21800002/00000401/3715232180000200000401-A-0001_wm.jpg|http://www.museumschina.cn/img/waterMark/2019-01-02-14-28-22/yipu/da/37/15/23/21800002/00000401/3715232180000200000401-B-0001_wm.jpg|http://www.museumschina.cn/img/waterMark/2019-01-02-14-28-22/yipu/da/37/15/23/21800002/00000401/3715232180000200000401-C-0001_wm.jpg|http://www.museumschina.cn/img/waterMark/2019-01-02-14-28-22/yipu/da/37/15/23/21800002/00000401/3715232180000200000401-E-0001_wm.jpg|http://www.museumschina.cn/img/waterMark/2019-01-02-14-28-22/yipu/da/37/15/23/21800002/00000401/3715232180000200000401-E-0002_wm.jpg|http://www.museumschina.cn/img/waterMark/2019-01-02-14-28-22/yipu/da/37/15/23/21800002/00000401/3715232180000200000401-F-0001_wm.jpg
https://www.museumschina.cn/collection/details?id=af45bc5aabc284c5c92068257e25d06d7,http://www.museumschina.cn/img/waterMark/2019-01-02-14-28-22/yipu/da/42/90/04/21800002/10000441/4290042180000210000441-A-0001_wm.jpg,新石器时代彩绘陶纺轮,-,陶器,新石器时代,三级,1985,单一/无机质/陶,http://www.museumschina.cn/img/waterMark/2019-01-02-14-28-22/yipu/da/42/90/04/21800002/10000441/4290042180000210000441-A-0001_wm.jpg|http://www.museumschina.cn/img/waterMark/2019-01-02-14-28-22/yipu/da/42/90/04/21800002/10000441/4290042180000210000441-D-0001_wm.jpg|http://www.museumschina.cn/img/waterMark/2019-01-02-14-28-22/yipu/da/42/90/04/21800002/10000441/4290042180000210000441-F-0001_wm.jpg
https://www.museumschina.cn/collection/details?id=af97d3529e80745f9b2cee7ac44fc6a59,http://www.museumschina.cn/img/waterMark/2019-01-02-14-28-22/yipu/da/42/05/28/21800002/10003047/4205282180000210003047-A-0001_wm.jpg,新石器时代大溪文化橄榄形夹砂褐陶网坠,长阳土家族自治县博物馆,陶器,新石器时代,三级,2013,单一/无机质/陶,http://www.museumschina.cn/img/waterMark/2019-01-02-14-28-22/yipu/da/42/05/28/21800002/10003047/4205282180000210003047-A-0001_wm.jpg|http://www.museumschina.cn/img/waterMark/2019-01-02-14-28-22/yipu/da/42/05/28/21800002/10003047/4205282180000210003047-A-0002_wm.jpg|http://www.museumschina.cn/img/waterMark/2019-01-02-14-28-22/yipu/da/42/05/28/21800002/10003047/4205282180000210003047-C-0001_wm.jpg
https://www.museumschina.cn/collection/details?id=af9936054dbca4a19b10af6cfa03780af,http://www.museumschina.cn/img/waterMark/2019-01-02-14-28-22/yipu/da/41/04/81/21800001/10000030/4104812180000110000030-A-0001_wm.jpg,新石器时代红陶纺轮,舞钢市博物馆,陶器,新石器时代,三级,1984,单一/无机质/陶,http://www.museumschina.cn/img/waterMark/2019-01-02-14-28-22/yipu/da/41/04/81/21800001/10000030/4104812180000110000030-A-0001_wm.jpg|http://www.museumschina.cn/img/waterMark/2019-01-02-14-28-22/yipu/da/41/04/81/21800001/10000030/4104812180000110000030-A-0002_wm.jpg
https://www.museumschina.cn/collection/details?id=af714476a349d4dd8a76312f433a77c18,http://www.museumschina.cn/img/waterMark/2019-01-02-14-28-22/yipu/da/22/08/21/21800001/10003272/2208212180000110003272-A-0001_wm.jpg,新石器时代小陶碗,镇赉县博物馆,陶器,新石器时代,未定级,2009,单一/无机质/陶,http://www.museumschina.cn/img/waterMark/2019-01-02-14-28-22/yipu/da/22/08/21/21800001/10003272/2208212180000110003272-A-0001_wm.jpg|http://www.museumschina.cn/img/waterMark/2019-01-02-14-28-22/yipu/da/22/08/21/21800001/10003272/2208212180000110003272-A-0002_wm.jpg
https://www.museumschina.cn/collection/details?id=af29f15fb084b45b98d55929b2d8e882d,http://www.museumschina.cn/img/waterMark/2019-01-02-14-28-22/yipu/da/45/03/29/21800001/10001440/4503292180000110001440-A-0001_wm.jpg,新石器时代陶器高领口沿,广西壮族自治区桂林市资源县数字博物馆,陶器,新石器时代,未定级,2004,单一/无机质/陶,http://www.museumschina.cn/img/waterMark/2019-01-02-14-28-22/yipu/da/45/03/29/21800001/10001440/4503292180000110001440-A-0001_wm.jpg|http://www.museumschina.cn/img/waterMark/2019-01-02-14-28-22/yipu/da/45/03/29/21800001/10001440/4503292180000110001440-A-0002_wm.jpg
https://www.museumschina.cn/collection/details?id=af7383c95674747f39cce26192a8d02f3,http://www.museumschina.cn/img/waterMark/2019-01-02-14-28-22/yipu/da/42/13/21/21800009/10000087/4213212180000910000087-A-0002_wm.jpg,新石器时代灰陶纺轮,随县博物馆（随县考古队）,陶器,新石器时代,一般,2013,单一/无机质/陶,http://www.museumschina.cn/img/waterMark/2019-01-02-14-28-22/yipu/da/42/13/21/21800009/10000087/4213212180000910000087-A-0002_wm.jpg|http://www.museumschina.cn/img/waterMark/2019-01-02-14-28-22/yipu/da/42/13/21/21800009/10000087/4213212180000910000087-C-0001_wm.jpg
https://www.museumschina.cn/collection/details?id=af70a8d54769544b9ae906976bf8dbd8f,http://www.museumschina.cn/img/waterMark/2019-01-02-14-28-22/yipu/da/63/02/24/21800001/10000599/6302242180000110000599-A-0001_wm.jpg,新石器时代马家窑文化马厂类型四大圆圈彩陶壶,青海省海东市化隆回族自治县数字博物馆,陶器,新石器时代,二级,2000,单一/无机质/陶,http://www.museumschina.cn/img/waterMark/2019-01-02-14-28-22/yipu/da/63/02/24/21800001/10000599/6302242180000110000599-A-0001_wm.jpg|http://www.museumschina.cn/img/waterMark/2019-01-02-14-28-22/yipu/da/63/02/24/21800001/10000599/6302242180000110000599-A-0002_wm.jpg|http://www.museumschina.cn/img/waterMark/2019-01-02-14-28-22/yipu/da/63/02/24/21800001/10000599/6302242180000110000599-A-0003_wm.jpg|http://www.museumschina.cn/img/waterMark/2019-01-02-14-28-22/yipu/da/63/02/24/21800001/10000599/6302242180000110000599-A-0004_wm.jpg|http://www.museumschina.cn/img/waterMark/2019-01-02-14-28-22/yipu/da/63/02/24/21800001/10000599/6302242180000110000599-A-0005_wm.jpg|http://www.museumschina.cn/img/waterMark/2019-01-02-14-28-22/yipu/da/63/02/24/21800001/10000599/6302242180000110000599-A-0006_wm.jpg
https://www.museumschina.cn/collection/details?id=af54900d8e7ff474599ba342d5f2f99e6,http://www.museumschina.cn/img/waterMark/2019-01-02-14-28-22/yipu/da/64/03/24/21800001/10000407/6403242180000110000407-A-0001_wm.jpg,新石器时代菜园文化网格纹双耳彩陶罐,宁夏回族自治区吴忠市同心县数字博物馆,陶器,新石器时代,三级,,单一/无机质/陶,http://www.museumschina.cn/img/waterMark/2019-01-02-14-28-22/yipu/da/64/03/24/21800001/10000407/6403242180000110000407-A-0001_wm.jpg|http://www.museumschina.cn/img/waterMark/2019-01-02-14-28-22/yipu/da/64/03/24/21800001/10000407/6403242180000110000407-A-0002_wm.jpg|http://www.museumschina.cn/img/waterMark/2019-01-02-14-28-22/yipu/da/64/03/24/21800001/10000407/6403242180000110000407-A-0003_wm.jpg|http://www.museumschina.cn/img/waterMark/2019-01-02-14-28-22/yipu/da/64/03/24/21800001/10000407/6403242180000110000407-B-0001_wm.jpg|http://www.museumschina.cn/img/waterMark/2019-01-02-14-28-22/yipu/da/64/03/24/21800001/10000407/6403242180000110000407-C-0001_wm.jpg|http://www.museumschina.cn/img/waterMark/2019-01-02-14-28-22/yipu/da/64/03/24/21800001/10000407/6403242180000110000407-D-0001_wm.jpg|http://www.museumschina.cn/img/waterMark/2019-01-02-14-28-22/yipu/da/64/03/24/21800001/10000407/6403242180000110000407-E-0001_wm.jpg|http://www.museumschina.cn/img/waterMark/2019-01-02-14-28-22/yipu/da/64/03/24/21800001/10000407/6403242180000110000407-F-0001_wm.jpg
https://www.museumschina.cn/collection/details?id=aF7BBDEFD1E574CD586AC261CCF41D7AA,http://www.museumschina.cn/img/waterMark/2019-01-02-14-28-22/yipu/da/37/15/23/21800002/00000401/3715232180000200000401-A-0001_wm.jpg,新石器时代大汶口文化灰褐陶鼎,山东省聊城市茌平县数字博物馆,陶器,新石器时代,三级,1976,单一/无机质/陶,http://www.museumschina.cn/img/waterMark/2019-01-02-14-28-22/yipu/da/37/15/23/21800002/00000401/3715232180000200000401-A-0001_wm.jpg|http://www.museumschina.cn/img/waterMark/2019-01-02-14-28-22/yipu/da/37/15/23/21800002/00000401/3715232180000200000401-B-0001_wm.jpg|http://www.museumschina.cn/img/waterMark/2019-01-02-14-28-22/yipu/da/37/15/23/21800002/00000401/3715232180000200000401-C-0001_wm.jpg|http://www.museumschina.cn/img/waterMark/2019-01-02-14-28-22/yipu/da/37/15/23/21800002/00000401/3715232180000200000401-E-0001_wm.jpg|http://www.museumschina.cn/img/waterMark/2019-01-02-14-28-22/yipu/da/37/15/23/21800002/00000401/3715232180000200000401-E-0002_wm.jpg|http://www.museumschina.cn/img/waterMark/2019-01-02-14-28-22/yipu/da/37/15/23/21800002/00000401/3715232180000200000401-F-0001_wm.jpg
https://www.museumschina.cn/collection/details?id=af2e1627c52b749158af34cdaa9da81c3,http://www.museumschina.cn/img/waterMark/2019-01-02-14-28-22/yipu/da/42/13/21/21800009/10000092/4213212180000910000092-A-0001_wm.jpg,新石器时代陶纺轮,随县博物馆（随县考古队）,陶器,新石器时代,未定级,2013,单一/无机质/陶,http://www.museumschina.cn/img/waterMark/2019-01-02-14-28-22/yipu/da/42/13/21/21800009/10000092/4213212180000910000092-A-0001_wm.jpg|http://www.museumschina.cn/img/waterMark/2019-01-02-14-28-22/yipu/da/42/13/21/21800009/10000092/4213212180000910000092-C-0001_wm.jpg
https://www.museumschina.cn/collection/details?id=af96ba511cc8640dca21092d1f8320770,http://www.museumschina.cn/img/waterMark/2019-01-02-14-28-22/yipu/da/32/03/12/21800007/10000334/3203122180000710000334-A-0001_wm.jpg,新石器时代大汶口文化觚形陶杯,新沂市博物馆,陶器,新石器时代,三级,,单一/无机质/陶,http://www.museumschina.cn/img/waterMark/2019-01-02-14-28-22/yipu/da/32/03/12/21800007/10000334/3203122180000710000334-A-0001_wm.jpg|http://www.museumschina.cn/img/waterMark/2019-01-02-14-28-22/yipu/da/32/03/12/21800007/10000334/3203122180000710000334-A-0002_wm.jpg
https://www.museumschina.cn/collection/details?id=af51d6de157bc416b876c8cf25e4ef78a,http://www.museumschina.cn/img/waterMark/2019-01-02-14-28-22/yipu/da/36/09/25/21800002/10002094/3609252180000210002094-A-0001_wm.jpg,新石器时代晚期带把壶形陶鼎,靖安县博物馆,陶器,新石器时代,二级,1991,单一/无机质/陶,http://www.museumschina.cn/img/waterMark/2019-01-02-14-28-22/yipu/da/36/09/25/21800002/10002094/3609252180000210002094-A-0001_wm.jpg|http://www.museumschina.cn/img/waterMark/2019-01-02-14-28-22/yipu/da/36/09/25/21800002/10002094/3609252180000210002094-A-0002_wm.jpg|http://www.museumschina.cn/img/waterMark/2019-01-02-14-28-22/yipu/da/36/09/25/21800002/10002094/3609252180000210002094-A-0003_wm.jpg|http://www.museumschina.cn/img/waterMark/2019-01-02-14-28-22/yipu/da/36/09/25/21800002/10002094/3609252180000210002094-A-0004_wm.jpg|http://www.museumschina.cn/img/waterMark/2019-01-02-14-28-22/yipu/da/36/09/25/21800002/10002094/3609252180000210002094-B-0001_wm.jpg|http://www.museumschina.cn/img/waterMark/2019-01-02-14-28-22/yipu/da/36/09/25/21800002/10002094/3609252180000210002094-F-0001_wm.jpg
https://www.museumschina.cn/collection/details?id=aF647127C322C45C6AB478768C68F348F,http://www.museumschina.cn/img/waterMark/2019-01-02-14-28-22/yipu/da/61/03/23/21800406/00002143/6103232180040600002143-A-0001_wm.jpg,新石器时代龙山文化双耳红陶罐,岐山县博物馆,陶器,新石器时代,二级,1958,单一/无机质/陶,http://www.museumschina.cn/img/waterMark/2019-01-02-14-28-22/yipu/da/61/03/23/21800406/00002143/6103232180040600002143-A-0001_wm.jpg|http://www.museumschina.cn/img/waterMark/2019-01-02-14-28-22/yipu/da/61/03/23/21800406/00002143/6103232180040600002143-B-0001_wm.jpg
https://www.museumschina.cn/collection/details?id=aedba9efec269437c86cd500b9167cc33,http://www.museumschina.cn/img/waterMark/2019-01-02-14-28-22/yipu/da/64/04/22/21800001/10000078/6404222180000110000078-A-0001_wm.jpg,新石器时期马家窑文化长颈双耳螺旋纹彩陶瓶,西吉钱币博物馆,陶器,新石器时代,二级,1985,单一/无机质/陶,http://www.museumschina.cn/img/waterMark/2019-01-02-14-28-22/yipu/da/64/04/22/21800001/10000078/6404222180000110000078-A-0001_wm.jpg|http://www.museumschina.cn/img/waterMark/2019-01-02-14-28-22/yipu/da/64/04/22/21800001/10000078/6404222180000110000078-B-0001_wm.jpg|http://www.museumschina.cn/img/waterMark/2019-01-02-14-28-22/yipu/da/64/04/22/21800001/10000078/6404222180000110000078-C-0001_wm.jpg|http://www.museumschina.cn/img/waterMark/2019-01-02-14-28-22/yipu/da/64/04/22/21800001/10000078/6404222180000110000078-F-0001_wm.jpg
https://www.museumschina.cn/collection/details?id=aee48ef1609c045d19026fe9c9f6cebae,http://www.museumschina.cn/img/waterMark/2019-01-02-14-28-22/yipu/da/43/12/29/21900001/10000474/4312292190000110000474-A-0001_wm.jpg,新石器时代斗篷坡文化绳纹尖底陶罐,湖南省怀化市靖州苗族侗族自治县数字博物馆,陶器,新石器时代,三级,,单一/无机质/陶,http://www.museumschina.cn/img/waterMark/2019-01-02-14-28-22/yipu/da/43/12/29/21900001/10000474/4312292190000110000474-A-0001_wm.jpg|http://www.museumschina.cn/img/waterMark/2019-01-02-14-28-22/yipu/da/43/12/29/21900001/10000474/4312292190000110000474-A-0002_wm.jpg|http://www.museumschina.cn/img/waterMark/2019-01-02-14-28-22/yipu/da/43/12/29/21900001/10000474/4312292190000110000474-A-0003_wm.jpg|http://www.museumschina.cn/img/waterMark/2019-01-02-14-28-22/yipu/da/43/12/29/21900001/10000474/4312292190000110000474-A-0004_wm.jpg|http://www.museumschina.cn/img/waterMark/2019-01-02-14-28-22/yipu/da/43/12/29/21900001/10000474/4312292190000110000474-A-0005_wm.jpg
https://www.museumschina.cn/collection/details?id=aec2dac43904e466dad72e802787d3afc,http://www.museumschina.cn/img/yipu/da/42/06/07/21800005/10002180/4206072180000510002180-A-0001,新石器时代附加堆纹灰陶罐,湖北省襄阳市襄州区数字博物馆,陶器,新石器时代,未定级,2004,单一/无机质/陶,http://www.museumschina.cn/img/yipu/da/42/06/07/21800005/10002180/4206072180000510002180-A-0001|http://www.museumschina.cn/img/yipu/da/42/06/07/21800005/10002180/4206072180000510002180-A-0002|http://www.museumschina.cn/img/yipu/da/42/06/07/21800005/10002180/4206072180000510002180-A-0003|http://www.museumschina.cn/img/yipu/da/42/06/07/21800005/10002180/4206072180000510002180-A-0004
https://www.museumschina.cn/collection/details?id=aed0cd821b0af403492680addb8c7ffc8,http://www.museumschina.cn/img/waterMark/2019-01-02-14-28-22/yipu/da/64/04/23/21800001/10000024/6404232180000110000024-A-0001_wm.jpg,新石器时代双耳彩陶瓶,宁夏回族自治区固原市隆德县数字博物馆,陶器,新石器时代,二级,1985,单一/无机质/陶,http://www.museumschina.cn/img/waterMark/2019-01-02-14-28-22/yipu/da/64/04/23/21800001/10000024/6404232180000110000024-A-0001_wm.jpg|http://www.museumschina.cn/img/waterMark/2019-01-02-14-28-22/yipu/da/64/04/23/21800001/10000024/6404232180000110000024-B-0001_wm.jpg|http://www.museumschina.cn/img/waterMark/2019-01-02-14-28-22/yipu/da/64/04/23/21800001/10000024/6404232180000110000024-C-0001_wm.jpg|http://www.museumschina.cn/img/waterMark/2019-01-02-14-28-22/yipu/da/64/04/23/21800001/10000024/6404232180000110000024-D-0001_wm.jpg|http://www.museumschina.cn/img/waterMark/2019-01-02-14-28-22/yipu/da/64/04/23/21800001/10000024/6404232180000110000024-E-0001_wm.jpg|http://www.museumschina.cn/img/waterMark/2019-01-02-14-28-22/yipu/da/64/04/23/21800001/10000024/6404232180000110000024-F-0001_wm.jpg
https://www.museumschina.cn/collection/details?id=aEB2D525F93124B41984B4B558F876832,http://www.museumschina.cn/img/waterMark/2019-01-02-14-28-22/yipu/da/61/06/26/11800116/00000028/6106261180011600000028-A-0001_wm.jpg,龙山文化单耳泥质红陶瓶,陕西省数字博物馆,陶器,新石器时代,三级,1986,单一/无机质/陶,http://www.museumschina.cn/img/waterMark/2019-01-02-14-28-22/yipu/da/61/06/26/11800116/00000028/6106261180011600000028-A-0001_wm.jpg|http://www.museumschina.cn/img/waterMark/2019-01-02-14-28-22/yipu/da/61/06/26/11800116/00000028/6106261180011600000028-C-0001_wm.jpg|http://www.museumschina.cn/img/waterMark/2019-01-02-14-28-22/yipu/da/61/06/26/11800116/00000028/6106261180011600000028-D-0001_wm.jpg
https://www.museumschina.cn/collection/details?id=aF1C72FD52F6A41D8BF8D9E6D183BC94F,http://www.museumschina.cn/img/waterMark/2019-01-02-14-28-22/yipu/da/61/06/31/21800095/00001416/6106312180009500001416-A-0001_wm.jpg,新石器时代红陶罐,陕西省数字博物馆,陶器,新石器时代,三级,1984,单一/无机质/陶,http://www.museumschina.cn/img/waterMark/2019-01-02-14-28-22/yipu/da/61/06/31/21800095/00001416/6106312180009500001416-A-0001_wm.jpg|http://www.museumschina.cn/img/waterMark/2019-01-02-14-28-22/yipu/da/61/06/31/21800095/00001416/6106312180009500001416-B-0001_wm.jpg|http://www.museumschina.cn/img/waterMark/2019-01-02-14-28-22/yipu/da/61/06/31/21800095/00001416/6106312180009500001416-C-0001_wm.jpg|http://www.museumschina.cn/img/waterMark/2019-01-02-14-28-22/yipu/da/61/06/31/21800095/00001416/6106312180009500001416-D-0001_wm.jpg
https://www.museumschina.cn/collection/details?id=aF244B5A8D2EC4CFA88B50255DBCB3389,http://www.museumschina.cn/img/waterMark/2019-01-02-14-28-22/yipu/da/61/06/24/21800076/00001493/6106242180007600001493-A-0001_wm.jpg,新石器时代小陶罐,陕西省数字博物馆,陶器,新石器时代,三级,1991,单一/无机质/陶,http://www.museumschina.cn/img/waterMark/2019-01-02-14-28-22/yipu/da/61/06/24/21800076/00001493/6106242180007600001493-A-0001_wm.jpg|http://www.museumschina.cn/img/waterMark/2019-01-02-14-28-22/yipu/da/61/06/24/21800076/00001493/6106242180007600001493-B-0001_wm.jpg|http://www.museumschina.cn/img/waterMark/2019-01-02-14-28-22/yipu/da/61/06/24/21800076/00001493/6106242180007600001493-C-0001_wm.jpg
https://www.museumschina.cn/collection/details?id=aedbd5cdcd0e64fceb6adcef6179b8596,http://www.museumschina.cn/img/waterMark/2019-01-02-14-28-22/yipu/da/64/04/23/21800001/10000173/6404232180000110000173-A-0001_wm.jpg,新石器时代红陶盆,宁夏回族自治区固原市隆德县数字博物馆,陶器,新石器时代,三级,1989,单一/无机质/陶,http://www.museumschina.cn/img/waterMark/2019-01-02-14-28-22/yipu/da/64/04/23/21800001/10000173/6404232180000110000173-A-0001_wm.jpg|http://www.museumschina.cn/img/waterMark/2019-01-02-14-28-22/yipu/da/64/04/23/21800001/10000173/6404232180000110000173-B-0001_wm.jpg|http://www.museumschina.cn/img/waterMark/2019-01-02-14-28-22/yipu/da/64/04/23/21800001/10000173/6404232180000110000173-C-0001_wm.jpg|http://www.museumschina.cn/img/waterMark/2019-01-02-14-28-22/yipu/da/64/04/23/21800001/10000173/6404232180000110000173-D-0001_wm.jpg|http://www.museumschina.cn/img/waterMark/2019-01-02-14-28-22/yipu/da/64/04/23/21800001/10000173/6404232180000110000173-E-0001_wm.jpg|http://www.museumschina.cn/img/waterMark/2019-01-02-14-28-22/yipu/da/64/04/23/21800001/10000173/6404232180000110000173-F-0001_wm.jpg
https://www.museumschina.cn/collection/details?id=aed0cd821b0af403492680addb8c7ffc8,http://www.museumschina.cn/img/waterMark/2019-01-02-14-28-22/yipu/da/64/04/23/21800001/10000024/6404232180000110000024-A-0001_wm.jpg,新石器时代双耳彩陶瓶,宁夏回族自治区固原市隆德县数字博物馆,陶器,新石器时代,二级,1985,单一/无机质/陶,http://www.museumschina.cn/img/waterMark/2019-01-02-14-28-22/yipu/da/64/04/23/21800001/10000024/6404232180000110000024-A-0001_wm.jpg|http://www.museumschina.cn/img/waterMark/2019-01-02-14-28-22/yipu/da/64/04/23/21800001/10000024/6404232180000110000024-B-0001_wm.jpg|http://www.museumschina.cn/img/waterMark/2019-01-02-14-28-22/yipu/da/64/04/23/21800001/10000024/6404232180000110000024-C-0001_wm.jpg|http://www.museumschina.cn/img/waterMark/2019-01-02-14-28-22/yipu/da/64/04/23/21800001/10000024/6404232180000110000024-D-0001_wm.jpg|http://www.museumschina.cn/img/waterMark/2019-01-02-14-28-22/yipu/da/64/04/23/21800001/10000024/6404232180000110000024-E-0001_wm.jpg|http://www.museumschina.cn/img/waterMark/2019-01-02-14-28-22/yipu/da/64/04/23/21800001/10000024/6404232180000110000024-F-0001_wm.jpg
https://www.museumschina.cn/collection/details?id=aF1C72FD52F6A41D8BF8D9E6D183BC94F,http://www.museumschina.cn/img/waterMark/2019-01-02-14-28-22/yipu/da/61/06/31/21800095/00001416/6106312180009500001416-A-0001_wm.jpg,新石器时代红陶罐,陕西省数字博物馆,陶器,新石器时代,三级,1984,单一/无机质/陶,http://www.museumschina.cn/img/waterMark/2019-01-02-14-28-22/yipu/da/61/06/31/21800095/00001416/6106312180009500001416-A-0001_wm.jpg|http://www.museumschina.cn/img/waterMark/2019-01-02-14-28-22/yipu/da/61/06/31/21800095/00001416/6106312180009500001416-B-0001_wm.jpg|http://www.museumschina.cn/img/waterMark/2019-01-02-14-28-22/yipu/da/61/06/31/21800095/00001416/6106312180009500001416-C-0001_wm.jpg|http://www.museumschina.cn/img/waterMark/2019-01-02-14-28-22/yipu/da/61/06/31/21800095/00001416/6106312180009500001416-D-0001_wm.jpg
https://www.museumschina.cn/collection/details?id=aee9a6f927e584fdc8844dbfcbb7412f2,http://www.museumschina.cn/img/waterMark/2019-01-02-14-28-22/yipu/da/41/04/25/21800001/10001929/4104252180000110001929-A-0001_wm.jpg,新石器时代裴李岗文化双系圜底灰陶罐,河南省平顶山市数字博物馆,陶器,新石器时代,一级,1985,单一/无机质/陶,http://www.museumschina.cn/img/waterMark/2019-01-02-14-28-22/yipu/da/41/04/25/21800001/10001929/4104252180000110001929-A-0001_wm.jpg|http://www.museumschina.cn/img/waterMark/2019-01-02-14-28-22/yipu/da/41/04/25/21800001/10001929/4104252180000110001929-A-0002_wm.jpg|http://www.museumschina.cn/img/waterMark/2019-01-02-14-28-22/yipu/da/41/04/25/21800001/10001929/4104252180000110001929-A-0003_wm.jpg|http://www.museumschina.cn/img/waterMark/2019-01-02-14-28-22/yipu/da/41/04/25/21800001/10001929/4104252180000110001929-A-0004_wm.jpg|http://www.museumschina.cn/img/waterMark/2019-01-02-14-28-22/yipu/da/41/04/25/21800001/10001929/4104252180000110001929-A-0005_wm.jpg|http://www.museumschina.cn/img/waterMark/2019-01-02-14-28-22/yipu/da/41/04/25/21800001/10001929/4104252180000110001929-A-0006_wm.jpg|http://www.museumschina.cn/img/waterMark/2019-01-02-14-28-22/yipu/da/41/04/25/21800001/10001929/4104252180000110001929-A-0007_wm.jpg
https://www.museumschina.cn/collection/details?id=ae8a9f48dc90c448396be5a2ae8f6d14a,http://www.museumschina.cn/img/waterMark/2019-01-02-14-28-22/yipu/da/42/11/02/21800011/10002234/4211022180001110002234-A-0001_wm.jpg,新石器时代陶曲腹杯,-,陶器,新石器时代,一级,1985,单一/无机质/陶,http://www.museumschina.cn/img/waterMark/2019-01-02-14-28-22/yipu/da/42/11/02/21800011/10002234/4211022180001110002234-A-0001_wm.jpg|http://www.museumschina.cn/img/waterMark/2019-01-02-14-28-22/yipu/da/42/11/02/21800011/10002234/4211022180001110002234-E-0001_wm.jpg
https://www.museumschina.cn/collection/details?id=ae785157b8d234550916e8068dcc4b46a,http://www.museumschina.cn/img/waterMark/2019-01-02-14-28-22/yipu/da/34/17/21/21800001/10000221/3417212180000110000221-A-0001_wm.jpg,新石器时代柱状红陶网坠,安徽省池州市东至县数字博物馆,陶器,新石器时代,一般,,单一/无机质/陶,http://www.museumschina.cn/img/waterMark/2019-01-02-14-28-22/yipu/da/34/17/21/21800001/10000221/3417212180000110000221-A-0001_wm.jpg|http://www.museumschina.cn/img/waterMark/2019-01-02-14-28-22/yipu/da/34/17/21/21800001/10000221/3417212180000110000221-A-0002_wm.jpg|http://www.museumschina.cn/img/waterMark/2019-01-02-14-28-22/yipu/da/34/17/21/21800001/10000221/3417212180000110000221-A-0003_wm.jpg|http://www.museumschina.cn/img/waterMark/2019-01-02-14-28-22/yipu/da/34/17/21/21800001/10000221/3417212180000110000221-A-0004_wm.jpg|http://www.museumschina.cn/img/waterMark/2019-01-02-14-28-22/yipu/da/34/17/21/21800001/10000221/3417212180000110000221-A-0005_wm.jpg|http://www.museumschina.cn/img/waterMark/2019-01-02-14-28-22/yipu/da/34/17/21/21800001/10000221/3417212180000110000221-A-0006_wm.jpg|http://www.museumschina.cn/img/waterMark/2019-01-02-14-28-22/yipu/da/34/17/21/21800001/10000221/3417212180000110000221-A-0007_wm.jpg
https://www.museumschina.cn/collection/details?id=aea0a2aec188f49129f683048cdbd6a45,http://www.museumschina.cn/img/waterMark/2019-01-02-14-28-22/yipu/da/64/04/23/21800001/10000017/6404232180000110000017-A-0001_wm.jpg,新石器时代双耳红陶罐,宁夏回族自治区固原市隆德县数字博物馆,陶器,新石器时代,三级,1986,单一/无机质/陶,http://www.museumschina.cn/img/waterMark/2019-01-02-14-28-22/yipu/da/64/04/23/21800001/10000017/6404232180000110000017-A-0001_wm.jpg|http://www.museumschina.cn/img/waterMark/2019-01-02-14-28-22/yipu/da/64/04/23/21800001/10000017/6404232180000110000017-B-0001_wm.jpg|http://www.museumschina.cn/img/waterMark/2019-01-02-14-28-22/yipu/da/64/04/23/21800001/10000017/6404232180000110000017-C-0001_wm.jpg|http://www.museumschina.cn/img/waterMark/2019-01-02-14-28-22/yipu/da/64/04/23/21800001/10000017/6404232180000110000017-D-0001_wm.jpg|http://www.museumschina.cn/img/waterMark/2019-01-02-14-28-22/yipu/da/64/04/23/21800001/10000017/6404232180000110000017-E-0001_wm.jpg|http://www.museumschina.cn/img/waterMark/2019-01-02-14-28-22/yipu/da/64/04/23/21800001/10000017/6404232180000110000017-F-0001_wm.jpg
https://www.museumschina.cn/collection/details?id=ae9278fbbf62a4c61a94efb0d27e1853b,http://www.museumschina.cn/img/waterMark/2019-01-02-14-28-22/yipu/da/64/03/03/21800001/10000126/6403032180000110000126-A-0001_wm.jpg,新石器时代双耳红陶罐,宁夏回族自治区吴忠市红寺堡区数字博物馆,陶器,新石器时代,一般,2011,单一/无机质/陶,http://www.museumschina.cn/img/waterMark/2019-01-02-14-28-22/yipu/da/64/03/03/21800001/10000126/6403032180000110000126-A-0001_wm.jpg|http://www.museumschina.cn/img/waterMark/2019-01-02-14-28-22/yipu/da/64/03/03/21800001/10000126/6403032180000110000126-B-0001_wm.jpg|http://www.museumschina.cn/img/waterMark/2019-01-02-14-28-22/yipu/da/64/03/03/21800001/10000126/6403032180000110000126-C-0001_wm.jpg|http://www.museumschina.cn/img/waterMark/2019-01-02-14-28-22/yipu/da/64/03/03/21800001/10000126/6403032180000110000126-D-0001_wm.jpg|http://www.museumschina.cn/img/waterMark/2019-01-02-14-28-22/yipu/da/64/03/03/21800001/10000126/6403032180000110000126-E-0001_wm.jpg|http://www.museumschina.cn/img/waterMark/2019-01-02-14-28-22/yipu/da/64/03/03/21800001/10000126/6403032180000110000126-F-0001_wm.jpg
https://www.museumschina.cn/collection/details?id=ae9e9acba5e00403c839767ef18d8ec2c,http://www.museumschina.cn/img/waterMark/2019-01-02-14-28-22/yipu/da/43/12/29/21900001/10001119/4312292190000110001119-A-0001_wm.jpg,新石器时代斗篷坡文化喇叭形绳纹陶纺轮,湖南省怀化市靖州苗族侗族自治县数字博物馆,陶器,新石器时代,三级,,单一/无机质/陶,http://www.museumschina.cn/img/waterMark/2019-01-02-14-28-22/yipu/da/43/12/29/21900001/10001119/4312292190000110001119-A-0001_wm.jpg|http://www.museumschina.cn/img/waterMark/2019-01-02-14-28-22/yipu/da/43/12/29/21900001/10001119/4312292190000110001119-A-0002_wm.jpg
https://www.museumschina.cn/collection/details?id=aea8202a5857b41b482a2f21ab231f5e4,http://www.museumschina.cn/img/waterMark/2019-01-02-14-28-22/yipu/da/43/12/81/21900001/10000135/4312812190000110000135-A-0001_wm.jpg,新石器时代高庙文化戳印几何纹陶盘,湖南省怀化市洪江市数字博物馆,陶器,新石器时代,三级,,单一/无机质/陶,http://www.museumschina.cn/img/waterMark/2019-01-02-14-28-22/yipu/da/43/12/81/21900001/10000135/4312812190000110000135-A-0001_wm.jpg|http://www.museumschina.cn/img/waterMark/2019-01-02-14-28-22/yipu/da/43/12/81/21900001/10000135/4312812190000110000135-A-0002_wm.jpg|http://www.museumschina.cn/img/waterMark/2019-01-02-14-28-22/yipu/da/43/12/81/21900001/10000135/4312812190000110000135-A-0003_wm.jpg|http://www.museumschina.cn/img/waterMark/2019-01-02-14-28-22/yipu/da/43/12/81/21900001/10000135/4312812190000110000135-A-0004_wm.jpg|http://www.museumschina.cn/img/waterMark/2019-01-02-14-28-22/yipu/da/43/12/81/21900001/10000135/4312812190000110000135-A-0005_wm.jpg
https://www.museumschina.cn/collection/details?id=ae8813b509a434cfe8b54bd150a2afbd0,http://www.museumschina.cn/img/waterMark/2019-01-02-14-28-22/yipu/da/43/31/25/21800001/10001110/4331252180000110001110-A-0001_wm.jpg,新石时代陶纺轮,湖南省湘西土家族苗族自治州保靖县数字博物馆,陶器,新石器时代,三级,1990,单一/无机质/陶,http://www.museumschina.cn/img/waterMark/2019-01-02-14-28-22/yipu/da/43/31/25/21800001/10001110/4331252180000110001110-A-0001_wm.jpg|http://www.museumschina.cn/img/waterMark/2019-01-02-14-28-22/yipu/da/43/31/25/21800001/10001110/4331252180000110001110-A-0002_wm.jpg|http://www.museumschina.cn/img/waterMark/2019-01-02-14-28-22/yipu/da/43/31/25/21800001/10001110/4331252180000110001110-A-0003_wm.jpg|http://www.museumschina.cn/img/waterMark/2019-01-02-14-28-22/yipu/da/43/31/25/21800001/10001110/4331252180000110001110-A-0004_wm.jpg|http://www.museumschina.cn/img/waterMark/2019-01-02-14-28-22/yipu/da/43/31/25/21800001/10001110/4331252180000110001110-A-0005_wm.jpg
https://www.museumschina.cn/collection/details?id=ae74724a4a88748ca989232ba59762a8e,http://www.museumschina.cn/img/waterMark/2019-01-02-14-28-22/yipu/da/64/04/22/21800001/10000548/6404222180000110000548-A-0001_wm.jpg,新石器齐家文化单耳红陶罐,西吉钱币博物馆,陶器,新石器时代,三级,1986,单一/无机质/陶,http://www.museumschina.cn/img/waterMark/2019-01-02-14-28-22/yipu/da/64/04/22/21800001/10000548/6404222180000110000548-A-0001_wm.jpg|http://www.museumschina.cn/img/waterMark/2019-01-02-14-28-22/yipu/da/64/04/22/21800001/10000548/6404222180000110000548-B-0001_wm.jpg|http://www.museumschina.cn/img/waterMark/2019-01-02-14-28-22/yipu/da/64/04/22/21800001/10000548/6404222180000110000548-C-0001_wm.jpg|http://www.museumschina.cn/img/waterMark/2019-01-02-14-28-22/yipu/da/64/04/22/21800001/10000548/6404222180000110000548-F-0001_wm.jpg
https://www.museumschina.cn/collection/details?id=ae5adc1b212ae49008cada9691b9763ab,http://www.museumschina.cn/img/waterMark/2019-01-02-14-28-22/yipu/da/43/06/23/21800001/10000030/4306232180000110000030-A-0001_wm.jpg,新石器时代薄胎红陶杯,湖南省岳阳市华容县数字博物馆,陶器,新石器时代,三级,2000,单一/无机质/泥,http://www.museumschina.cn/img/waterMark/2019-01-02-14-28-22/yipu/da/43/06/23/21800001/10000030/4306232180000110000030-A-0001_wm.jpg|http://www.museumschina.cn/img/waterMark/2019-01-02-14-28-22/yipu/da/43/06/23/21800001/10000030/4306232180000110000030-A-0002_wm.jpg|http://www.museumschina.cn/img/waterMark/2019-01-02-14-28-22/yipu/da/43/06/23/21800001/10000030/4306232180000110000030-A-0003_wm.jpg|http://www.museumschina.cn/img/waterMark/2019-01-02-14-28-22/yipu/da/43/06/23/21800001/10000030/4306232180000110000030-A-0004_wm.jpg
https://www.museumschina.cn/collection/details?id=adc8c0798f5d74d6d8751c0a120761820,http://www.museumschina.cn/img/waterMark/2019-01-02-14-28-22/yipu/da/45/13/21/21800001/10000233/4513212180000110000233-A-0001_wm.jpg,新石器细绳纹波浪纹陶釜,忻城土司博物馆,陶器,新石器时代,二级,1990,单一/无机质/陶,http://www.museumschina.cn/img/waterMark/2019-01-02-14-28-22/yipu/da/45/13/21/21800001/10000233/4513212180000110000233-A-0001_wm.jpg
https://www.museumschina.cn/collection/details?id=aDD5503F776744CAE934FB8AB396E1780,http://www.museumschina.cn/img/waterMark/2019-01-02-14-28-22/yipu/da/61/03/26/21800399/00002347/6103262180039900002347-A-0001_wm.jpg,新石器时代红陶葫芒瓶,眉县博物馆,陶器,新石器时代,二级,1983,单一/无机质/陶,http://www.museumschina.cn/img/waterMark/2019-01-02-14-28-22/yipu/da/61/03/26/21800399/00002347/6103262180039900002347-A-0001_wm.jpg|http://www.museumschina.cn/img/waterMark/2019-01-02-14-28-22/yipu/da/61/03/26/21800399/00002347/6103262180039900002347-A-0002_wm.jpg
https://www.museumschina.cn/collection/details?id=ade5094acfc914aff95a71f28c3184a54,http://www.museumschina.cn/img/waterMark/2019-01-02-14-28-22/yipu/da/32/03/12/21800007/10000251/3203122180000710000251-A-0001_wm.jpg,新石器时代大汶口文化四系带盖灰陶罐,新沂市博物馆,陶器,新石器时代,三级,,单一/无机质/陶,http://www.museumschina.cn/img/waterMark/2019-01-02-14-28-22/yipu/da/32/03/12/21800007/10000251/3203122180000710000251-A-0001_wm.jpg
https://www.museumschina.cn/collection/details?id=adcae24ecfa9c4d349215c02bae08f61e,http://www.museumschina.cn/img/waterMark/2019-01-02-14-28-22/yipu/da/43/12/29/21900001/10003050/4312292190000110003050-A-0001_wm.jpg,新石器时代斗篷坡文化陶壶,湖南省怀化市靖州苗族侗族自治县数字博物馆,陶器,新石器时代,三级,1990,单一/无机质/陶,http://www.museumschina.cn/img/waterMark/2019-01-02-14-28-22/yipu/da/43/12/29/21900001/10003050/4312292190000110003050-A-0001_wm.jpg|http://www.museumschina.cn/img/waterMark/2019-01-02-14-28-22/yipu/da/43/12/29/21900001/10003050/4312292190000110003050-A-0002_wm.jpg|http://www.museumschina.cn/img/waterMark/2019-01-02-14-28-22/yipu/da/43/12/29/21900001/10003050/4312292190000110003050-A-0003_wm.jpg|http://www.museumschina.cn/img/waterMark/2019-01-02-14-28-22/yipu/da/43/12/29/21900001/10003050/4312292190000110003050-A-0004_wm.jpg|http://www.museumschina.cn/img/waterMark/2019-01-02-14-28-22/yipu/da/43/12/29/21900001/10003050/4312292190000110003050-A-0005_wm.jpg|http://www.museumschina.cn/img/waterMark/2019-01-02-14-28-22/yipu/da/43/12/29/21900001/10003050/4312292190000110003050-A-0006_wm.jpg
https://www.museumschina.cn/collection/details?id=adc5a788b9f0b4ca1adfe449b7a4eebb6,http://www.museumschina.cn/img/waterMark/2019-01-02-14-28-22/yipu/da/63/22/23/21800003/10000144/6322232180000310000144-A-0001_wm.jpg,新石器时代马家窑文化马厂类型折线纹彩陶壶,海晏县西海郡博物馆,陶器,新石器时代,未定级,2014,单一/无机质/陶,http://www.museumschina.cn/img/waterMark/2019-01-02-14-28-22/yipu/da/63/22/23/21800003/10000144/6322232180000310000144-A-0001_wm.jpg|http://www.museumschina.cn/img/waterMark/2019-01-02-14-28-22/yipu/da/63/22/23/21800003/10000144/6322232180000310000144-A-0002_wm.jpg|http://www.museumschina.cn/img/waterMark/2019-01-02-14-28-22/yipu/da/63/22/23/21800003/10000144/6322232180000310000144-A-0003_wm.jpg|http://www.museumschina.cn/img/waterMark/2019-01-02-14-28-22/yipu/da/63/22/23/21800003/10000144/6322232180000310000144-A-0004_wm.jpg|http://www.museumschina.cn/img/waterMark/2019-01-02-14-28-22/yipu/da/63/22/23/21800003/10000144/6322232180000310000144-A-0005_wm.jpg|http://www.museumschina.cn/img/waterMark/2019-01-02-14-28-22/yipu/da/63/22/23/21800003/10000144/6322232180000310000144-A-0006_wm.jpg
https://www.museumschina.cn/collection/details?id=addd41d5f03514090953929ebb2e661ac,http://www.museumschina.cn/img/waterMark/2019-01-02-14-28-22/yipu/da/41/12/24/21800001/10003084/4112242180000110003084-A-0001_wm.jpg,新石器时代龙山文化蓝纹灰陶單,河南省三门峡市卢氏县数字博物馆,陶器,新石器时代,二级,1981,单一/无机质/陶,http://www.museumschina.cn/img/waterMark/2019-01-02-14-28-22/yipu/da/41/12/24/21800001/10003084/4112242180000110003084-A-0001_wm.jpg|http://www.museumschina.cn/img/waterMark/2019-01-02-14-28-22/yipu/da/41/12/24/21800001/10003084/4112242180000110003084-B-0001_wm.jpg|http://www.museumschina.cn/img/waterMark/2019-01-02-14-28-22/yipu/da/41/12/24/21800001/10003084/4112242180000110003084-F-0001_wm.jpg
https://www.museumschina.cn/collection/details?id=ade1cf41a77df41fdbdc5ce7ad1a64abe,http://www.museumschina.cn/img/waterMark/2019-01-02-14-28-22/yipu/da/36/09/25/21800002/10001697/3609252180000210001697-A-0001_wm.jpg,新石器时代晚期黑衣陶豆,靖安县博物馆,陶器,新石器时代,三级,1982,单一/无机质/陶,http://www.museumschina.cn/img/waterMark/2019-01-02-14-28-22/yipu/da/36/09/25/21800002/10001697/3609252180000210001697-A-0001_wm.jpg|http://www.museumschina.cn/img/waterMark/2019-01-02-14-28-22/yipu/da/36/09/25/21800002/10001697/3609252180000210001697-A-0002_wm.jpg|http://www.museumschina.cn/img/waterMark/2019-01-02-14-28-22/yipu/da/36/09/25/21800002/10001697/3609252180000210001697-B-0001_wm.jpg|http://www.museumschina.cn/img/waterMark/2019-01-02-14-28-22/yipu/da/36/09/25/21800002/10001697/3609252180000210001697-F-0001_wm.jpg
https://www.museumschina.cn/collection/details?id=adf49c2c67bc7440ba8e65c14e871f61f,http://www.museumschina.cn/img/waterMark/2019-01-02-14-28-22/yipu/da/42/02/04/21800002/10005557/4202042180000210005557-A-0001_wm.jpg,新石器时代陶纺轮,-,陶器,新石器时代,三级,2004,单一/无机质/陶,http://www.museumschina.cn/img/waterMark/2019-01-02-14-28-22/yipu/da/42/02/04/21800002/10005557/4202042180000210005557-A-0001_wm.jpg|http://www.museumschina.cn/img/waterMark/2019-01-02-14-28-22/yipu/da/42/02/04/21800002/10005557/4202042180000210005557-A-0002_wm.jpg
https://www.museumschina.cn/collection/details?id=adf49c2c67bc7440ba8e65c14e871f61f,http://www.museumschina.cn/img/waterMark/2019-01-02-14-28-22/yipu/da/42/02/04/21800002/10005557/4202042180000210005557-A-0001_wm.jpg,新石器时代陶纺轮,-,陶器,新石器时代,三级,2004,单一/无机质/陶,http://www.museumschina.cn/img/waterMark/2019-01-02-14-28-22/yipu/da/42/02/04/21800002/10005557/4202042180000210005557-A-0001_wm.jpg|http://www.museumschina.cn/img/waterMark/2019-01-02-14-28-22/yipu/da/42/02/04/21800002/10005557/4202042180000210005557-A-0002_wm.jpg
https://www.museumschina.cn/collection/details?id=ae3309c030757457c9ce733ff4c61f190,http://www.museumschina.cn/img/waterMark/2019-01-02-14-28-22/yipu/da/64/03/24/21800001/10000402/6403242180000110000402-A-0001_wm.jpg,新石器时代菜园文化斜线纹双耳彩陶碗,宁夏回族自治区吴忠市同心县数字博物馆,陶器,新石器时代,三级,,单一/无机质/陶,http://www.museumschina.cn/img/waterMark/2019-01-02-14-28-22/yipu/da/64/03/24/21800001/10000402/6403242180000110000402-A-0001_wm.jpg|http://www.museumschina.cn/img/waterMark/2019-01-02-14-28-22/yipu/da/64/03/24/21800001/10000402/6403242180000110000402-A-0002_wm.jpg|http://www.museumschina.cn/img/waterMark/2019-01-02-14-28-22/yipu/da/64/03/24/21800001/10000402/6403242180000110000402-A-0003_wm.jpg|http://www.museumschina.cn/img/waterMark/2019-01-02-14-28-22/yipu/da/64/03/24/21800001/10000402/6403242180000110000402-A-0004_wm.jpg|http://www.museumschina.cn/img/waterMark/2019-01-02-14-28-22/yipu/da/64/03/24/21800001/10000402/6403242180000110000402-B-0001_wm.jpg|http://www.museumschina.cn/img/waterMark/2019-01-02-14-28-22/yipu/da/64/03/24/21800001/10000402/6403242180000110000402-D-0001_wm.jpg|http://www.museumschina.cn/img/waterMark/2019-01-02-14-28-22/yipu/da/64/03/24/21800001/10000402/6403242180000110000402-F-0001_wm.jpg
https://www.museumschina.cn/collection/details?id=ae1190a938e9140b08ef37a995140662b,http://www.museumschina.cn/img/waterMark/2019-01-02-14-28-22/yipu/da/42/13/81/21800002/10000374/4213812180000210000374-A-0001_wm.jpg,新石器时代黑色陶纺轮,广水市博物馆,陶器,新石器时代,三级,1980,单一/无机质/陶,http://www.museumschina.cn/img/waterMark/2019-01-02-14-28-22/yipu/da/42/13/81/21800002/10000374/4213812180000210000374-A-0001_wm.jpg|http://www.museumschina.cn/img/waterMark/2019-01-02-14-28-22/yipu/da/42/13/81/21800002/10000374/4213812180000210000374-C-0001_wm.jpg
https://www.museumschina.cn/collection/details?id=ae009e3ba6a84430a8886e1c28dc9b305,http://www.museumschina.cn/img/waterMark/2019-01-02-14-28-22/yipu/da/42/00/00/21800001/10009624/4200002180000110009624-A-0001_wm.jpg,新石器时代屈家岭文化灰陶鼎,-,陶器,新石器时代,一级,,单一/无机质/陶,http://www.museumschina.cn/img/waterMark/2019-01-02-14-28-22/yipu/da/42/00/00/21800001/10009624/4200002180000110009624-A-0001_wm.jpg|http://www.museumschina.cn/img/waterMark/2019-01-02-14-28-22/yipu/da/42/00/00/21800001/10009624/4200002180000110009624-F-0001_wm.jpg
https://www.museumschina.cn/collection/details?id=adf75c02f55144c7b93e9dcced02b6797,http://www.museumschina.cn/img/waterMark/2019-01-02-14-28-22/yipu/da/42/11/02/21800011/10002154/4211022180001110002154-A-0001_wm.jpg,新石器时代带盖陶贯耳壶,-,陶器,新石器时代,一级,1990,单一/无机质/陶,http://www.museumschina.cn/img/waterMark/2019-01-02-14-28-22/yipu/da/42/11/02/21800011/10002154/4211022180001110002154-A-0001_wm.jpg|http://www.museumschina.cn/img/waterMark/2019-01-02-14-28-22/yipu/da/42/11/02/21800011/10002154/4211022180001110002154-D-0001_wm.jpg
https://www.museumschina.cn/collection/details?id=adf9cba97b6264e2489e98446fd9ee376,http://www.museumschina.cn/img/waterMark/2019-01-02-14-28-22/yipu/da/63/28/01/21800001/10000128/6328012180000110000128-A-0001_wm.jpg,新石器时代马家窑文化马厂类型四大圈纹双耳彩陶壶,格尔木市博物馆,陶器,新石器时代,未定级,1999,单一/无机质/陶,http://www.museumschina.cn/img/waterMark/2019-01-02-14-28-22/yipu/da/63/28/01/21800001/10000128/6328012180000110000128-A-0001_wm.jpg|http://www.museumschina.cn/img/waterMark/2019-01-02-14-28-22/yipu/da/63/28/01/21800001/10000128/6328012180000110000128-A-0002_wm.jpg|http://www.museumschina.cn/img/waterMark/2019-01-02-14-28-22/yipu/da/63/28/01/21800001/10000128/6328012180000110000128-A-0003_wm.jpg|http://www.museumschina.cn/img/waterMark/2019-01-02-14-28-22/yipu/da/63/28/01/21800001/10000128/6328012180000110000128-A-0004_wm.jpg
https://www.museumschina.cn/collection/details?id=adcae24ecfa9c4d349215c02bae08f61e,http://www.museumschina.cn/img/waterMark/2019-01-02-14-28-22/yipu/da/43/12/29/21900001/10003050/4312292190000110003050-A-0001_wm.jpg,新石器时代斗篷坡文化陶壶,湖南省怀化市靖州苗族侗族自治县数字博物馆,陶器,新石器时代,三级,1990,单一/无机质/陶,http://www.museumschina.cn/img/waterMark/2019-01-02-14-28-22/yipu/da/43/12/29/21900001/10003050/4312292190000110003050-A-0001_wm.jpg|http://www.museumschina.cn/img/waterMark/2019-01-02-14-28-22/yipu/da/43/12/29/21900001/10003050/4312292190000110003050-A-0002_wm.jpg|http://www.museumschina.cn/img/waterMark/2019-01-02-14-28-22/yipu/da/43/12/29/21900001/10003050/4312292190000110003050-A-0003_wm.jpg|http://www.museumschina.cn/img/waterMark/2019-01-02-14-28-22/yipu/da/43/12/29/21900001/10003050/4312292190000110003050-A-0004_wm.jpg|http://www.museumschina.cn/img/waterMark/2019-01-02-14-28-22/yipu/da/43/12/29/21900001/10003050/4312292190000110003050-A-0005_wm.jpg|http://www.museumschina.cn/img/waterMark/2019-01-02-14-28-22/yipu/da/43/12/29/21900001/10003050/4312292190000110003050-A-0006_wm.jpg
https://www.museumschina.cn/collection/details?id=ade1cf41a77df41fdbdc5ce7ad1a64abe,http://www.museumschina.cn/img/waterMark/2019-01-02-14-28-22/yipu/da/36/09/25/21800002/10001697/3609252180000210001697-A-0001_wm.jpg,新石器时代晚期黑衣陶豆,靖安县博物馆,陶器,新石器时代,三级,1982,单一/无机质/陶,http://www.museumschina.cn/img/waterMark/2019-01-02-14-28-22/yipu/da/36/09/25/21800002/10001697/3609252180000210001697-A-0001_wm.jpg|http://www.museumschina.cn/img/waterMark/2019-01-02-14-28-22/yipu/da/36/09/25/21800002/10001697/3609252180000210001697-A-0002_wm.jpg|http://www.museumschina.cn/img/waterMark/2019-01-02-14-28-22/yipu/da/36/09/25/21800002/10001697/3609252180000210001697-B-0001_wm.jpg|http://www.museumschina.cn/img/waterMark/2019-01-02-14-28-22/yipu/da/36/09/25/21800002/10001697/3609252180000210001697-F-0001_wm.jpg
https://www.museumschina.cn/collection/details?id=aD55C2C2A91184661AAC3A9F192534D0E,http://www.museumschina.cn/img/waterMark/2019-01-02-14-28-22/yipu/da/37/15/23/21800002/00000712/3715232180000200000712-A-0001_wm.jpg,新石器时代大汶口文化陶尊,山东省聊城市茌平县数字博物馆,陶器,新石器时代,三级,1985,单一/无机质/陶,http://www.museumschina.cn/img/waterMark/2019-01-02-14-28-22/yipu/da/37/15/23/21800002/00000712/3715232180000200000712-A-0001_wm.jpg|http://www.museumschina.cn/img/waterMark/2019-01-02-14-28-22/yipu/da/37/15/23/21800002/00000712/3715232180000200000712-A-0002_wm.jpg|http://www.museumschina.cn/img/waterMark/2019-01-02-14-28-22/yipu/da/37/15/23/21800002/00000712/3715232180000200000712-B-0001_wm.jpg|http://www.museumschina.cn/img/waterMark/2019-01-02-14-28-22/yipu/da/37/15/23/21800002/00000712/3715232180000200000712-E-0001_wm.jpg|http://www.museumschina.cn/img/waterMark/2019-01-02-14-28-22/yipu/da/37/15/23/21800002/00000712/3715232180000200000712-E-0002_wm.jpg|http://www.museumschina.cn/img/waterMark/2019-01-02-14-28-22/yipu/da/37/15/23/21800002/00000712/3715232180000200000712-E-0003_wm.jpg|http://www.museumschina.cn/img/waterMark/2019-01-02-14-28-22/yipu/da/37/15/23/21800002/00000712/3715232180000200000712-F-0001_wm.jpg
https://www.museumschina.cn/collection/details?id=adb64c4f878004e3e8a0c141fba7e6f47,http://www.museumschina.cn/img/waterMark/2019-01-02-14-28-22/yipu/da/32/03/12/21800007/10000324/3203122180000710000324-A-0001_wm.jpg,新石器时代大汶口文化八角纹陶纺轮,新沂市博物馆,陶器,新石器时代,二级,,单一/无机质/陶,http://www.museumschina.cn/img/waterMark/2019-01-02-14-28-22/yipu/da/32/03/12/21800007/10000324/3203122180000710000324-A-0001_wm.jpg|http://www.museumschina.cn/img/waterMark/2019-01-02-14-28-22/yipu/da/32/03/12/21800007/10000324/3203122180000710000324-A-0002_wm.jpg
https://www.museumschina.cn/collection/details?id=ada3766ea388548029794c58bbae5111d,http://www.museumschina.cn/img/waterMark/2019-01-02-14-28-22/yipu/da/43/12/29/21900001/10001310/4312292190000110001310-A-0001_wm.jpg,新石器时代斗篷坡文化云雷纹圜底陶罐,湖南省怀化市靖州苗族侗族自治县数字博物馆,陶器,新石器时代,三级,,单一/无机质/陶,http://www.museumschina.cn/img/waterMark/2019-01-02-14-28-22/yipu/da/43/12/29/21900001/10001310/4312292190000110001310-A-0001_wm.jpg|http://www.museumschina.cn/img/waterMark/2019-01-02-14-28-22/yipu/da/43/12/29/21900001/10001310/4312292190000110001310-A-0002_wm.jpg|http://www.museumschina.cn/img/waterMark/2019-01-02-14-28-22/yipu/da/43/12/29/21900001/10001310/4312292190000110001310-A-0003_wm.jpg|http://www.museumschina.cn/img/waterMark/2019-01-02-14-28-22/yipu/da/43/12/29/21900001/10001310/4312292190000110001310-A-0004_wm.jpg|http://www.museumschina.cn/img/waterMark/2019-01-02-14-28-22/yipu/da/43/12/29/21900001/10001310/4312292190000110001310-A-0005_wm.jpg|http://www.museumschina.cn/img/waterMark/2019-01-02-14-28-22/yipu/da/43/12/29/21900001/10001310/4312292190000110001310-A-0006_wm.jpg
https://www.museumschina.cn/collection/details?id=aD7FCE1C8DCD14101AE5246085EE9D99E,http://www.museumschina.cn/img/waterMark/2019-01-02-14-28-22/yipu/da/42/10/03/21800005/20096425/4210032180000520096425-A-0001_wm.jpg,新石器时代卵点纹彩陶纺轮,-,陶器,新石器时代,一级,,复合或组合/有机无机复合或组合/其他植物质,http://www.museumschina.cn/img/waterMark/2019-01-02-14-28-22/yipu/da/42/10/03/21800005/20096425/4210032180000520096425-A-0001_wm.jpg|http://www.museumschina.cn/img/waterMark/2019-01-02-14-28-22/yipu/da/42/10/03/21800005/20096425/4210032180000520096425-F-0001_wm.jpg
https://www.museumschina.cn/collection/details?id=adbbe97f193ca49d49e7dd1667aebc247,http://www.museumschina.cn/img/waterMark/2019-01-02-14-28-22/yipu/da/15/09/22/21800001/10000155/1509222180000110000155-A-0001_wm.jpg,新石器时代鼓腹灰陶罐,内蒙古自治区乌兰察布市化德县数字博物馆,陶器,新石器时代,未定级,1988,单一/无机质/陶,http://www.museumschina.cn/img/waterMark/2019-01-02-14-28-22/yipu/da/15/09/22/21800001/10000155/1509222180000110000155-A-0001_wm.jpg|http://www.museumschina.cn/img/waterMark/2019-01-02-14-28-22/yipu/da/15/09/22/21800001/10000155/1509222180000110000155-B-0001_wm.jpg|http://www.museumschina.cn/img/waterMark/2019-01-02-14-28-22/yipu/da/15/09/22/21800001/10000155/1509222180000110000155-F-0001_wm.jpg
https://www.museumschina.cn/collection/details?id=aD923843C88324FCC8EEAF6C257B614E4,http://www.museumschina.cn/img/waterMark/2019-01-02-14-28-22/yipu/da/37/17/27/21800002/00001084/3717272180000200001084-A-0001_wm.jpg,新石器时代晚期龙山文化陶网坠,定陶县博物馆,陶器,新石器时代,三级,1976,单一/无机质/陶,http://www.museumschina.cn/img/waterMark/2019-01-02-14-28-22/yipu/da/37/17/27/21800002/00001084/3717272180000200001084-A-0001_wm.jpg|http://www.museumschina.cn/img/waterMark/2019-01-02-14-28-22/yipu/da/37/17/27/21800002/00001084/3717272180000200001084-C-0001_wm.jpg|http://www.museumschina.cn/img/waterMark/2019-01-02-14-28-22/yipu/da/37/17/27/21800002/00001084/3717272180000200001084-D-0001_wm.jpg
https://www.museumschina.cn/collection/details?id=ad5d90f4fe24a4598a66bc14d68bcf084,http://www.museumschina.cn/img/waterMark/2019-01-02-14-28-22/yipu/da/64/03/81/21800001/10000365/6403812180000110000365-A-0001_wm.jpg,新石器时代马家窑双耳彩绘陶盆,宁夏回族自治区吴忠市青铜峡市数字博物馆,陶器,新石器时代,一般,2004,单一/无机质/陶,http://www.museumschina.cn/img/waterMark/2019-01-02-14-28-22/yipu/da/64/03/81/21800001/10000365/6403812180000110000365-A-0001_wm.jpg|http://www.museumschina.cn/img/waterMark/2019-01-02-14-28-22/yipu/da/64/03/81/21800001/10000365/6403812180000110000365-B-0001_wm.jpg|http://www.museumschina.cn/img/waterMark/2019-01-02-14-28-22/yipu/da/64/03/81/21800001/10000365/6403812180000110000365-E-0001_wm.jpg|http://www.museumschina.cn/img/waterMark/2019-01-02-14-28-22/yipu/da/64/03/81/21800001/10000365/6403812180000110000365-E-0002_wm.jpg|http://www.museumschina.cn/img/waterMark/2019-01-02-14-28-22/yipu/da/64/03/81/21800001/10000365/6403812180000110000365-F-0001_wm.jpg
https://www.museumschina.cn/collection/details?id=ad6607b7dd33b447bb4ef2c8be5f911d4,http://www.museumschina.cn/img/waterMark/2019-01-02-14-28-22/yipu/da/45/03/29/21800001/10001477/4503292180000110001477-A-0001_wm.jpg,新石器时代晓锦遗址 陶支座,广西壮族自治区桂林市资源县数字博物馆,陶器,新石器时代,三级,,单一/无机质/陶,http://www.museumschina.cn/img/waterMark/2019-01-02-14-28-22/yipu/da/45/03/29/21800001/10001477/4503292180000110001477-A-0001_wm.jpg|http://www.museumschina.cn/img/waterMark/2019-01-02-14-28-22/yipu/da/45/03/29/21800001/10001477/4503292180000110001477-A-0002_wm.jpg|http://www.museumschina.cn/img/waterMark/2019-01-02-14-28-22/yipu/da/45/03/29/21800001/10001477/4503292180000110001477-A-0003_wm.jpg
https://www.museumschina.cn/collection/details?id=adc01bd11232b424ba596622fb6d837bd,http://www.museumschina.cn/img/waterMark/2019-01-02-14-28-22/yipu/da/43/06/23/21800001/10000648/4306232180000110000648-A-0001_wm.jpg,新石器时代陶纺轮,湖南省岳阳市华容县数字博物馆,陶器,新石器时代,三级,2000,单一/无机质/泥,http://www.museumschina.cn/img/waterMark/2019-01-02-14-28-22/yipu/da/43/06/23/21800001/10000648/4306232180000110000648-A-0001_wm.jpg|http://www.museumschina.cn/img/waterMark/2019-01-02-14-28-22/yipu/da/43/06/23/21800001/10000648/4306232180000110000648-A-0002_wm.jpg|http://www.museumschina.cn/img/waterMark/2019-01-02-14-28-22/yipu/da/43/06/23/21800001/10000648/4306232180000110000648-A-0003_wm.jpg|http://www.museumschina.cn/img/waterMark/2019-01-02-14-28-22/yipu/da/43/06/23/21800001/10000648/4306232180000110000648-A-0004_wm.jpg
https://www.museumschina.cn/collection/details?id=ad856811125aa4f8f93ca3a1ff023361d,http://www.museumschina.cn/img/waterMark/2019-01-02-14-28-22/yipu/da/36/07/26/21800002/10000183/3607262180000210000183-A-0001_wm.jpg,新石器时代晚期灰色曲折纹陶片,安远县博物馆,陶器,新石器时代,一般,1980,单一/无机质/陶,http://www.museumschina.cn/img/waterMark/2019-01-02-14-28-22/yipu/da/36/07/26/21800002/10000183/3607262180000210000183-A-0001_wm.jpg|http://www.museumschina.cn/img/waterMark/2019-01-02-14-28-22/yipu/da/36/07/26/21800002/10000183/3607262180000210000183-A-0002_wm.jpg|http://www.museumschina.cn/img/waterMark/2019-01-02-14-28-22/yipu/da/36/07/26/21800002/10000183/3607262180000210000183-A-0003_wm.jpg|http://www.museumschina.cn/img/waterMark/2019-01-02-14-28-22/yipu/da/36/07/26/21800002/10000183/3607262180000210000183-A-0004_wm.jpg|http://www.museumschina.cn/img/waterMark/2019-01-02-14-28-22/yipu/da/36/07/26/21800002/10000183/3607262180000210000183-A-0005_wm.jpg|http://www.museumschina.cn/img/waterMark/2019-01-02-14-28-22/yipu/da/36/07/26/21800002/10000183/3607262180000210000183-A-0006_wm.jpg
https://www.museumschina.cn/collection/details?id=ada70a8088995406694341194249f759e,http://www.museumschina.cn/img/waterMark/2019-01-02-14-28-22/yipu/da/41/05/22/21800001/10001405/4105222180000110001405-A-0001_wm.jpg,新石器时代龙山文化绳纹折肩红陶罐,河南省安阳市安阳县数字博物馆,陶器,新石器时代,二级,,单一/无机质/陶,http://www.museumschina.cn/img/waterMark/2019-01-02-14-28-22/yipu/da/41/05/22/21800001/10001405/4105222180000110001405-A-0001_wm.jpg|http://www.museumschina.cn/img/waterMark/2019-01-02-14-28-22/yipu/da/41/05/22/21800001/10001405/4105222180000110001405-A-0002_wm.jpg|http://www.museumschina.cn/img/waterMark/2019-01-02-14-28-22/yipu/da/41/05/22/21800001/10001405/4105222180000110001405-B-0001_wm.jpg
https://www.museumschina.cn/collection/details?id=aD7B2D1FEC3F24B81A7FDAA3241E7F495,http://www.museumschina.cn/img/waterMark/2019-01-02-14-28-22/yipu/da/61/06/28/21800089/00001324/6106282180008900001324-A-0001_wm.jpg,新石器时代红陶釜,富县鄜州博物馆,陶器,新石器时代,三级,1982,单一/无机质/陶,http://www.museumschina.cn/img/waterMark/2019-01-02-14-28-22/yipu/da/61/06/28/21800089/00001324/6106282180008900001324-A-0001_wm.jpg|http://www.museumschina.cn/img/waterMark/2019-01-02-14-28-22/yipu/da/61/06/28/21800089/00001324/6106282180008900001324-A-0002_wm.jpg
https://www.museumschina.cn/collection/details?id=acebd9702a3504c02bec5bdffd65f2e77,http://www.museumschina.cn/img/waterMark/2019-01-02-14-28-22/yipu/da/22/08/22/21800001/10004630/2208222180000110004630-A-0001_wm.jpg,新石器时代双面陶人,通榆县博物馆,陶器,新石器时代,三级,2009,单一/无机质/陶,http://www.museumschina.cn/img/waterMark/2019-01-02-14-28-22/yipu/da/22/08/22/21800001/10004630/2208222180000110004630-A-0001_wm.jpg|http://www.museumschina.cn/img/waterMark/2019-01-02-14-28-22/yipu/da/22/08/22/21800001/10004630/2208222180000110004630-A-0002_wm.jpg
https://www.museumschina.cn/collection/details?id=acec42b22f0444a21ab73f4f812764b2c,http://www.museumschina.cn/img/waterMark/2019-01-02-14-28-22/yipu/da/64/04/25/21800001/10000024/6404252180000110000024-A-0001_wm.jpg,新石器时代篮纹附加堆纹红陶罐,宁夏回族自治区固原市彭阳县数字博物馆,陶器,新石器时代,二级,,单一/无机质/陶,http://www.museumschina.cn/img/waterMark/2019-01-02-14-28-22/yipu/da/64/04/25/21800001/10000024/6404252180000110000024-A-0001_wm.jpg|http://www.museumschina.cn/img/waterMark/2019-01-02-14-28-22/yipu/da/64/04/25/21800001/10000024/6404252180000110000024-B-0001_wm.jpg|http://www.museumschina.cn/img/waterMark/2019-01-02-14-28-22/yipu/da/64/04/25/21800001/10000024/6404252180000110000024-F-0001_wm.jpg
https://www.museumschina.cn/collection/details?id=ad018d5b12eff4c91b5329fbc10c63a37,http://www.museumschina.cn/img/waterMark/2019-01-02-14-28-22/yipu/da/37/13/29/21800002/00000011/3713292180000200000011-A-0001_wm.jpg,新石器时代龙山文化陶杯,山东省临沂市临沭县数字博物馆,陶器,新石器时代,三级,,单一/无机质/陶,http://www.museumschina.cn/img/waterMark/2019-01-02-14-28-22/yipu/da/37/13/29/21800002/00000011/3713292180000200000011-A-0001_wm.jpg|http://www.museumschina.cn/img/waterMark/2019-01-02-14-28-22/yipu/da/37/13/29/21800002/00000011/3713292180000200000011-B-0001_wm.jpg|http://www.museumschina.cn/img/waterMark/2019-01-02-14-28-22/yipu/da/37/13/29/21800002/00000011/3713292180000200000011-C-0001_wm.jpg|http://www.museumschina.cn/img/waterMark/2019-01-02-14-28-22/yipu/da/37/13/29/21800002/00000011/3713292180000200000011-D-0001_wm.jpg|http://www.museumschina.cn/img/waterMark/2019-01-02-14-28-22/yipu/da/37/13/29/21800002/00000011/3713292180000200000011-E-0001_wm.jpg|http://www.museumschina.cn/img/waterMark/2019-01-02-14-28-22/yipu/da/37/13/29/21800002/00000011/3713292180000200000011-F-0001_wm.jpg
https://www.museumschina.cn/collection/details?id=ad32880450ebb47f9bd44d13762f621ab,http://www.museumschina.cn/img/waterMark/2019-01-02-14-28-22/yipu/da/36/04/29/21800003/10000179/3604292180000310000179-A-0001_wm.jpg,新石器时代陶纺轮,湖口县博物馆,陶器,新石器时代,三级,1986,单一/无机质/陶,http://www.museumschina.cn/img/waterMark/2019-01-02-14-28-22/yipu/da/36/04/29/21800003/10000179/3604292180000310000179-A-0001_wm.jpg|http://www.museumschina.cn/img/waterMark/2019-01-02-14-28-22/yipu/da/36/04/29/21800003/10000179/3604292180000310000179-A-0002_wm.jpg
https://www.museumschina.cn/collection/details?id=acea5886a3b3c47a28ac875bf601811fc,http://www.museumschina.cn/img/waterMark/2019-01-02-14-28-22/yipu/da/42/09/02/21800002/10000005/4209022180000210000005-A-0001_wm.jpg,新石器时代陶网坠,-,陶器,新石器时代,一般,2000,单一/无机质/陶,http://www.museumschina.cn/img/waterMark/2019-01-02-14-28-22/yipu/da/42/09/02/21800002/10000005/4209022180000210000005-A-0001_wm.jpg|http://www.museumschina.cn/img/waterMark/2019-01-02-14-28-22/yipu/da/42/09/02/21800002/10000005/4209022180000210000005-A-0002_wm.jpg
https://www.museumschina.cn/collection/details?id=ad2752654525e4763aaf20d3e7e45f0f6,http://www.museumschina.cn/img/waterMark/2019-01-02-14-28-22/yipu/da/42/11/02/21800011/10001940/4211022180001110001940-D-0001_wm.jpg,新石器时代带盖刻符黑陶鼎,-,陶器,新石器时代,一级,1985,单一/无机质/陶,http://www.museumschina.cn/img/waterMark/2019-01-02-14-28-22/yipu/da/42/11/02/21800011/10001940/4211022180001110001940-D-0001_wm.jpg|http://www.museumschina.cn/img/waterMark/2019-01-02-14-28-22/yipu/da/42/11/02/21800011/10001940/4211022180001110001940-E-0001_wm.jpg
https://www.museumschina.cn/collection/details?id=ad0ff8bf1dd824cbb8bcade40924a2f85,http://www.museumschina.cn/img/waterMark/2019-01-02-14-28-22/yipu/da/36/09/25/21800002/10000626/3609252180000210000626-A-0001_wm.jpg,新石器时代晚期黑衣缕孔陶豆,靖安县博物馆,陶器,新石器时代,二级,1991,单一/无机质/陶,http://www.museumschina.cn/img/waterMark/2019-01-02-14-28-22/yipu/da/36/09/25/21800002/10000626/3609252180000210000626-A-0001_wm.jpg|http://www.museumschina.cn/img/waterMark/2019-01-02-14-28-22/yipu/da/36/09/25/21800002/10000626/3609252180000210000626-A-0002_wm.jpg|http://www.museumschina.cn/img/waterMark/2019-01-02-14-28-22/yipu/da/36/09/25/21800002/10000626/3609252180000210000626-A-0003_wm.jpg|http://www.museumschina.cn/img/waterMark/2019-01-02-14-28-22/yipu/da/36/09/25/21800002/10000626/3609252180000210000626-A-0004_wm.jpg|http://www.museumschina.cn/img/waterMark/2019-01-02-14-28-22/yipu/da/36/09/25/21800002/10000626/3609252180000210000626-B-0001_wm.jpg|http://www.museumschina.cn/img/waterMark/2019-01-02-14-28-22/yipu/da/36/09/25/21800002/10000626/3609252180000210000626-E-0001_wm.jpg|http://www.museumschina.cn/img/waterMark/2019-01-02-14-28-22/yipu/da/36/09/25/21800002/10000626/3609252180000210000626-F-0001_wm.jpg
https://www.museumschina.cn/collection/details?id=ad058998e4ba2419095983cd4402e2caf,http://www.museumschina.cn/img/waterMark/2019-01-02-14-28-22/yipu/da/63/02/25/21800001/10000005/6302252180000110000005-A-0001_wm.jpg,新石器时代马家窑文化半山类型弧线锯齿纹彩陶罐,青海省海东市循化撒拉族自治县数字博物馆,陶器,新石器时代,一级,1983,单一/无机质/陶,http://www.museumschina.cn/img/waterMark/2019-01-02-14-28-22/yipu/da/63/02/25/21800001/10000005/6302252180000110000005-A-0001_wm.jpg|http://www.museumschina.cn/img/waterMark/2019-01-02-14-28-22/yipu/da/63/02/25/21800001/10000005/6302252180000110000005-A-0002_wm.jpg|http://www.museumschina.cn/img/waterMark/2019-01-02-14-28-22/yipu/da/63/02/25/21800001/10000005/6302252180000110000005-A-0003_wm.jpg|http://www.museumschina.cn/img/waterMark/2019-01-02-14-28-22/yipu/da/63/02/25/21800001/10000005/6302252180000110000005-A-0004_wm.jpg|http://www.museumschina.cn/img/waterMark/2019-01-02-14-28-22/yipu/da/63/02/25/21800001/10000005/6302252180000110000005-A-0005_wm.jpg|http://www.museumschina.cn/img/waterMark/2019-01-02-14-28-22/yipu/da/63/02/25/21800001/10000005/6302252180000110000005-A-0006_wm.jpg|http://www.museumschina.cn/img/waterMark/2019-01-02-14-28-22/yipu/da/63/02/25/21800001/10000005/6302252180000110000005-A-0007_wm.jpg|http://www.museumschina.cn/img/waterMark/2019-01-02-14-28-22/yipu/da/63/02/25/21800001/10000005/6302252180000110000005-A-0008_wm.jpg
https://www.museumschina.cn/collection/details?id=acd8f28805ab04083b2c9407bf99b97ca,http://www.museumschina.cn/img/waterMark/2019-01-02-14-28-22/yipu/da/64/05/22/21800001/10000386/6405222180000110000386-A-0001_wm.jpg,新石器时代马家窑文化彩陶盆,宁夏回族自治区中卫市海原县数字博物馆,陶器,新石器时代,三级,1992,单一/无机质/陶,http://www.museumschina.cn/img/waterMark/2019-01-02-14-28-22/yipu/da/64/05/22/21800001/10000386/6405222180000110000386-A-0001_wm.jpg|http://www.museumschina.cn/img/waterMark/2019-01-02-14-28-22/yipu/da/64/05/22/21800001/10000386/6405222180000110000386-B-0001_wm.jpg|http://www.museumschina.cn/img/waterMark/2019-01-02-14-28-22/yipu/da/64/05/22/21800001/10000386/6405222180000110000386-C-0001_wm.jpg|http://www.museumschina.cn/img/waterMark/2019-01-02-14-28-22/yipu/da/64/05/22/21800001/10000386/6405222180000110000386-C-0002_wm.jpg|http://www.museumschina.cn/img/waterMark/2019-01-02-14-28-22/yipu/da/64/05/22/21800001/10000386/6405222180000110000386-E-0001_wm.jpg|http://www.museumschina.cn/img/waterMark/2019-01-02-14-28-22/yipu/da/64/05/22/21800001/10000386/6405222180000110000386-F-0001_wm.jpg
https://www.museumschina.cn/collection/details?id=aD30318D275674EDB8D9E07B2B07397F7,http://www.museumschina.cn/img/waterMark/2019-01-02-14-28-22/yipu/da/61/03/28/21800413/00001135/6103282180041300001135-A-0001_wm.jpg,新石器时代仰韶文化陶盘,陕西省数字博物馆,陶器,新石器时代,一般,1992,单一/无机质/陶,http://www.museumschina.cn/img/waterMark/2019-01-02-14-28-22/yipu/da/61/03/28/21800413/00001135/6103282180041300001135-A-0001_wm.jpg|http://www.museumschina.cn/img/waterMark/2019-01-02-14-28-22/yipu/da/61/03/28/21800413/00001135/6103282180041300001135-C-0001_wm.jpg
https://www.museumschina.cn/collection/details?id=ac74361aca1104c88bbe03f0f0011f582,http://www.museumschina.cn/img/waterMark/2019-01-02-14-28-22/yipu/da/43/12/81/21900001/10000063/4312812190000110000063-A-0001_wm.jpg,新石器时代高庙文化戳印太阳纹陶盘,湖南省怀化市洪江市数字博物馆,陶器,新石器时代,三级,,单一/无机质/陶,http://www.museumschina.cn/img/waterMark/2019-01-02-14-28-22/yipu/da/43/12/81/21900001/10000063/4312812190000110000063-A-0001_wm.jpg|http://www.museumschina.cn/img/waterMark/2019-01-02-14-28-22/yipu/da/43/12/81/21900001/10000063/4312812190000110000063-A-0002_wm.jpg|http://www.museumschina.cn/img/waterMark/2019-01-02-14-28-22/yipu/da/43/12/81/21900001/10000063/4312812190000110000063-A-0003_wm.jpg|http://www.museumschina.cn/img/waterMark/2019-01-02-14-28-22/yipu/da/43/12/81/21900001/10000063/4312812190000110000063-A-0004_wm.jpg
https://www.museumschina.cn/collection/details?id=ac89a07e5299c41619c1a7acd44efccdc,http://www.museumschina.cn/img/waterMark/2019-01-02-14-28-22/yipu/da/36/04/29/21800003/10000659/3604292180000310000659-A-0001_wm.jpg,新石器时代陶网坠,湖口县博物馆,陶器,新石器时代,三级,1982,单一/无机质/陶,http://www.museumschina.cn/img/waterMark/2019-01-02-14-28-22/yipu/da/36/04/29/21800003/10000659/3604292180000310000659-A-0001_wm.jpg|http://www.museumschina.cn/img/waterMark/2019-01-02-14-28-22/yipu/da/36/04/29/21800003/10000659/3604292180000310000659-A-0002_wm.jpg|http://www.museumschina.cn/img/waterMark/2019-01-02-14-28-22/yipu/da/36/04/29/21800003/10000659/3604292180000310000659-A-0003_wm.jpg|http://www.museumschina.cn/img/waterMark/2019-01-02-14-28-22/yipu/da/36/04/29/21800003/10000659/3604292180000310000659-A-0004_wm.jpg|http://www.museumschina.cn/img/waterMark/2019-01-02-14-28-22/yipu/da/36/04/29/21800003/10000659/3604292180000310000659-A-0005_wm.jpg|http://www.museumschina.cn/img/waterMark/2019-01-02-14-28-22/yipu/da/36/04/29/21800003/10000659/3604292180000310000659-A-0006_wm.jpg
https://www.museumschina.cn/collection/details?id=ac8f3d47e426a471fbac43309586ea187,http://www.museumschina.cn/img/waterMark/2019-01-02-14-28-22/yipu/da/42/12/24/21800002/10010874/4212242180000210010874-A-0001_wm.jpg,新石器时代陶鼎足,湖北省通山县博物馆,陶器,新石器时代,未定级,1982,单一/无机质/陶,http://www.museumschina.cn/img/waterMark/2019-01-02-14-28-22/yipu/da/42/12/24/21800002/10010874/4212242180000210010874-A-0001_wm.jpg|http://www.museumschina.cn/img/waterMark/2019-01-02-14-28-22/yipu/da/42/12/24/21800002/10010874/4212242180000210010874-F-0001_wm.jpg
https://www.museumschina.cn/collection/details?id=acbf5eacd39a542ad97d8e67eda4a3767,http://www.museumschina.cn/img/waterMark/2019-01-02-14-28-22/yipu/da/43/07/21/21800001/10001532/4307212180000110001532-A-0001_wm.jpg,新石器时代陶鼎,湖南省常德市安乡县数字博物馆,陶器,新石器时代,三级,,单一/无机质/陶,http://www.museumschina.cn/img/waterMark/2019-01-02-14-28-22/yipu/da/43/07/21/21800001/10001532/4307212180000110001532-A-0001_wm.jpg|http://www.museumschina.cn/img/waterMark/2019-01-02-14-28-22/yipu/da/43/07/21/21800001/10001532/4307212180000110001532-A-0002_wm.jpg|http://www.museumschina.cn/img/waterMark/2019-01-02-14-28-22/yipu/da/43/07/21/21800001/10001532/4307212180000110001532-A-0003_wm.jpg|http://www.museumschina.cn/img/waterMark/2019-01-02-14-28-22/yipu/da/43/07/21/21800001/10001532/4307212180000110001532-A-0004_wm.jpg
https://www.museumschina.cn/collection/details?id=aCAD65CD53F7E4536B6E818F17CFACE8F,http://www.museumschina.cn/img/waterMark/2019-01-02-14-28-22/yipu/da/61/03/23/21800406/00002624/6103232180040600002624-A-0001_wm.jpg,新石器时代龙山文化双耳葫芦瓶,岐山县博物馆,陶器,新石器时代,二级,1986,单一/无机质/陶,http://www.museumschina.cn/img/waterMark/2019-01-02-14-28-22/yipu/da/61/03/23/21800406/00002624/6103232180040600002624-A-0001_wm.jpg|http://www.museumschina.cn/img/waterMark/2019-01-02-14-28-22/yipu/da/61/03/23/21800406/00002624/6103232180040600002624-A-0002_wm.jpg
https://www.museumschina.cn/collection/details?id=acbea0721e240458cb2239a0b4401ac2f,http://www.museumschina.cn/img/waterMark/2019-01-02-14-28-22/yipu/da/64/03/24/21800001/10000415/6403242180000110000415-A-0001_wm.jpg,新石器时代齐家文化陶拍,宁夏回族自治区吴忠市同心县数字博物馆,陶器,新石器时代,一般,,单一/无机质/陶,http://www.museumschina.cn/img/waterMark/2019-01-02-14-28-22/yipu/da/64/03/24/21800001/10000415/6403242180000110000415-A-0001_wm.jpg|http://www.museumschina.cn/img/waterMark/2019-01-02-14-28-22/yipu/da/64/03/24/21800001/10000415/6403242180000110000415-D-0001_wm.jpg|http://www.museumschina.cn/img/waterMark/2019-01-02-14-28-22/yipu/da/64/03/24/21800001/10000415/6403242180000110000415-D-0002_wm.jpg|http://www.museumschina.cn/img/waterMark/2019-01-02-14-28-22/yipu/da/64/03/24/21800001/10000415/6403242180000110000415-F-0001_wm.jpg
https://www.museumschina.cn/collection/details?id=ac9dcd4f647e74dd38a79d9cfb3edf89d,http://www.museumschina.cn/img/waterMark/2019-01-02-14-28-22/yipu/da/64/04/24/21800001/10000019/6404242180000110000019-A-0001_wm.jpg,新石器时代红陶罐,宁夏回族自治区固原市泾源县数字博物馆,陶器,新石器时代,三级,1998,单一/无机质/陶,http://www.museumschina.cn/img/waterMark/2019-01-02-14-28-22/yipu/da/64/04/24/21800001/10000019/6404242180000110000019-A-0001_wm.jpg|http://www.museumschina.cn/img/waterMark/2019-01-02-14-28-22/yipu/da/64/04/24/21800001/10000019/6404242180000110000019-B-0001_wm.jpg|http://www.museumschina.cn/img/waterMark/2019-01-02-14-28-22/yipu/da/64/04/24/21800001/10000019/6404242180000110000019-C-0001_wm.jpg|http://www.museumschina.cn/img/waterMark/2019-01-02-14-28-22/yipu/da/64/04/24/21800001/10000019/6404242180000110000019-D-0001_wm.jpg|http://www.museumschina.cn/img/waterMark/2019-01-02-14-28-22/yipu/da/64/04/24/21800001/10000019/6404242180000110000019-E-0001_wm.jpg|http://www.museumschina.cn/img/waterMark/2019-01-02-14-28-22/yipu/da/64/04/24/21800001/10000019/6404242180000110000019-E-0002_wm.jpg
https://www.museumschina.cn/collection/details?id=ac979ac21a4494cde8626667538405813,http://www.museumschina.cn/img/waterMark/2019-01-02-14-28-22/yipu/da/41/13/21/21800001/10000910/4113212180000110000910-A-0001_wm.jpg,新石器时代红陶杯,南召猿人博物馆,陶器,新石器时代,三级,1985,单一/无机质/陶,http://www.museumschina.cn/img/waterMark/2019-01-02-14-28-22/yipu/da/41/13/21/21800001/10000910/4113212180000110000910-A-0001_wm.jpg
https://www.museumschina.cn/collection/details?id=ac84672b135e641b99746d12c5b7604ed,http://www.museumschina.cn/img/waterMark/2019-01-02-14-28-22/yipu/da/42/09/22/21800008/10000021/4209222180000810000021-A-0001_wm.jpg,新石器时代屈家岭文化彩陶喇叭形杯,-,陶器,新石器时代,一般,1982,单一/无机质/陶,http://www.museumschina.cn/img/waterMark/2019-01-02-14-28-22/yipu/da/42/09/22/21800008/10000021/4209222180000810000021-A-0001_wm.jpg|http://www.museumschina.cn/img/waterMark/2019-01-02-14-28-22/yipu/da/42/09/22/21800008/10000021/4209222180000810000021-B-0001_wm.jpg|http://www.museumschina.cn/img/waterMark/2019-01-02-14-28-22/yipu/da/42/09/22/21800008/10000021/4209222180000810000021-F-0001_wm.jpg
https://www.museumschina.cn/collection/details?id=aC03B282FDB29436389154669911B5B9B,http://www.museumschina.cn/img/waterMark/2019-01-02-14-28-22/yipu/da/61/03/04/21800449/00002700/6103042180044900002700-A-0001_wm.jpg,新石器时代尖底陶瓶,宝鸡市陈仓区博物馆,陶器,新石器时代,三级,1997,单一/无机质/陶,http://www.museumschina.cn/img/waterMark/2019-01-02-14-28-22/yipu/da/61/03/04/21800449/00002700/6103042180044900002700-A-0001_wm.jpg|http://www.museumschina.cn/img/waterMark/2019-01-02-14-28-22/yipu/da/61/03/04/21800449/00002700/6103042180044900002700-A-0002_wm.jpg|http://www.museumschina.cn/img/waterMark/2019-01-02-14-28-22/yipu/da/61/03/04/21800449/00002700/6103042180044900002700-B-0001_wm.jpg|http://www.museumschina.cn/img/waterMark/2019-01-02-14-28-22/yipu/da/61/03/04/21800449/00002700/6103042180044900002700-C-0001_wm.jpg|http://www.museumschina.cn/img/waterMark/2019-01-02-14-28-22/yipu/da/61/03/04/21800449/00002700/6103042180044900002700-C-0002_wm.jpg|http://www.museumschina.cn/img/waterMark/2019-01-02-14-28-22/yipu/da/61/03/04/21800449/00002700/6103042180044900002700-E-0001_wm.jpg|http://www.museumschina.cn/img/waterMark/2019-01-02-14-28-22/yipu/da/61/03/04/21800449/00002700/6103042180044900002700-F-0001_wm.jpg
https://www.museumschina.cn/collection/details?id=ac05626903e29429c8949c8f8669971f3,http://www.museumschina.cn/img/waterMark/2019-01-02-14-28-22/yipu/da/64/05/22/21800001/10000059/6405222180000110000059-A-0001_wm.jpg,新石器时代齐家文化戳印纹单耳红陶罐,宁夏回族自治区中卫市海原县数字博物馆,陶器,新石器时代,三级,1995,单一/无机质/陶,http://www.museumschina.cn/img/waterMark/2019-01-02-14-28-22/yipu/da/64/05/22/21800001/10000059/6405222180000110000059-A-0001_wm.jpg|http://www.museumschina.cn/img/waterMark/2019-01-02-14-28-22/yipu/da/64/05/22/21800001/10000059/6405222180000110000059-B-0001_wm.jpg|http://www.museumschina.cn/img/waterMark/2019-01-02-14-28-22/yipu/da/64/05/22/21800001/10000059/6405222180000110000059-C-0001_wm.jpg|http://www.museumschina.cn/img/waterMark/2019-01-02-14-28-22/yipu/da/64/05/22/21800001/10000059/6405222180000110000059-C-0002_wm.jpg|http://www.museumschina.cn/img/waterMark/2019-01-02-14-28-22/yipu/da/64/05/22/21800001/10000059/6405222180000110000059-C-0003_wm.jpg|http://www.museumschina.cn/img/waterMark/2019-01-02-14-28-22/yipu/da/64/05/22/21800001/10000059/6405222180000110000059-F-0001_wm.jpg
https://www.museumschina.cn/collection/details?id=aC2978EEDEC5B4E75B18DE6D02B438EC6,http://www.museumschina.cn/img/waterMark/2019-01-02-14-28-22/yipu/da/61/05/24/21800333/00001203/6105242180033300001203-A-0001_wm.jpg,新石器时代花瓣纹彩陶罐,合阳县博物馆,陶器,新石器时代,二级,1957,单一/无机质/陶,http://www.museumschina.cn/img/waterMark/2019-01-02-14-28-22/yipu/da/61/05/24/21800333/00001203/6105242180033300001203-A-0001_wm.jpg|http://www.museumschina.cn/img/waterMark/2019-01-02-14-28-22/yipu/da/61/05/24/21800333/00001203/6105242180033300001203-B-0001_wm.jpg|http://www.museumschina.cn/img/waterMark/2019-01-02-14-28-22/yipu/da/61/05/24/21800333/00001203/6105242180033300001203-D-0001_wm.jpg|http://www.museumschina.cn/img/waterMark/2019-01-02-14-28-22/yipu/da/61/05/24/21800333/00001203/6105242180033300001203-D-0002_wm.jpg|http://www.museumschina.cn/img/waterMark/2019-01-02-14-28-22/yipu/da/61/05/24/21800333/00001203/6105242180033300001203-D-0003_wm.jpg|http://www.museumschina.cn/img/waterMark/2019-01-02-14-28-22/yipu/da/61/05/24/21800333/00001203/6105242180033300001203-D-0004_wm.jpg|http://www.museumschina.cn/img/waterMark/2019-01-02-14-28-22/yipu/da/61/05/24/21800333/00001203/6105242180033300001203-E-0001_wm.jpg|http://www.museumschina.cn/img/waterMark/2019-01-02-14-28-22/yipu/da/61/05/24/21800333/00001203/6105242180033300001203-E-0002_wm.jpg
https://www.museumschina.cn/collection/details?id=aC03B282FDB29436389154669911B5B9B,http://www.museumschina.cn/img/waterMark/2019-01-02-14-28-22/yipu/da/61/03/04/21800449/00002700/6103042180044900002700-A-0001_wm.jpg,新石器时代尖底陶瓶,宝鸡市陈仓区博物馆,陶器,新石器时代,三级,1997,单一/无机质/陶,http://www.museumschina.cn/img/waterMark/2019-01-02-14-28-22/yipu/da/61/03/04/21800449/00002700/6103042180044900002700-A-0001_wm.jpg|http://www.museumschina.cn/img/waterMark/2019-01-02-14-28-22/yipu/da/61/03/04/21800449/00002700/6103042180044900002700-A-0002_wm.jpg|http://www.museumschina.cn/img/waterMark/2019-01-02-14-28-22/yipu/da/61/03/04/21800449/00002700/6103042180044900002700-B-0001_wm.jpg|http://www.museumschina.cn/img/waterMark/2019-01-02-14-28-22/yipu/da/61/03/04/21800449/00002700/6103042180044900002700-C-0001_wm.jpg|http://www.museumschina.cn/img/waterMark/2019-01-02-14-28-22/yipu/da/61/03/04/21800449/00002700/6103042180044900002700-C-0002_wm.jpg|http://www.museumschina.cn/img/waterMark/2019-01-02-14-28-22/yipu/da/61/03/04/21800449/00002700/6103042180044900002700-E-0001_wm.jpg|http://www.museumschina.cn/img/waterMark/2019-01-02-14-28-22/yipu/da/61/03/04/21800449/00002700/6103042180044900002700-F-0001_wm.jpg
https://www.museumschina.cn/collection/details?id=ac057bbf265dc4183ba9a67bc25a3cb52,http://www.museumschina.cn/img/waterMark/2019-01-02-14-28-22/yipu/da/32/03/82/21800001/10000807/3203822180000110000807-A-0001_wm.jpg,新石器时代彩陶器座,邳州博物馆,陶器,新石器时代,二级,1988,单一/无机质/陶,http://www.museumschina.cn/img/waterMark/2019-01-02-14-28-22/yipu/da/32/03/82/21800001/10000807/3203822180000110000807-A-0001_wm.jpg|http://www.museumschina.cn/img/waterMark/2019-01-02-14-28-22/yipu/da/32/03/82/21800001/10000807/3203822180000110000807-A-0002_wm.jpg|http://www.museumschina.cn/img/waterMark/2019-01-02-14-28-22/yipu/da/32/03/82/21800001/10000807/3203822180000110000807-A-0003_wm.jpg
https://www.museumschina.cn/collection/details?id=ac5452fb9553a4ea4b97b22629708d38e,http://www.museumschina.cn/img/waterMark/2019-01-02-14-28-22/yipu/da/43/12/81/21900001/10000175/4312812190000110000175-A-0001_wm.jpg,新石器时代高庙文化戳印几何纹圈足陶盘,湖南省怀化市洪江市数字博物馆,陶器,新石器时代,二级,,单一/无机质/陶,http://www.museumschina.cn/img/waterMark/2019-01-02-14-28-22/yipu/da/43/12/81/21900001/10000175/4312812190000110000175-A-0001_wm.jpg|http://www.museumschina.cn/img/waterMark/2019-01-02-14-28-22/yipu/da/43/12/81/21900001/10000175/4312812190000110000175-A-0002_wm.jpg|http://www.museumschina.cn/img/waterMark/2019-01-02-14-28-22/yipu/da/43/12/81/21900001/10000175/4312812190000110000175-A-0003_wm.jpg|http://www.museumschina.cn/img/waterMark/2019-01-02-14-28-22/yipu/da/43/12/81/21900001/10000175/4312812190000110000175-A-0004_wm.jpg
https://www.museumschina.cn/collection/details?id=ac634faec15eb47caa023c8f10abb6d19,http://www.museumschina.cn/img/waterMark/2019-01-02-14-28-22/yipu/da/42/00/00/21800001/10131992/4200002180000110131992-A-0001_wm.jpg,新石器时代陶鱼,-,陶器,新石器时代,一级,,单一/无机质/陶,http://www.museumschina.cn/img/waterMark/2019-01-02-14-28-22/yipu/da/42/00/00/21800001/10131992/4200002180000110131992-A-0001_wm.jpg|http://www.museumschina.cn/img/waterMark/2019-01-02-14-28-22/yipu/da/42/00/00/21800001/10131992/4200002180000110131992-A-0002_wm.jpg
https://www.museumschina.cn/collection/details?id=ac701c871c43e4383b96cc6b6052b91ef,http://www.museumschina.cn/img/waterMark/2019-01-02-14-28-22/yipu/da/32/03/82/21800001/10000577/3203822180000110000577-A-0001_wm.jpg,新石器时代残陶背水壶,邳州博物馆,陶器,新石器时代,三级,1988,单一/无机质/陶,http://www.museumschina.cn/img/waterMark/2019-01-02-14-28-22/yipu/da/32/03/82/21800001/10000577/3203822180000110000577-A-0001_wm.jpg
https://www.museumschina.cn/collection/details?id=ac413d03269564bfb9707b17cccac5152,http://www.museumschina.cn/img/waterMark/2019-01-02-14-28-22/yipu/da/64/04/23/21800001/10000094/6404232180000110000094-A-0001_wm.jpg,新石器时代单耳红陶杯,宁夏回族自治区固原市隆德县数字博物馆,陶器,新石器时代,三级,1985,单一/无机质/陶,http://www.museumschina.cn/img/waterMark/2019-01-02-14-28-22/yipu/da/64/04/23/21800001/10000094/6404232180000110000094-A-0001_wm.jpg|http://www.museumschina.cn/img/waterMark/2019-01-02-14-28-22/yipu/da/64/04/23/21800001/10000094/6404232180000110000094-B-0001_wm.jpg|http://www.museumschina.cn/img/waterMark/2019-01-02-14-28-22/yipu/da/64/04/23/21800001/10000094/6404232180000110000094-C-0001_wm.jpg|http://www.museumschina.cn/img/waterMark/2019-01-02-14-28-22/yipu/da/64/04/23/21800001/10000094/6404232180000110000094-D-0001_wm.jpg|http://www.museumschina.cn/img/waterMark/2019-01-02-14-28-22/yipu/da/64/04/23/21800001/10000094/6404232180000110000094-E-0001_wm.jpg|http://www.museumschina.cn/img/waterMark/2019-01-02-14-28-22/yipu/da/64/04/23/21800001/10000094/6404232180000110000094-F-0001_wm.jpg
https://www.museumschina.cn/collection/details?id=ac10680d7fe9e48e1b4ca18081992b5e3,http://www.museumschina.cn/img/waterMark/2019-01-02-14-28-22/yipu/da/43/07/81/21800001/10001952/4307812180000110001952-A-0001_wm.jpg,新石器时代尊形陶器,常德市津市市博物馆,陶器,新石器时代,三级,,单一/无机质/陶,http://www.museumschina.cn/img/waterMark/2019-01-02-14-28-22/yipu/da/43/07/81/21800001/10001952/4307812180000110001952-A-0001_wm.jpg|http://www.museumschina.cn/img/waterMark/2019-01-02-14-28-22/yipu/da/43/07/81/21800001/10001952/4307812180000110001952-A-0002_wm.jpg|http://www.museumschina.cn/img/waterMark/2019-01-02-14-28-22/yipu/da/43/07/81/21800001/10001952/4307812180000110001952-A-0003_wm.jpg|http://www.museumschina.cn/img/waterMark/2019-01-02-14-28-22/yipu/da/43/07/81/21800001/10001952/4307812180000110001952-A-0004_wm.jpg
https://www.museumschina.cn/collection/details?id=ac10a8c0ae0f84357b39a0420487a194d,http://www.museumschina.cn/img/waterMark/2019-01-02-14-28-22/yipu/da/41/10/81/21800003/10000342/4110812180000310000342-A-0001_wm.jpg,新石器时代仰韶文化陶纺轮,禹州钧官窑址博物馆,陶器,新石器时代,三级,2011,单一/无机质/陶,http://www.museumschina.cn/img/waterMark/2019-01-02-14-28-22/yipu/da/41/10/81/21800003/10000342/4110812180000310000342-A-0001_wm.jpg|http://www.museumschina.cn/img/waterMark/2019-01-02-14-28-22/yipu/da/41/10/81/21800003/10000342/4110812180000310000342-B-0001_wm.jpg|http://www.museumschina.cn/img/waterMark/2019-01-02-14-28-22/yipu/da/41/10/81/21800003/10000342/4110812180000310000342-B-0002_wm.jpg
https://www.museumschina.cn/collection/details?id=ac421a0c2eed542bf95747952f2e4fdfa,http://www.museumschina.cn/img/waterMark/2019-01-02-14-28-22/yipu/da/42/10/23/21800002/10001789/4210232180000210001789-A-0001_wm.jpg,新石器时代石家河文化陶纺轮,监利县革命历史博物馆,陶器,新石器时代,三级,1987,单一/无机质/陶,http://www.museumschina.cn/img/waterMark/2019-01-02-14-28-22/yipu/da/42/10/23/21800002/10001789/4210232180000210001789-A-0001_wm.jpg|http://www.museumschina.cn/img/waterMark/2019-01-02-14-28-22/yipu/da/42/10/23/21800002/10001789/4210232180000210001789-A-0002_wm.jpg
https://www.museumschina.cn/collection/details?id=ac1ddbdb8748f4471bb0f8c5215f7c3c5,http://www.museumschina.cn/img/waterMark/2019-01-02-14-28-22/yipu/da/64/04/22/21800001/10000565/6404222180000110000565-A-0001_wm.jpg,新石器时期齐家文化红陶杯,西吉钱币博物馆,陶器,新石器时代,三级,1985,单一/无机质/陶,http://www.museumschina.cn/img/waterMark/2019-01-02-14-28-22/yipu/da/64/04/22/21800001/10000565/6404222180000110000565-A-0001_wm.jpg|http://www.museumschina.cn/img/waterMark/2019-01-02-14-28-22/yipu/da/64/04/22/21800001/10000565/6404222180000110000565-B-0001_wm.jpg|http://www.museumschina.cn/img/waterMark/2019-01-02-14-28-22/yipu/da/64/04/22/21800001/10000565/6404222180000110000565-F-0001_wm.jpg
https://www.museumschina.cn/collection/details?id=ac3cb36bbc72643ff95a1796401953f2a,http://www.museumschina.cn/img/waterMark/2019-01-02-14-28-22/yipu/da/42/02/04/21800002/10004880/4202042180000210004880-A-0001_wm.jpg,新石器时代陶网坠,-,陶器,新石器时代,三级,2004,单一/无机质/陶,http://www.museumschina.cn/img/waterMark/2019-01-02-14-28-22/yipu/da/42/02/04/21800002/10004880/4202042180000210004880-A-0001_wm.jpg|http://www.museumschina.cn/img/waterMark/2019-01-02-14-28-22/yipu/da/42/02/04/21800002/10004880/4202042180000210004880-F-0001_wm.jpg
https://www.museumschina.cn/collection/details?id=aC135449FC4464A6CBCB11B435605BCC0,http://www.museumschina.cn/img/waterMark/2019-01-02-14-28-22/yipu/da/61/06/23/21800123/00000751/6106232180012300000751-A-0001_wm.jpg,新石器时代双耳陶罐,陕西省数字博物馆,陶器,新石器时代,三级,2005,单一/无机质/陶,http://www.museumschina.cn/img/waterMark/2019-01-02-14-28-22/yipu/da/61/06/23/21800123/00000751/6106232180012300000751-A-0001_wm.jpg|http://www.museumschina.cn/img/waterMark/2019-01-02-14-28-22/yipu/da/61/06/23/21800123/00000751/6106232180012300000751-B-0001_wm.jpg|http://www.museumschina.cn/img/waterMark/2019-01-02-14-28-22/yipu/da/61/06/23/21800123/00000751/6106232180012300000751-F-0001_wm.jpg
https://www.museumschina.cn/collection/details?id=ac3ef252e35d04711bf18737c693a8d68,http://www.museumschina.cn/img/waterMark/2019-01-02-14-28-22/yipu/da/42/13/81/21800002/10000803/4213812180000210000803-A-0001_wm.jpg,新石器时代青灰陶纺轮,广水市博物馆,陶器,新石器时代,三级,1988,单一/无机质/陶,http://www.museumschina.cn/img/waterMark/2019-01-02-14-28-22/yipu/da/42/13/81/21800002/10000803/4213812180000210000803-A-0001_wm.jpg|http://www.museumschina.cn/img/waterMark/2019-01-02-14-28-22/yipu/da/42/13/81/21800002/10000803/4213812180000210000803-C-0001_wm.jpg|http://www.museumschina.cn/img/waterMark/2019-01-02-14-28-22/yipu/da/42/13/81/21800002/10000803/4213812180000210000803-F-0001_wm.jpg
https://www.museumschina.cn/collection/details?id=aC48C0C8BD0BC46D0A476F7D031523CCC,http://www.museumschina.cn/img/waterMark/2019-01-02-14-28-22/yipu/da/37/15/23/21800002/00000766/3715232180000200000766-A-0001_wm.jpg,新石器时代大汶口文化陶匜,山东省聊城市茌平县数字博物馆,陶器,新石器时代,二级,1985,单一/无机质/陶,http://www.museumschina.cn/img/waterMark/2019-01-02-14-28-22/yipu/da/37/15/23/21800002/00000766/3715232180000200000766-A-0001_wm.jpg|http://www.museumschina.cn/img/waterMark/2019-01-02-14-28-22/yipu/da/37/15/23/21800002/00000766/3715232180000200000766-B-0001_wm.jpg|http://www.museumschina.cn/img/waterMark/2019-01-02-14-28-22/yipu/da/37/15/23/21800002/00000766/3715232180000200000766-C-0001_wm.jpg|http://www.museumschina.cn/img/waterMark/2019-01-02-14-28-22/yipu/da/37/15/23/21800002/00000766/3715232180000200000766-E-0001_wm.jpg|http://www.museumschina.cn/img/waterMark/2019-01-02-14-28-22/yipu/da/37/15/23/21800002/00000766/3715232180000200000766-E-0002_wm.jpg|http://www.museumschina.cn/img/waterMark/2019-01-02-14-28-22/yipu/da/37/15/23/21800002/00000766/3715232180000200000766-F-0001_wm.jpg
https://www.museumschina.cn/collection/details?id=aC2CC5135FC7C4A1F91CD09FE0DB1B4AD,http://www.museumschina.cn/img/waterMark/2019-01-02-14-28-22/yipu/da/61/03/26/21800399/00002434/6103262180039900002434-A-0001_wm.jpg,新石器时代红陶葫芦瓶,眉县博物馆,陶器,新石器时代,二级,1983,单一/无机质/陶,http://www.museumschina.cn/img/waterMark/2019-01-02-14-28-22/yipu/da/61/03/26/21800399/00002434/6103262180039900002434-A-0001_wm.jpg|http://www.museumschina.cn/img/waterMark/2019-01-02-14-28-22/yipu/da/61/03/26/21800399/00002434/6103262180039900002434-B-0001_wm.jpg
https://www.museumschina.cn/collection/details?id=ac194a27a1a4e460e92a9c72858bd6bea,http://www.museumschina.cn/img/waterMark/2019-01-02-14-28-22/yipu/da/42/01/03/21800003/10025090/4201032180000310025090-A-0001_wm.jpg,新石器时代马家窑文化变形蛙纹彩陶罐,-,陶器,新石器时代,二级,1989,单一/无机质/陶,http://www.museumschina.cn/img/waterMark/2019-01-02-14-28-22/yipu/da/42/01/03/21800003/10025090/4201032180000310025090-A-0001_wm.jpg|http://www.museumschina.cn/img/waterMark/2019-01-02-14-28-22/yipu/da/42/01/03/21800003/10025090/4201032180000310025090-D-0001_wm.jpg|http://www.museumschina.cn/img/waterMark/2019-01-02-14-28-22/yipu/da/42/01/03/21800003/10025090/4201032180000310025090-F-0001_wm.jpg
https://www.museumschina.cn/collection/details?id=aBB44F133B23F427CAA42CF69F9A6BF0E,http://www.museumschina.cn/img/waterMark/2019-01-02-14-28-22/yipu/da/32/02/82/21800004/00000057/3202822180000400000057-A-0001_wm.jpg,新石器时代灰陶豆,宜兴市博物馆,陶器,新石器时代,未定级,2013,单一/无机质/陶,http://www.museumschina.cn/img/waterMark/2019-01-02-14-28-22/yipu/da/32/02/82/21800004/00000057/3202822180000400000057-A-0001_wm.jpg
https://www.museumschina.cn/collection/details?id=aBF71021F26A04C17B8F2F7AAE377DB69,http://www.museumschina.cn/img/waterMark/2019-01-02-14-28-22/yipu/da/61/07/26/21800242/00000121/6107262180024200000121-A-0001_wm.jpg,新石器时代双耳彩陶罐,宁强县博物馆,陶器,新石器时代,未定级,2013,单一/无机质/陶,http://www.museumschina.cn/img/waterMark/2019-01-02-14-28-22/yipu/da/61/07/26/21800242/00000121/6107262180024200000121-A-0001_wm.jpg|http://www.museumschina.cn/img/waterMark/2019-01-02-14-28-22/yipu/da/61/07/26/21800242/00000121/6107262180024200000121-C-0001_wm.jpg
https://www.museumschina.cn/collection/details?id=ab900da880ed642cf85a5c253368b3dc1,http://www.museumschina.cn/img/waterMark/2019-01-02-14-28-22/yipu/da/45/03/29/21800001/10000155/4503292180000110000155-A-0001_wm.jpg,新石器时代晓锦遗址算珠形陶纺轮,广西壮族自治区桂林市资源县数字博物馆,陶器,新石器时代,三级,,单一/无机质/陶,http://www.museumschina.cn/img/waterMark/2019-01-02-14-28-22/yipu/da/45/03/29/21800001/10000155/4503292180000110000155-A-0001_wm.jpg|http://www.museumschina.cn/img/waterMark/2019-01-02-14-28-22/yipu/da/45/03/29/21800001/10000155/4503292180000110000155-A-0002_wm.jpg|http://www.museumschina.cn/img/waterMark/2019-01-02-14-28-22/yipu/da/45/03/29/21800001/10000155/4503292180000110000155-A-0003_wm.jpg
https://www.museumschina.cn/collection/details?id=ab840b4e96b444c1c8676656aa134b6ca,http://www.museumschina.cn/img/waterMark/2019-01-02-14-28-22/yipu/da/43/05/81/21800001/10000882/4305812180000110000882-A-0001_wm.jpg,新石器划纹陶纺轮,湖南省邵阳市武冈市数字博物馆,陶器,新石器时代,二级,,单一/无机质/陶,http://www.museumschina.cn/img/waterMark/2019-01-02-14-28-22/yipu/da/43/05/81/21800001/10000882/4305812180000110000882-A-0001_wm.jpg
https://www.museumschina.cn/collection/details?id=abe2bf6aedcb34c5baef9dd4eb4e0c457,http://www.museumschina.cn/img/waterMark/2019-01-02-14-28-22/yipu/da/22/07/21/21800001/10005602/2207212180000110005602-A-0001_wm.jpg,新石器时代陶器残件,前郭县博物馆,陶器,新石器时代,未定级,,单一/无机质/陶,http://www.museumschina.cn/img/waterMark/2019-01-02-14-28-22/yipu/da/22/07/21/21800001/10005602/2207212180000110005602-A-0001_wm.jpg|http://www.museumschina.cn/img/waterMark/2019-01-02-14-28-22/yipu/da/22/07/21/21800001/10005602/2207212180000110005602-A-0002_wm.jpg
https://www.museumschina.cn/collection/details?id=abf3f6eab5ea54969ba4ee845713d6ac9,http://www.museumschina.cn/img/waterMark/2019-01-02-14-28-22/yipu/da/43/06/82/21800001/10002752/4306822180000110002752-A-0001_wm.jpg,新石器陶仿轮,湖南省岳阳市临湘市数字博物馆,陶器,新石器时代,三级,1987,单一/无机质/陶,http://www.museumschina.cn/img/waterMark/2019-01-02-14-28-22/yipu/da/43/06/82/21800001/10002752/4306822180000110002752-A-0001_wm.jpg|http://www.museumschina.cn/img/waterMark/2019-01-02-14-28-22/yipu/da/43/06/82/21800001/10002752/4306822180000110002752-A-0002_wm.jpg|http://www.museumschina.cn/img/waterMark/2019-01-02-14-28-22/yipu/da/43/06/82/21800001/10002752/4306822180000110002752-A-0003_wm.jpg
https://www.museumschina.cn/collection/details?id=abe16c89be3c34bdeae4f4b0413c3cd26,http://www.museumschina.cn/img/waterMark/2019-01-02-14-28-22/yipu/da/64/05/21/21800001/10000206/6405212180000110000206-A-0001_wm.jpg,新石器时代红陶纺轮,宁夏回族自治区中卫市中宁县数字博物馆,陶器,新石器时代,一般,1998,单一/无机质/陶,http://www.museumschina.cn/img/waterMark/2019-01-02-14-28-22/yipu/da/64/05/21/21800001/10000206/6405212180000110000206-A-0001_wm.jpg|http://www.museumschina.cn/img/waterMark/2019-01-02-14-28-22/yipu/da/64/05/21/21800001/10000206/6405212180000110000206-C-0001_wm.jpg|http://www.museumschina.cn/img/waterMark/2019-01-02-14-28-22/yipu/da/64/05/21/21800001/10000206/6405212180000110000206-D-0001_wm.jpg
https://www.museumschina.cn/collection/details?id=aBB44F133B23F427CAA42CF69F9A6BF0E,http://www.museumschina.cn/img/waterMark/2019-01-02-14-28-22/yipu/da/32/02/82/21800004/00000057/3202822180000400000057-A-0001_wm.jpg,新石器时代灰陶豆,宜兴市博物馆,陶器,新石器时代,未定级,2013,单一/无机质/陶,http://www.museumschina.cn/img/waterMark/2019-01-02-14-28-22/yipu/da/32/02/82/21800004/00000057/3202822180000400000057-A-0001_wm.jpg
https://www.museumschina.cn/collection/details?id=abdeb9d0c32d0455abd09b2690c7356bf,http://www.museumschina.cn/img/waterMark/2019-01-02-14-28-22/yipu/da/63/02/02/21800003/10001295/6302022180000310001295-A-0001_wm.jpg,新石器时代马家窑文化马厂类型回纹带流彩陶壶,青海省海东市乐都区博物馆,陶器,新石器时代,二级,1984,单一/无机质/陶,http://www.museumschina.cn/img/waterMark/2019-01-02-14-28-22/yipu/da/63/02/02/21800003/10001295/6302022180000310001295-A-0001_wm.jpg|http://www.museumschina.cn/img/waterMark/2019-01-02-14-28-22/yipu/da/63/02/02/21800003/10001295/6302022180000310001295-A-0002_wm.jpg|http://www.museumschina.cn/img/waterMark/2019-01-02-14-28-22/yipu/da/63/02/02/21800003/10001295/6302022180000310001295-A-0003_wm.jpg|http://www.museumschina.cn/img/waterMark/2019-01-02-14-28-22/yipu/da/63/02/02/21800003/10001295/6302022180000310001295-A-0004_wm.jpg|http://www.museumschina.cn/img/waterMark/2019-01-02-14-28-22/yipu/da/63/02/02/21800003/10001295/6302022180000310001295-A-0005_wm.jpg|http://www.museumschina.cn/img/waterMark/2019-01-02-14-28-22/yipu/da/63/02/02/21800003/10001295/6302022180000310001295-A-0006_wm.jpg
https://www.museumschina.cn/collection/details?id=abbc43a26f03141b4987d697de15d2425,http://www.museumschina.cn/img/waterMark/2019-01-02-14-28-22/yipu/da/42/90/06/21800002/10003205/4290062180000210003205-A-0001_wm.jpg,新石器时代陶纺轮,-,陶器,新石器时代,三级,1988,单一/无机质/陶,http://www.museumschina.cn/img/waterMark/2019-01-02-14-28-22/yipu/da/42/90/06/21800002/10003205/4290062180000210003205-A-0001_wm.jpg|http://www.museumschina.cn/img/waterMark/2019-01-02-14-28-22/yipu/da/42/90/06/21800002/10003205/4290062180000210003205-D-0001_wm.jpg
https://www.museumschina.cn/collection/details?id=aBF78C3DCC1794DE69EC3AF4AF5A9B64D,http://www.museumschina.cn/img/waterMark/2019-01-02-14-28-22/yipu/da/42/10/03/21800005/20102369/4210032180000520102369-A-0001_wm.jpg,新石器时代红陶瓶,-,陶器,新石器时代,一级,,单一/无机质/陶,http://www.museumschina.cn/img/waterMark/2019-01-02-14-28-22/yipu/da/42/10/03/21800005/20102369/4210032180000520102369-A-0001_wm.jpg|http://www.museumschina.cn/img/waterMark/2019-01-02-14-28-22/yipu/da/42/10/03/21800005/20102369/4210032180000520102369-F-0001_wm.jpg
https://www.museumschina.cn/collection/details?id=aBF71021F26A04C17B8F2F7AAE377DB69,http://www.museumschina.cn/img/waterMark/2019-01-02-14-28-22/yipu/da/61/07/26/21800242/00000121/6107262180024200000121-A-0001_wm.jpg,新石器时代双耳彩陶罐,宁强县博物馆,陶器,新石器时代,未定级,2013,单一/无机质/陶,http://www.museumschina.cn/img/waterMark/2019-01-02-14-28-22/yipu/da/61/07/26/21800242/00000121/6107262180024200000121-A-0001_wm.jpg|http://www.museumschina.cn/img/waterMark/2019-01-02-14-28-22/yipu/da/61/07/26/21800242/00000121/6107262180024200000121-C-0001_wm.jpg
https://www.museumschina.cn/collection/details?id=aba6c08e92674440d971afe8c4dc8e74c,http://www.museumschina.cn/img/waterMark/2019-01-02-14-28-22/yipu/da/42/13/81/21800002/10000804/4213812180000210000804-A-0001_wm.jpg,新石器时代灰陶纺轮,广水市博物馆,陶器,新石器时代,三级,1988,单一/无机质/陶,http://www.museumschina.cn/img/waterMark/2019-01-02-14-28-22/yipu/da/42/13/81/21800002/10000804/4213812180000210000804-A-0001_wm.jpg|http://www.museumschina.cn/img/waterMark/2019-01-02-14-28-22/yipu/da/42/13/81/21800002/10000804/4213812180000210000804-C-0001_wm.jpg|http://www.museumschina.cn/img/waterMark/2019-01-02-14-28-22/yipu/da/42/13/81/21800002/10000804/4213812180000210000804-F-0001_wm.jpg
https://www.museumschina.cn/collection/details?id=aba0727e276684c248e668365077c0b96,http://www.museumschina.cn/img/waterMark/2019-01-02-14-28-22/yipu/da/42/10/23/21800002/10002334/4210232180000210002334-A-0001_wm.jpg,新石器时代大溪文化陶碗,监利县革命历史博物馆,陶器,新石器时代,未定级,1986,单一/无机质/陶,http://www.museumschina.cn/img/waterMark/2019-01-02-14-28-22/yipu/da/42/10/23/21800002/10002334/4210232180000210002334-A-0001_wm.jpg|http://www.museumschina.cn/img/waterMark/2019-01-02-14-28-22/yipu/da/42/10/23/21800002/10002334/4210232180000210002334-C-0001_wm.jpg|http://www.museumschina.cn/img/waterMark/2019-01-02-14-28-22/yipu/da/42/10/23/21800002/10002334/4210232180000210002334-D-0001_wm.jpg
https://www.museumschina.cn/collection/details?id=aba37e9b1f2714f21a6530f08ac580456,http://www.museumschina.cn/img/waterMark/2019-01-02-14-28-22/yipu/da/43/12/81/21900001/10000379/4312812190000110000379-A-0001_wm.jpg,新石器时代高庙文化戳印几何纹陶豆,湖南省怀化市洪江市数字博物馆,陶器,新石器时代,三级,,单一/无机质/陶,http://www.museumschina.cn/img/waterMark/2019-01-02-14-28-22/yipu/da/43/12/81/21900001/10000379/4312812190000110000379-A-0001_wm.jpg|http://www.museumschina.cn/img/waterMark/2019-01-02-14-28-22/yipu/da/43/12/81/21900001/10000379/4312812190000110000379-A-0002_wm.jpg|http://www.museumschina.cn/img/waterMark/2019-01-02-14-28-22/yipu/da/43/12/81/21900001/10000379/4312812190000110000379-A-0003_wm.jpg|http://www.museumschina.cn/img/waterMark/2019-01-02-14-28-22/yipu/da/43/12/81/21900001/10000379/4312812190000110000379-A-0004_wm.jpg
https://www.museumschina.cn/collection/details?id=ab9a778e3c0a04688b66417206844cec4,http://www.museumschina.cn/img/waterMark/2019-01-02-14-28-22/yipu/da/63/28/01/21800001/10000097/6328012180000110000097-A-0001_wm.jpg,新石器时代马家窑文化马厂类型竖线纹彩陶罐,格尔木市博物馆,陶器,新石器时代,未定级,1999,单一/无机质/陶,http://www.museumschina.cn/img/waterMark/2019-01-02-14-28-22/yipu/da/63/28/01/21800001/10000097/6328012180000110000097-A-0001_wm.jpg|http://www.museumschina.cn/img/waterMark/2019-01-02-14-28-22/yipu/da/63/28/01/21800001/10000097/6328012180000110000097-A-0002_wm.jpg|http://www.museumschina.cn/img/waterMark/2019-01-02-14-28-22/yipu/da/63/28/01/21800001/10000097/6328012180000110000097-A-0003_wm.jpg|http://www.museumschina.cn/img/waterMark/2019-01-02-14-28-22/yipu/da/63/28/01/21800001/10000097/6328012180000110000097-A-0004_wm.jpg
https://www.museumschina.cn/collection/details?id=abb3b25d3ad554e5c92427b2e3d357133,http://www.museumschina.cn/img/waterMark/2019-01-02-14-28-22/yipu/da/64/04/23/21800001/10000001/6404232180000110000001-A-0001_wm.jpg,新石器时代交错绳纹红陶斝,宁夏回族自治区固原市隆德县数字博物馆,陶器,新石器时代,二级,1985,单一/无机质/陶,http://www.museumschina.cn/img/waterMark/2019-01-02-14-28-22/yipu/da/64/04/23/21800001/10000001/6404232180000110000001-A-0001_wm.jpg|http://www.museumschina.cn/img/waterMark/2019-01-02-14-28-22/yipu/da/64/04/23/21800001/10000001/6404232180000110000001-B-0001_wm.jpg|http://www.museumschina.cn/img/waterMark/2019-01-02-14-28-22/yipu/da/64/04/23/21800001/10000001/6404232180000110000001-C-0001_wm.jpg|http://www.museumschina.cn/img/waterMark/2019-01-02-14-28-22/yipu/da/64/04/23/21800001/10000001/6404232180000110000001-D-0001_wm.jpg|http://www.museumschina.cn/img/waterMark/2019-01-02-14-28-22/yipu/da/64/04/23/21800001/10000001/6404232180000110000001-E-0001_wm.jpg|http://www.museumschina.cn/img/waterMark/2019-01-02-14-28-22/yipu/da/64/04/23/21800001/10000001/6404232180000110000001-F-0001_wm.jpg
https://www.museumschina.cn/collection/details?id=abb33aa2b51cc442eb47abe2585914fb3,http://www.museumschina.cn/img/waterMark/2019-01-02-14-28-22/yipu/da/41/01/85/21800001/10004536/4101852180000110004536-A-0001_wm.jpg,新石器时代仰韶文化彩陶罐,河南省郑州市数字博物馆,陶器,新石器时代,二级,1995,单一/无机质/陶,http://www.museumschina.cn/img/waterMark/2019-01-02-14-28-22/yipu/da/41/01/85/21800001/10004536/4101852180000110004536-A-0001_wm.jpg|http://www.museumschina.cn/img/waterMark/2019-01-02-14-28-22/yipu/da/41/01/85/21800001/10004536/4101852180000110004536-A-0002_wm.jpg|http://www.museumschina.cn/img/waterMark/2019-01-02-14-28-22/yipu/da/41/01/85/21800001/10004536/4101852180000110004536-A-0003_wm.jpg
https://www.museumschina.cn/collection/details?id=abfb85bbe272846429da1a61e03b1bbee,http://www.museumschina.cn/img/waterMark/2019-01-02-14-28-22/yipu/da/43/07/21/21800001/10000070/4307212180000110000070-A-0001_wm.jpg,新石器时代叶脉齿纹红陶盘,湖南省常德市安乡县数字博物馆,陶器,新石器时代,三级,,单一/无机质/陶,http://www.museumschina.cn/img/waterMark/2019-01-02-14-28-22/yipu/da/43/07/21/21800001/10000070/4307212180000110000070-A-0001_wm.jpg|http://www.museumschina.cn/img/waterMark/2019-01-02-14-28-22/yipu/da/43/07/21/21800001/10000070/4307212180000110000070-A-0002_wm.jpg|http://www.museumschina.cn/img/waterMark/2019-01-02-14-28-22/yipu/da/43/07/21/21800001/10000070/4307212180000110000070-A-0003_wm.jpg|http://www.museumschina.cn/img/waterMark/2019-01-02-14-28-22/yipu/da/43/07/21/21800001/10000070/4307212180000110000070-A-0004_wm.jpg|http://www.museumschina.cn/img/waterMark/2019-01-02-14-28-22/yipu/da/43/07/21/21800001/10000070/4307212180000110000070-A-0005_wm.jpg
https://www.museumschina.cn/collection/details?id=aB0ED5EABEC2744E5BF82F98C2EA5569B,http://www.museumschina.cn/img/waterMark/2019-01-02-14-28-22/yipu/da/61/06/28/21800089/00000768/6106282180008900000768-A-0001_wm.jpg,新石器时代夹砂白陶瓮,富县鄜州博物馆,陶器,新石器时代,三级,2010,单一/无机质/陶,http://www.museumschina.cn/img/waterMark/2019-01-02-14-28-22/yipu/da/61/06/28/21800089/00000768/6106282180008900000768-A-0001_wm.jpg|http://www.museumschina.cn/img/waterMark/2019-01-02-14-28-22/yipu/da/61/06/28/21800089/00000768/6106282180008900000768-B-0001_wm.jpg|http://www.museumschina.cn/img/waterMark/2019-01-02-14-28-22/yipu/da/61/06/28/21800089/00000768/6106282180008900000768-C-0001_wm.jpg
https://www.museumschina.cn/collection/details?id=aB243E4D6B178485F96663D9C8E5663A1,http://www.museumschina.cn/img/waterMark/2019-01-02-14-28-22/yipu/da/61/03/04/21800449/00002794/6103042180044900002794-A-0001_wm.jpg,新石器时代双耳高领陶罐,宝鸡市陈仓区博物馆,陶器,新石器时代,二级,1972,单一/无机质/陶,http://www.museumschina.cn/img/waterMark/2019-01-02-14-28-22/yipu/da/61/03/04/21800449/00002794/6103042180044900002794-A-0001_wm.jpg|http://www.museumschina.cn/img/waterMark/2019-01-02-14-28-22/yipu/da/61/03/04/21800449/00002794/6103042180044900002794-A-0002_wm.jpg|http://www.museumschina.cn/img/waterMark/2019-01-02-14-28-22/yipu/da/61/03/04/21800449/00002794/6103042180044900002794-B-0001_wm.jpg|http://www.museumschina.cn/img/waterMark/2019-01-02-14-28-22/yipu/da/61/03/04/21800449/00002794/6103042180044900002794-C-0001_wm.jpg|http://www.museumschina.cn/img/waterMark/2019-01-02-14-28-22/yipu/da/61/03/04/21800449/00002794/6103042180044900002794-C-0002_wm.jpg|http://www.museumschina.cn/img/waterMark/2019-01-02-14-28-22/yipu/da/61/03/04/21800449/00002794/6103042180044900002794-C-0003_wm.jpg|http://www.museumschina.cn/img/waterMark/2019-01-02-14-28-22/yipu/da/61/03/04/21800449/00002794/6103042180044900002794-C-0004_wm.jpg|http://www.museumschina.cn/img/waterMark/2019-01-02-14-28-22/yipu/da/61/03/04/21800449/00002794/6103042180044900002794-F-0001_wm.jpg
https://www.museumschina.cn/collection/details?id=ab1816bcc752b46f29deee62ed567db1e,http://www.museumschina.cn/img/waterMark/2019-01-02-14-28-22/yipu/da/43/10/22/21800001/10000354/4310222180000110000354-A-0001_wm.jpg,新石器时代陶纺轮,湖南省郴州市宜章县数字博物馆,陶器,新石器时代,一般,1986,单一/无机质/陶,http://www.museumschina.cn/img/waterMark/2019-01-02-14-28-22/yipu/da/43/10/22/21800001/10000354/4310222180000110000354-A-0001_wm.jpg|http://www.museumschina.cn/img/waterMark/2019-01-02-14-28-22/yipu/da/43/10/22/21800001/10000354/4310222180000110000354-A-0002_wm.jpg|http://www.museumschina.cn/img/waterMark/2019-01-02-14-28-22/yipu/da/43/10/22/21800001/10000354/4310222180000110000354-A-0003_wm.jpg
https://www.museumschina.cn/collection/details?id=ab715c932d4c24d529a273bdbe8b572e9,http://www.museumschina.cn/img/waterMark/2019-01-02-14-28-22/yipu/da/34/08/27/21800006/10001889/3408272180000610001889-A-0001_wm.jpg,新石器时代晚期红陶网坠,望江县博物馆,陶器,新石器时代,三级,1980,单一/无机质/陶,http://www.museumschina.cn/img/waterMark/2019-01-02-14-28-22/yipu/da/34/08/27/21800006/10001889/3408272180000610001889-A-0001_wm.jpg|http://www.museumschina.cn/img/waterMark/2019-01-02-14-28-22/yipu/da/34/08/27/21800006/10001889/3408272180000610001889-C-0001_wm.jpg|http://www.museumschina.cn/img/waterMark/2019-01-02-14-28-22/yipu/da/34/08/27/21800006/10001889/3408272180000610001889-C-0002_wm.jpg
https://www.museumschina.cn/collection/details?id=ab270b410c9a34bcda2bea40914fd340d,http://www.museumschina.cn/img/waterMark/2019-01-02-14-28-22/yipu/da/43/31/01/21800003/10000181/4331012180000310000181-A-0001_wm.jpg,新石器陶片,湖南省湘西土家族苗族自治州吉首市数字博物馆,陶器,新石器时代,未定级,,单一/无机质/陶,http://www.museumschina.cn/img/waterMark/2019-01-02-14-28-22/yipu/da/43/31/01/21800003/10000181/4331012180000310000181-A-0001_wm.jpg|http://www.museumschina.cn/img/waterMark/2019-01-02-14-28-22/yipu/da/43/31/01/21800003/10000181/4331012180000310000181-A-0002_wm.jpg
https://www.museumschina.cn/collection/details?id=ab791245e13734b239e8db4746e8036fb,http://www.museumschina.cn/img/waterMark/2019-01-02-14-28-22/yipu/da/41/13/21/21800001/10000669/4113212180000110000669-A-0001_wm.jpg,新石器时代陶纺轮,南召猿人博物馆,陶器,新石器时代,三级,1985,单一/无机质/陶,http://www.museumschina.cn/img/waterMark/2019-01-02-14-28-22/yipu/da/41/13/21/21800001/10000669/4113212180000110000669-A-0001_wm.jpg
https://www.museumschina.cn/collection/details?id=ab2f9668a48ae4aef9d505f17c0daf950,http://www.museumschina.cn/img/waterMark/2019-01-02-14-28-22/yipu/da/32/03/12/21800007/10000184/3203122180000710000184-A-0001_wm.jpg,新石器时代大汶口文化八角纹彩陶钵,新沂市博物馆,陶器,新石器时代,二级,,单一/无机质/陶,http://www.museumschina.cn/img/waterMark/2019-01-02-14-28-22/yipu/da/32/03/12/21800007/10000184/3203122180000710000184-A-0001_wm.jpg
https://www.museumschina.cn/collection/details?id=ab53ae597b33b4c5cb9f0fb9afbaa41f6,http://www.museumschina.cn/img/waterMark/2019-01-02-14-28-22/yipu/da/34/08/25/21800010/10000170/3408252180001010000170-A-0001_wm.jpg,新石器时代陶纺轮,太湖县文物管理所（博物馆）,陶器,新石器时代,三级,2012,单一/无机质/陶,http://www.museumschina.cn/img/waterMark/2019-01-02-14-28-22/yipu/da/34/08/25/21800010/10000170/3408252180001010000170-A-0001_wm.jpg|http://www.museumschina.cn/img/waterMark/2019-01-02-14-28-22/yipu/da/34/08/25/21800010/10000170/3408252180001010000170-B-0001_wm.jpg|http://www.museumschina.cn/img/waterMark/2019-01-02-14-28-22/yipu/da/34/08/25/21800010/10000170/3408252180001010000170-D-0001_wm.jpg
https://www.museumschina.cn/collection/details?id=ab2091463f3ea4040a8aa2c8ae516ef84,http://www.museumschina.cn/img/waterMark/2019-01-02-14-28-22/yipu/da/42/10/87/21800002/10001572/4210872180000210001572-A-0001_wm.jpg,新石器时代大溪文化红陶壶,松滋市博物馆,陶器,新石器时代,二级,1980,单一/无机质/陶,http://www.museumschina.cn/img/waterMark/2019-01-02-14-28-22/yipu/da/42/10/87/21800002/10001572/4210872180000210001572-A-0001_wm.jpg|http://www.museumschina.cn/img/waterMark/2019-01-02-14-28-22/yipu/da/42/10/87/21800002/10001572/4210872180000210001572-A-0002_wm.jpg|http://www.museumschina.cn/img/waterMark/2019-01-02-14-28-22/yipu/da/42/10/87/21800002/10001572/4210872180000210001572-A-0003_wm.jpg|http://www.museumschina.cn/img/waterMark/2019-01-02-14-28-22/yipu/da/42/10/87/21800002/10001572/4210872180000210001572-B-0001_wm.jpg|http://www.museumschina.cn/img/waterMark/2019-01-02-14-28-22/yipu/da/42/10/87/21800002/10001572/4210872180000210001572-F-0001_wm.jpg
https://www.museumschina.cn/collection/details?id=aB243E4D6B178485F96663D9C8E5663A1,http://www.museumschina.cn/img/waterMark/2019-01-02-14-28-22/yipu/da/61/03/04/21800449/00002794/6103042180044900002794-A-0001_wm.jpg,新石器时代双耳高领陶罐,宝鸡市陈仓区博物馆,陶器,新石器时代,二级,1972,单一/无机质/陶,http://www.museumschina.cn/img/waterMark/2019-01-02-14-28-22/yipu/da/61/03/04/21800449/00002794/6103042180044900002794-A-0001_wm.jpg|http://www.museumschina.cn/img/waterMark/2019-01-02-14-28-22/yipu/da/61/03/04/21800449/00002794/6103042180044900002794-A-0002_wm.jpg|http://www.museumschina.cn/img/waterMark/2019-01-02-14-28-22/yipu/da/61/03/04/21800449/00002794/6103042180044900002794-B-0001_wm.jpg|http://www.museumschina.cn/img/waterMark/2019-01-02-14-28-22/yipu/da/61/03/04/21800449/00002794/6103042180044900002794-C-0001_wm.jpg|http://www.museumschina.cn/img/waterMark/2019-01-02-14-28-22/yipu/da/61/03/04/21800449/00002794/6103042180044900002794-C-0002_wm.jpg|http://www.museumschina.cn/img/waterMark/2019-01-02-14-28-22/yipu/da/61/03/04/21800449/00002794/6103042180044900002794-C-0003_wm.jpg|http://www.museumschina.cn/img/waterMark/2019-01-02-14-28-22/yipu/da/61/03/04/21800449/00002794/6103042180044900002794-C-0004_wm.jpg|http://www.museumschina.cn/img/waterMark/2019-01-02-14-28-22/yipu/da/61/03/04/21800449/00002794/6103042180044900002794-F-0001_wm.jpg
https://www.museumschina.cn/collection/details?id=ab4bbbb7a2c99427f8ebf196f8f173eac,http://www.museumschina.cn/img/waterMark/2019-01-02-14-28-22/yipu/da/22/08/22/21800001/10005304/2208222180000110005304-A-0001_wm.jpg,新石器时代红陶罐,通榆县博物馆,陶器,新石器时代,三级,2009,单一/无机质/陶,http://www.museumschina.cn/img/waterMark/2019-01-02-14-28-22/yipu/da/22/08/22/21800001/10005304/2208222180000110005304-A-0001_wm.jpg|http://www.museumschina.cn/img/waterMark/2019-01-02-14-28-22/yipu/da/22/08/22/21800001/10005304/2208222180000110005304-A-0002_wm.jpg|http://www.museumschina.cn/img/waterMark/2019-01-02-14-28-22/yipu/da/22/08/22/21800001/10005304/2208222180000110005304-A-0003_wm.jpg
https://www.museumschina.cn/collection/details?id=aB0ED5EABEC2744E5BF82F98C2EA5569B,http://www.museumschina.cn/img/waterMark/2019-01-02-14-28-22/yipu/da/61/06/28/21800089/00000768/6106282180008900000768-A-0001_wm.jpg,新石器时代夹砂白陶瓮,富县鄜州博物馆,陶器,新石器时代,三级,2010,单一/无机质/陶,http://www.museumschina.cn/img/waterMark/2019-01-02-14-28-22/yipu/da/61/06/28/21800089/00000768/6106282180008900000768-A-0001_wm.jpg|http://www.museumschina.cn/img/waterMark/2019-01-02-14-28-22/yipu/da/61/06/28/21800089/00000768/6106282180008900000768-B-0001_wm.jpg|http://www.museumschina.cn/img/waterMark/2019-01-02-14-28-22/yipu/da/61/06/28/21800089/00000768/6106282180008900000768-C-0001_wm.jpg
https://www.museumschina.cn/collection/details?id=ab1816bcc752b46f29deee62ed567db1e,http://www.museumschina.cn/img/waterMark/2019-01-02-14-28-22/yipu/da/43/10/22/21800001/10000354/4310222180000110000354-A-0001_wm.jpg,新石器时代陶纺轮,湖南省郴州市宜章县数字博物馆,陶器,新石器时代,一般,1986,单一/无机质/陶,http://www.museumschina.cn/img/waterMark/2019-01-02-14-28-22/yipu/da/43/10/22/21800001/10000354/4310222180000110000354-A-0001_wm.jpg|http://www.museumschina.cn/img/waterMark/2019-01-02-14-28-22/yipu/da/43/10/22/21800001/10000354/4310222180000110000354-A-0002_wm.jpg|http://www.museumschina.cn/img/waterMark/2019-01-02-14-28-22/yipu/da/43/10/22/21800001/10000354/4310222180000110000354-A-0003_wm.jpg
https://www.museumschina.cn/collection/details?id=ab199b6c7beef4b1fb3538f6a8beb47f7,http://www.museumschina.cn/img/waterMark/2019-01-02-14-28-22/yipu/da/41/11/22/21800003/10000718/4111222180000310000718-A-0001_wm.jpg,新石器时代龙山文化红陶纺轮,河南省漯河市临颍县数字博物馆,陶器,新石器时代,三级,1977,单一/无机质/陶,http://www.museumschina.cn/img/waterMark/2019-01-02-14-28-22/yipu/da/41/11/22/21800003/10000718/4111222180000310000718-A-0001_wm.jpg|http://www.museumschina.cn/img/waterMark/2019-01-02-14-28-22/yipu/da/41/11/22/21800003/10000718/4111222180000310000718-A-0002_wm.jpg|http://www.museumschina.cn/img/waterMark/2019-01-02-14-28-22/yipu/da/41/11/22/21800003/10000718/4111222180000310000718-C-0001_wm.jpg
https://www.museumschina.cn/collection/details?id=ab52c23fadf2d473b9511b23230946f6f,http://www.museumschina.cn/img/waterMark/2019-01-02-14-28-22/yipu/da/42/09/21/21800002/10000607/4209212180000210000607-B-0001_wm.jpg,新石器时代泥质灰陶纺轮,孝昌县博物馆,陶器,新石器时代,未定级,1995,单一/无机质/陶,http://www.museumschina.cn/img/waterMark/2019-01-02-14-28-22/yipu/da/42/09/21/21800002/10000607/4209212180000210000607-B-0001_wm.jpg|http://www.museumschina.cn/img/waterMark/2019-01-02-14-28-22/yipu/da/42/09/21/21800002/10000607/4209212180000210000607-B-0002_wm.jpg|http://www.museumschina.cn/img/waterMark/2019-01-02-14-28-22/yipu/da/42/09/21/21800002/10000607/4209212180000210000607-C-0001_wm.jpg
https://www.museumschina.cn/collection/details?id=ab1b179a725f9439aa456de699d021c09,http://www.museumschina.cn/img/waterMark/2019-01-02-14-28-22/yipu/da/43/07/23/21800001/10002902/4307232180000110002902-A-0001_wm.jpg,新石器时代屈家岭文化弦纹灰陶壶,常德市澧县博物馆,陶器,新石器时代,二级,2005,单一/无机质/陶,http://www.museumschina.cn/img/waterMark/2019-01-02-14-28-22/yipu/da/43/07/23/21800001/10002902/4307232180000110002902-A-0001_wm.jpg|http://www.museumschina.cn/img/waterMark/2019-01-02-14-28-22/yipu/da/43/07/23/21800001/10002902/4307232180000110002902-A-0002_wm.jpg|http://www.museumschina.cn/img/waterMark/2019-01-02-14-28-22/yipu/da/43/07/23/21800001/10002902/4307232180000110002902-A-0003_wm.jpg|http://www.museumschina.cn/img/waterMark/2019-01-02-14-28-22/yipu/da/43/07/23/21800001/10002902/4307232180000110002902-A-0004_wm.jpg|http://www.museumschina.cn/img/waterMark/2019-01-02-14-28-22/yipu/da/43/07/23/21800001/10002902/4307232180000110002902-A-0005_wm.jpg|http://www.museumschina.cn/img/waterMark/2019-01-02-14-28-22/yipu/da/43/07/23/21800001/10002902/4307232180000110002902-A-0006_wm.jpg|http://www.museumschina.cn/img/waterMark/2019-01-02-14-28-22/yipu/da/43/07/23/21800001/10002902/4307232180000110002902-A-0007_wm.jpg
https://www.museumschina.cn/collection/details?id=aa871d37d5a9043d2a0d5c7415161ef5f,http://www.museumschina.cn/img/waterMark/2019-01-02-14-28-22/yipu/da/63/02/21/21800001/10000090/6302212180000110000090-A-0001_wm.jpg,新石器时代马家窑文化马厂类型四大圆圈纹双耳彩陶壶,青海省海东市平安县数字博物馆,陶器,新石器时代,二级,1989,单一/无机质/陶,http://www.museumschina.cn/img/waterMark/2019-01-02-14-28-22/yipu/da/63/02/21/21800001/10000090/6302212180000110000090-A-0001_wm.jpg|http://www.museumschina.cn/img/waterMark/2019-01-02-14-28-22/yipu/da/63/02/21/21800001/10000090/6302212180000110000090-A-0002_wm.jpg|http://www.museumschina.cn/img/waterMark/2019-01-02-14-28-22/yipu/da/63/02/21/21800001/10000090/6302212180000110000090-A-0003_wm.jpg|http://www.museumschina.cn/img/waterMark/2019-01-02-14-28-22/yipu/da/63/02/21/21800001/10000090/6302212180000110000090-A-0004_wm.jpg|http://www.museumschina.cn/img/waterMark/2019-01-02-14-28-22/yipu/da/63/02/21/21800001/10000090/6302212180000110000090-A-0005_wm.jpg|http://www.museumschina.cn/img/waterMark/2019-01-02-14-28-22/yipu/da/63/02/21/21800001/10000090/6302212180000110000090-A-0006_wm.jpg
https://www.museumschina.cn/collection/details?id=aa89cc538e7da4f7eac90ad6b60861830,http://www.museumschina.cn/img/waterMark/2019-01-02-14-28-22/yipu/da/41/13/30/21800001/10000231/4113302180000110000231-A-0001_wm.jpg,新石器时代灰陶鬲,河南省南阳市桐柏县数字博物馆,陶器,新石器时代,三级,1972,单一/无机质/陶,http://www.museumschina.cn/img/waterMark/2019-01-02-14-28-22/yipu/da/41/13/30/21800001/10000231/4113302180000110000231-A-0001_wm.jpg|http://www.museumschina.cn/img/waterMark/2019-01-02-14-28-22/yipu/da/41/13/30/21800001/10000231/4113302180000110000231-C-0001_wm.jpg
https://www.museumschina.cn/collection/details?id=aa9d5be2526084ff682707c7b3095ede6,http://www.museumschina.cn/img/waterMark/2019-01-02-14-28-22/yipu/da/36/09/25/21800002/10002639/3609252180000210002639-A-0001_wm.jpg,新石器时代晚期带把三足陶壶,靖安县博物馆,陶器,新石器时代,一级,1991,单一/无机质/陶,http://www.museumschina.cn/img/waterMark/2019-01-02-14-28-22/yipu/da/36/09/25/21800002/10002639/3609252180000210002639-A-0001_wm.jpg|http://www.museumschina.cn/img/waterMark/2019-01-02-14-28-22/yipu/da/36/09/25/21800002/10002639/3609252180000210002639-A-0002_wm.jpg|http://www.museumschina.cn/img/waterMark/2019-01-02-14-28-22/yipu/da/36/09/25/21800002/10002639/3609252180000210002639-A-0003_wm.jpg|http://www.museumschina.cn/img/waterMark/2019-01-02-14-28-22/yipu/da/36/09/25/21800002/10002639/3609252180000210002639-A-0004_wm.jpg|http://www.museumschina.cn/img/waterMark/2019-01-02-14-28-22/yipu/da/36/09/25/21800002/10002639/3609252180000210002639-B-0001_wm.jpg|http://www.museumschina.cn/img/waterMark/2019-01-02-14-28-22/yipu/da/36/09/25/21800002/10002639/3609252180000210002639-E-0001_wm.jpg|http://www.museumschina.cn/img/waterMark/2019-01-02-14-28-22/yipu/da/36/09/25/21800002/10002639/3609252180000210002639-F-0001_wm.jpg
https://www.museumschina.cn/collection/details?id=aaa9c78a5c3754c00b05918c1af3bfbc6,http://www.museumschina.cn/img/waterMark/2019-01-02-14-28-22/yipu/da/32/04/82/21800001/10005959/3204822180000110005959-A-0001_wm.jpg,新石器时代马家浜文化中晚期带把徽号壶,金坛市博物馆,陶器,新石器时代,二级,2003,单一/无机质/陶,http://www.museumschina.cn/img/waterMark/2019-01-02-14-28-22/yipu/da/32/04/82/21800001/10005959/3204822180000110005959-A-0001_wm.jpg|http://www.museumschina.cn/img/waterMark/2019-01-02-14-28-22/yipu/da/32/04/82/21800001/10005959/3204822180000110005959-A-0002_wm.jpg|http://www.museumschina.cn/img/waterMark/2019-01-02-14-28-22/yipu/da/32/04/82/21800001/10005959/3204822180000110005959-A-0003_wm.jpg|http://www.museumschina.cn/img/waterMark/2019-01-02-14-28-22/yipu/da/32/04/82/21800001/10005959/3204822180000110005959-A-0004_wm.jpg|http://www.museumschina.cn/img/waterMark/2019-01-02-14-28-22/yipu/da/32/04/82/21800001/10005959/3204822180000110005959-A-0005_wm.jpg|http://www.museumschina.cn/img/waterMark/2019-01-02-14-28-22/yipu/da/32/04/82/21800001/10005959/3204822180000110005959-A-0006_wm.jpg|http://www.museumschina.cn/img/waterMark/2019-01-02-14-28-22/yipu/da/32/04/82/21800001/10005959/3204822180000110005959-A-0007_wm.jpg|http://www.museumschina.cn/img/waterMark/2019-01-02-14-28-22/yipu/da/32/04/82/21800001/10005959/3204822180000110005959-A-0008_wm.jpg|http://www.museumschina.cn/img/waterMark/2019-01-02-14-28-22/yipu/da/32/04/82/21800001/10005959/3204822180000110005959-A-0009_wm.jpg
https://www.museumschina.cn/collection/details?id=aac531e347c84424db2c1a2308be70a61,http://www.museumschina.cn/img/waterMark/2019-01-02-14-28-22/yipu/da/41/10/24/21800002/10001015/4110242180000210001015-A-0001_wm.jpg,新石器时代仰韶文化红陶背壶,河南省许昌市鄢陵县数字博物馆,陶器,新石器时代,二级,1998,单一/无机质/陶,http://www.museumschina.cn/img/waterMark/2019-01-02-14-28-22/yipu/da/41/10/24/21800002/10001015/4110242180000210001015-A-0001_wm.jpg|http://www.museumschina.cn/img/waterMark/2019-01-02-14-28-22/yipu/da/41/10/24/21800002/10001015/4110242180000210001015-B-0001_wm.jpg|http://www.museumschina.cn/img/waterMark/2019-01-02-14-28-22/yipu/da/41/10/24/21800002/10001015/4110242180000210001015-D-0001_wm.jpg|http://www.museumschina.cn/img/waterMark/2019-01-02-14-28-22/yipu/da/41/10/24/21800002/10001015/4110242180000210001015-F-0001_wm.jpg
https://www.museumschina.cn/collection/details?id=aab95e34a4e08435b84afccf76c44dfed,http://www.museumschina.cn/img/waterMark/2019-01-02-14-28-22/yipu/da/41/11/21/21900001/10001448/4111212190000110001448-A-0001_wm.jpg,新石器时代龙山文化灰陶豆,河南省漯河市数字博物馆,陶器,新石器时代,三级,1990,单一/无机质/陶,http://www.museumschina.cn/img/waterMark/2019-01-02-14-28-22/yipu/da/41/11/21/21900001/10001448/4111212190000110001448-A-0001_wm.jpg|http://www.museumschina.cn/img/waterMark/2019-01-02-14-28-22/yipu/da/41/11/21/21900001/10001448/4111212190000110001448-A-0002_wm.jpg|http://www.museumschina.cn/img/waterMark/2019-01-02-14-28-22/yipu/da/41/11/21/21900001/10001448/4111212190000110001448-A-0003_wm.jpg|http://www.museumschina.cn/img/waterMark/2019-01-02-14-28-22/yipu/da/41/11/21/21900001/10001448/4111212190000110001448-A-0004_wm.jpg
https://www.museumschina.cn/collection/details?id=aAECB0079C10B44C2882BF5BB54B5BDA0,http://www.museumschina.cn/img/waterMark/2019-01-02-14-28-22/yipu/da/61/05/24/21800333/00001179/6105242180033300001179-A-0001_wm.jpg,新石器时代绳纹大陶鬲,合阳县博物馆,陶器,新石器时代,三级,1987,单一/无机质/陶,http://www.museumschina.cn/img/waterMark/2019-01-02-14-28-22/yipu/da/61/05/24/21800333/00001179/6105242180033300001179-A-0001_wm.jpg|http://www.museumschina.cn/img/waterMark/2019-01-02-14-28-22/yipu/da/61/05/24/21800333/00001179/6105242180033300001179-B-0001_wm.jpg|http://www.museumschina.cn/img/waterMark/2019-01-02-14-28-22/yipu/da/61/05/24/21800333/00001179/6105242180033300001179-D-0001_wm.jpg|http://www.museumschina.cn/img/waterMark/2019-01-02-14-28-22/yipu/da/61/05/24/21800333/00001179/6105242180033300001179-E-0001_wm.jpg|http://www.museumschina.cn/img/waterMark/2019-01-02-14-28-22/yipu/da/61/05/24/21800333/00001179/6105242180033300001179-E-0002_wm.jpg|http://www.museumschina.cn/img/waterMark/2019-01-02-14-28-22/yipu/da/61/05/24/21800333/00001179/6105242180033300001179-E-0003_wm.jpg|http://www.museumschina.cn/img/waterMark/2019-01-02-14-28-22/yipu/da/61/05/24/21800333/00001179/6105242180033300001179-E-0004_wm.jpg|http://www.museumschina.cn/img/waterMark/2019-01-02-14-28-22/yipu/da/61/05/24/21800333/00001179/6105242180033300001179-E-0005_wm.jpg|http://www.museumschina.cn/img/waterMark/2019-01-02-14-28-22/yipu/da/61/05/24/21800333/00001179/6105242180033300001179-E-0006_wm.jpg|http://www.museumschina.cn/img/waterMark/2019-01-02-14-28-22/yipu/da/61/05/24/21800333/00001179/6105242180033300001179-E-0007_wm.jpg|http://www.museumschina.cn/img/waterMark/2019-01-02-14-28-22/yipu/da/61/05/24/21800333/00001179/6105242180033300001179-F-0001_wm.jpg
https://www.museumschina.cn/collection/details?id=aab95e34a4e08435b84afccf76c44dfed,http://www.museumschina.cn/img/waterMark/2019-01-02-14-28-22/yipu/da/41/11/21/21900001/10001448/4111212190000110001448-A-0001_wm.jpg,新石器时代龙山文化灰陶豆,河南省漯河市数字博物馆,陶器,新石器时代,三级,1990,单一/无机质/陶,http://www.museumschina.cn/img/waterMark/2019-01-02-14-28-22/yipu/da/41/11/21/21900001/10001448/4111212190000110001448-A-0001_wm.jpg|http://www.museumschina.cn/img/waterMark/2019-01-02-14-28-22/yipu/da/41/11/21/21900001/10001448/4111212190000110001448-A-0002_wm.jpg|http://www.museumschina.cn/img/waterMark/2019-01-02-14-28-22/yipu/da/41/11/21/21900001/10001448/4111212190000110001448-A-0003_wm.jpg|http://www.museumschina.cn/img/waterMark/2019-01-02-14-28-22/yipu/da/41/11/21/21900001/10001448/4111212190000110001448-A-0004_wm.jpg
https://www.museumschina.cn/collection/details?id=aaec5f3961a21421db3a42a57488d2bcd,http://www.museumschina.cn/img/waterMark/2019-01-02-14-28-22/yipu/da/63/02/25/21800001/10000067/6302252180000110000067-A-0001_wm.jpg,新石器时代马家窑文化半山类型涡纹双耳彩陶壶,青海省海东市循化撒拉族自治县数字博物馆,陶器,新石器时代,一级,1982,单一/无机质/陶,http://www.museumschina.cn/img/waterMark/2019-01-02-14-28-22/yipu/da/63/02/25/21800001/10000067/6302252180000110000067-A-0001_wm.jpg|http://www.museumschina.cn/img/waterMark/2019-01-02-14-28-22/yipu/da/63/02/25/21800001/10000067/6302252180000110000067-A-0002_wm.jpg|http://www.museumschina.cn/img/waterMark/2019-01-02-14-28-22/yipu/da/63/02/25/21800001/10000067/6302252180000110000067-A-0003_wm.jpg|http://www.museumschina.cn/img/waterMark/2019-01-02-14-28-22/yipu/da/63/02/25/21800001/10000067/6302252180000110000067-A-0004_wm.jpg|http://www.museumschina.cn/img/waterMark/2019-01-02-14-28-22/yipu/da/63/02/25/21800001/10000067/6302252180000110000067-A-0005_wm.jpg|http://www.museumschina.cn/img/waterMark/2019-01-02-14-28-22/yipu/da/63/02/25/21800001/10000067/6302252180000110000067-A-0006_wm.jpg|http://www.museumschina.cn/img/waterMark/2019-01-02-14-28-22/yipu/da/63/02/25/21800001/10000067/6302252180000110000067-A-0007_wm.jpg|http://www.museumschina.cn/img/waterMark/2019-01-02-14-28-22/yipu/da/63/02/25/21800001/10000067/6302252180000110000067-A-0008_wm.jpg
https://www.museumschina.cn/collection/details?id=aaa9c78a5c3754c00b05918c1af3bfbc6,http://www.museumschina.cn/img/waterMark/2019-01-02-14-28-22/yipu/da/32/04/82/21800001/10005959/3204822180000110005959-A-0001_wm.jpg,新石器时代马家浜文化中晚期带把徽号壶,金坛市博物馆,陶器,新石器时代,二级,2003,单一/无机质/陶,http://www.museumschina.cn/img/waterMark/2019-01-02-14-28-22/yipu/da/32/04/82/21800001/10005959/3204822180000110005959-A-0001_wm.jpg|http://www.museumschina.cn/img/waterMark/2019-01-02-14-28-22/yipu/da/32/04/82/21800001/10005959/3204822180000110005959-A-0002_wm.jpg|http://www.museumschina.cn/img/waterMark/2019-01-02-14-28-22/yipu/da/32/04/82/21800001/10005959/3204822180000110005959-A-0003_wm.jpg|http://www.museumschina.cn/img/waterMark/2019-01-02-14-28-22/yipu/da/32/04/82/21800001/10005959/3204822180000110005959-A-0004_wm.jpg|http://www.museumschina.cn/img/waterMark/2019-01-02-14-28-22/yipu/da/32/04/82/21800001/10005959/3204822180000110005959-A-0005_wm.jpg|http://www.museumschina.cn/img/waterMark/2019-01-02-14-28-22/yipu/da/32/04/82/21800001/10005959/3204822180000110005959-A-0006_wm.jpg|http://www.museumschina.cn/img/waterMark/2019-01-02-14-28-22/yipu/da/32/04/82/21800001/10005959/3204822180000110005959-A-0007_wm.jpg|http://www.museumschina.cn/img/waterMark/2019-01-02-14-28-22/yipu/da/32/04/82/21800001/10005959/3204822180000110005959-A-0008_wm.jpg|http://www.museumschina.cn/img/waterMark/2019-01-02-14-28-22/yipu/da/32/04/82/21800001/10005959/3204822180000110005959-A-0009_wm.jpg
https://www.museumschina.cn/collection/details?id=aa7a1baccd89e428da2a25e6ca2fcdd46,http://www.museumschina.cn/img/waterMark/2019-01-02-14-28-22/yipu/da/42/08/21/21800002/10002203/4208212180000210002203-A-0001_wm.jpg,新石器时代屈家岭文化黑陶杯,京山县博物馆,陶器,新石器时代,三级,1973,单一/无机质/陶,http://www.museumschina.cn/img/waterMark/2019-01-02-14-28-22/yipu/da/42/08/21/21800002/10002203/4208212180000210002203-A-0001_wm.jpg|http://www.museumschina.cn/img/waterMark/2019-01-02-14-28-22/yipu/da/42/08/21/21800002/10002203/4208212180000210002203-B-0001_wm.jpg|http://www.museumschina.cn/img/waterMark/2019-01-02-14-28-22/yipu/da/42/08/21/21800002/10002203/4208212180000210002203-C-0001_wm.jpg|http://www.museumschina.cn/img/waterMark/2019-01-02-14-28-22/yipu/da/42/08/21/21800002/10002203/4208212180000210002203-C-0002_wm.jpg|http://www.museumschina.cn/img/waterMark/2019-01-02-14-28-22/yipu/da/42/08/21/21800002/10002203/4208212180000210002203-C-0003_wm.jpg|http://www.museumschina.cn/img/waterMark/2019-01-02-14-28-22/yipu/da/42/08/21/21800002/10002203/4208212180000210002203-F-0001_wm.jpg
https://www.museumschina.cn/collection/details?id=aA5B8FBDC136D4F6AB96049D372FC39B8,http://www.museumschina.cn/img/waterMark/2019-01-02-14-28-22/yipu/da/37/06/12/21800002/00003361/3706122180000200003361-A-0001_wm.jpg,新石器时代大汶口文化陶纺轮,烟台市牟平区博物馆,陶器,新石器时代,未定级,1974,单一/无机质/陶,http://www.museumschina.cn/img/waterMark/2019-01-02-14-28-22/yipu/da/37/06/12/21800002/00003361/3706122180000200003361-A-0001_wm.jpg|http://www.museumschina.cn/img/waterMark/2019-01-02-14-28-22/yipu/da/37/06/12/21800002/00003361/3706122180000200003361-A-0002_wm.jpg|http://www.museumschina.cn/img/waterMark/2019-01-02-14-28-22/yipu/da/37/06/12/21800002/00003361/3706122180000200003361-B-0001_wm.jpg|http://www.museumschina.cn/img/waterMark/2019-01-02-14-28-22/yipu/da/37/06/12/21800002/00003361/3706122180000200003361-F-0001_wm.jpg|http://www.museumschina.cn/img/waterMark/2019-01-02-14-28-22/yipu/da/37/06/12/21800002/00003361/3706122180000200003361-F-0002_wm.jpg
https://www.museumschina.cn/collection/details?id=aa615e57f200e454b84f3fb878b5709ba,http://www.museumschina.cn/img/waterMark/2019-01-02-14-28-22/yipu/da/63/23/21/21800003/10000003/6323212180000310000003-A-0001_wm.jpg,新石器时代马家窑文化马厂类型波折纹双耳彩陶壶,青海省黄南藏族自治州同仁县数字博物馆,陶器,新石器时代,三级,2009,单一/无机质/陶,http://www.museumschina.cn/img/waterMark/2019-01-02-14-28-22/yipu/da/63/23/21/21800003/10000003/6323212180000310000003-A-0001_wm.jpg|http://www.museumschina.cn/img/waterMark/2019-01-02-14-28-22/yipu/da/63/23/21/21800003/10000003/6323212180000310000003-A-0002_wm.jpg|http://www.museumschina.cn/img/waterMark/2019-01-02-14-28-22/yipu/da/63/23/21/21800003/10000003/6323212180000310000003-A-0003_wm.jpg|http://www.museumschina.cn/img/waterMark/2019-01-02-14-28-22/yipu/da/63/23/21/21800003/10000003/6323212180000310000003-A-0004_wm.jpg|http://www.museumschina.cn/img/waterMark/2019-01-02-14-28-22/yipu/da/63/23/21/21800003/10000003/6323212180000310000003-A-0005_wm.jpg|http://www.museumschina.cn/img/waterMark/2019-01-02-14-28-22/yipu/da/63/23/21/21800003/10000003/6323212180000310000003-A-0006_wm.jpg
https://www.museumschina.cn/collection/details?id=aa6b319b0327548dc8b36ddc88cfc9747,http://www.museumschina.cn/img/waterMark/2019-01-02-14-28-22/yipu/da/63/01/23/21800001/10000450/6301232180000110000450-A-0001_wm.jpg,新石器时代马家窑文化马厂类型菱形纹双耳彩陶罐,湟源县博物馆,陶器,新石器时代,未定级,1985,单一/无机质/陶,http://www.museumschina.cn/img/waterMark/2019-01-02-14-28-22/yipu/da/63/01/23/21800001/10000450/6301232180000110000450-A-0001_wm.jpg|http://www.museumschina.cn/img/waterMark/2019-01-02-14-28-22/yipu/da/63/01/23/21800001/10000450/6301232180000110000450-A-0002_wm.jpg|http://www.museumschina.cn/img/waterMark/2019-01-02-14-28-22/yipu/da/63/01/23/21800001/10000450/6301232180000110000450-A-0003_wm.jpg|http://www.museumschina.cn/img/waterMark/2019-01-02-14-28-22/yipu/da/63/01/23/21800001/10000450/6301232180000110000450-A-0004_wm.jpg|http://www.museumschina.cn/img/waterMark/2019-01-02-14-28-22/yipu/da/63/01/23/21800001/10000450/6301232180000110000450-A-0005_wm.jpg|http://www.museumschina.cn/img/waterMark/2019-01-02-14-28-22/yipu/da/63/01/23/21800001/10000450/6301232180000110000450-A-0006_wm.jpg
https://www.museumschina.cn/collection/details?id=aa57a63e744b04ff3bdfccb7699b66e19,http://www.museumschina.cn/img/waterMark/2019-01-02-14-28-22/yipu/da/41/13/30/21800001/10000487/4113302180000110000487-A-0001_wm.jpg,新石器时代陶纺轮,河南省南阳市桐柏县数字博物馆,陶器,新石器时代,三级,1988,单一/无机质/陶,http://www.museumschina.cn/img/waterMark/2019-01-02-14-28-22/yipu/da/41/13/30/21800001/10000487/4113302180000110000487-A-0001_wm.jpg|http://www.museumschina.cn/img/waterMark/2019-01-02-14-28-22/yipu/da/41/13/30/21800001/10000487/4113302180000110000487-A-0002_wm.jpg
https://www.museumschina.cn/collection/details?id=aa50e1163efa4410a9c7f695908e991b0,http://www.museumschina.cn/img/waterMark/2019-01-02-14-28-22/yipu/da/41/16/26/21800001/10004527/4116262180000110004527-A-0001_wm.jpg,新石器时代灰陶纺轮,淮阳县博物馆,陶器,新石器时代,三级,1985,单一/无机质/陶,http://www.museumschina.cn/img/waterMark/2019-01-02-14-28-22/yipu/da/41/16/26/21800001/10004527/4116262180000110004527-A-0001_wm.jpg|http://www.museumschina.cn/img/waterMark/2019-01-02-14-28-22/yipu/da/41/16/26/21800001/10004527/4116262180000110004527-A-0002_wm.jpg
https://www.museumschina.cn/collection/details?id=aa2250f65b91d4f9188cde5c42e6787cc,http://www.museumschina.cn/img/waterMark/2019-01-02-14-28-22/yipu/da/22/08/21/21800001/10005005/2208212180000110005005-A-0001_wm.jpg,新石器时代渔网坠,镇赉县博物馆,陶器,新石器时代,未定级,2009,单一/无机质/陶,http://www.museumschina.cn/img/waterMark/2019-01-02-14-28-22/yipu/da/22/08/21/21800001/10005005/2208212180000110005005-A-0001_wm.jpg
https://www.museumschina.cn/collection/details?id=aa1bc2f2719774e76a1356ea5828c890f,http://www.museumschina.cn/img/waterMark/2019-01-02-14-28-22/yipu/da/37/11/21/21800002/00000015/3711212180000200000015-A-0001_wm.jpg,新石器时代龙山文化单耳黑陶杯,五莲县博物馆,陶器,新石器时代,未定级,,单一/无机质/陶,http://www.museumschina.cn/img/waterMark/2019-01-02-14-28-22/yipu/da/37/11/21/21800002/00000015/3711212180000200000015-A-0001_wm.jpg|http://www.museumschina.cn/img/waterMark/2019-01-02-14-28-22/yipu/da/37/11/21/21800002/00000015/3711212180000200000015-B-0001_wm.jpg|http://www.museumschina.cn/img/waterMark/2019-01-02-14-28-22/yipu/da/37/11/21/21800002/00000015/3711212180000200000015-C-0001_wm.jpg|http://www.museumschina.cn/img/waterMark/2019-01-02-14-28-22/yipu/da/37/11/21/21800002/00000015/3711212180000200000015-F-0001_wm.jpg
https://www.museumschina.cn/collection/details?id=aa7ca30de7aef4024b0d096ecd5ee1992,http://www.museumschina.cn/img/waterMark/2019-01-02-14-28-22/yipu/da/42/12/22/21800005/10000542/4212222180000510000542-A-0001_wm.jpg,新石器红陶纺轮,通城县博物馆,陶器,新石器时代,一般,1982,单一/无机质/陶,http://www.museumschina.cn/img/waterMark/2019-01-02-14-28-22/yipu/da/42/12/22/21800005/10000542/4212222180000510000542-A-0001_wm.jpg
https://www.museumschina.cn/collection/details?id=aa74408a980d84140b58d1d229e2926bf,http://www.museumschina.cn/img/waterMark/2019-01-02-14-28-22/yipu/da/63/02/02/21800003/10001300/6302022180000310001300-A-0001_wm.jpg,新石器时代马家窑文化马厂类型回纹长颈彩陶壶,青海省海东市乐都区博物馆,陶器,新石器时代,三级,1984,单一/无机质/陶,http://www.museumschina.cn/img/waterMark/2019-01-02-14-28-22/yipu/da/63/02/02/21800003/10001300/6302022180000310001300-A-0001_wm.jpg|http://www.museumschina.cn/img/waterMark/2019-01-02-14-28-22/yipu/da/63/02/02/21800003/10001300/6302022180000310001300-A-0002_wm.jpg|http://www.museumschina.cn/img/waterMark/2019-01-02-14-28-22/yipu/da/63/02/02/21800003/10001300/6302022180000310001300-A-0003_wm.jpg|http://www.museumschina.cn/img/waterMark/2019-01-02-14-28-22/yipu/da/63/02/02/21800003/10001300/6302022180000310001300-A-0004_wm.jpg|http://www.museumschina.cn/img/waterMark/2019-01-02-14-28-22/yipu/da/63/02/02/21800003/10001300/6302022180000310001300-A-0005_wm.jpg|http://www.museumschina.cn/img/waterMark/2019-01-02-14-28-22/yipu/da/63/02/02/21800003/10001300/6302022180000310001300-A-0006_wm.jpg
https://www.museumschina.cn/collection/details?id=aa6d19fcfc0dc449ebe38a3234d8f8069,http://www.museumschina.cn/img/waterMark/2019-01-02-14-28-22/yipu/da/45/03/29/21800001/10000720/4503292180000110000720-A-0001_wm.jpg,新石器时代陶盘口沿,广西壮族自治区桂林市资源县数字博物馆,陶器,新石器时代,未定级,2004,单一/无机质/陶,http://www.museumschina.cn/img/waterMark/2019-01-02-14-28-22/yipu/da/45/03/29/21800001/10000720/4503292180000110000720-A-0001_wm.jpg|http://www.museumschina.cn/img/waterMark/2019-01-02-14-28-22/yipu/da/45/03/29/21800001/10000720/4503292180000110000720-A-0002_wm.jpg
https://www.museumschina.cn/collection/details?id=aa7b2b8c1cbdd42ee9a2c4fa999053ad3,http://www.museumschina.cn/img/waterMark/2019-01-02-14-28-22/yipu/da/42/10/87/21800002/10001024/4210872180000210001024-A-0001_wm.jpg,新石器时代大溪文化红陶纺轮,松滋市博物馆,陶器,新石器时代,三级,1987,单一/无机质/陶,http://www.museumschina.cn/img/waterMark/2019-01-02-14-28-22/yipu/da/42/10/87/21800002/10001024/4210872180000210001024-A-0001_wm.jpg|http://www.museumschina.cn/img/waterMark/2019-01-02-14-28-22/yipu/da/42/10/87/21800002/10001024/4210872180000210001024-F-0001_wm.jpg
https://www.museumschina.cn/collection/details?id=aa6b68db1571444e2b6ce5852350efc5f,http://www.museumschina.cn/img/waterMark/2019-01-02-14-28-22/yipu/da/42/05/28/21800002/10001401/4205282180000210001401-A-0001_wm.jpg,新石器时代大溪文化斜方格纹陶动物,长阳土家族自治县博物馆,陶器,新石器时代,二级,2013,单一/无机质/石,http://www.museumschina.cn/img/waterMark/2019-01-02-14-28-22/yipu/da/42/05/28/21800002/10001401/4205282180000210001401-A-0001_wm.jpg|http://www.museumschina.cn/img/waterMark/2019-01-02-14-28-22/yipu/da/42/05/28/21800002/10001401/4205282180000210001401-A-0002_wm.jpg|http://www.museumschina.cn/img/waterMark/2019-01-02-14-28-22/yipu/da/42/05/28/21800002/10001401/4205282180000210001401-C-0001_wm.jpg|http://www.museumschina.cn/img/waterMark/2019-01-02-14-28-22/yipu/da/42/05/28/21800002/10001401/4205282180000210001401-F-0001_wm.jpg
https://www.museumschina.cn/collection/details?id=aa5dd8df8e20c4d87bcc5946a7d328857,http://www.museumschina.cn/img/waterMark/2019-01-02-14-28-22/yipu/da/64/04/24/21800001/10000018/6404242180000110000018-A-0001_wm.jpg,新石器时代网格纹彩陶罐,宁夏回族自治区固原市泾源县数字博物馆,陶器,新石器时代,三级,1998,单一/无机质/陶,http://www.museumschina.cn/img/waterMark/2019-01-02-14-28-22/yipu/da/64/04/24/21800001/10000018/6404242180000110000018-A-0001_wm.jpg|http://www.museumschina.cn/img/waterMark/2019-01-02-14-28-22/yipu/da/64/04/24/21800001/10000018/6404242180000110000018-A-0002_wm.jpg|http://www.museumschina.cn/img/waterMark/2019-01-02-14-28-22/yipu/da/64/04/24/21800001/10000018/6404242180000110000018-C-0001_wm.jpg|http://www.museumschina.cn/img/waterMark/2019-01-02-14-28-22/yipu/da/64/04/24/21800001/10000018/6404242180000110000018-D-0001_wm.jpg|http://www.museumschina.cn/img/waterMark/2019-01-02-14-28-22/yipu/da/64/04/24/21800001/10000018/6404242180000110000018-E-0001_wm.jpg|http://www.museumschina.cn/img/waterMark/2019-01-02-14-28-22/yipu/da/64/04/24/21800001/10000018/6404242180000110000018-F-0001_wm.jpg
https://www.museumschina.cn/collection/details?id=aa17809ea565b4e6aa04186e4609bd236,http://www.museumschina.cn/img/waterMark/2019-01-02-14-28-22/yipu/da/42/06/82/21800002/10000630/4206822180000210000630-A-0001_wm.jpg,新石器时代红彩红陶杯,-,陶器,新石器时代,二级,1989,单一/无机质/陶,http://www.museumschina.cn/img/waterMark/2019-01-02-14-28-22/yipu/da/42/06/82/21800002/10000630/4206822180000210000630-A-0001_wm.jpg|http://www.museumschina.cn/img/waterMark/2019-01-02-14-28-22/yipu/da/42/06/82/21800002/10000630/4206822180000210000630-A-0002_wm.jpg|http://www.museumschina.cn/img/waterMark/2019-01-02-14-28-22/yipu/da/42/06/82/21800002/10000630/4206822180000210000630-A-0003_wm.jpg|http://www.museumschina.cn/img/waterMark/2019-01-02-14-28-22/yipu/da/42/06/82/21800002/10000630/4206822180000210000630-B-0001_wm.jpg|http://www.museumschina.cn/img/waterMark/2019-01-02-14-28-22/yipu/da/42/06/82/21800002/10000630/4206822180000210000630-F-0001_wm.jpg
https://www.museumschina.cn/collection/details?id=a9A5B82667D674186B6254ED1D5462EBC,http://www.museumschina.cn/img/waterMark/2019-01-02-14-28-22/yipu/da/61/06/31/21800095/00000995/6106312180009500000995-A-0001_wm.jpg,新石器时代庙底沟彩陶罐,陕西省数字博物馆,陶器,新石器时代,三级,1984,单一/无机质/陶,http://www.museumschina.cn/img/waterMark/2019-01-02-14-28-22/yipu/da/61/06/31/21800095/00000995/6106312180009500000995-A-0001_wm.jpg|http://www.museumschina.cn/img/waterMark/2019-01-02-14-28-22/yipu/da/61/06/31/21800095/00000995/6106312180009500000995-B-0001_wm.jpg|http://www.museumschina.cn/img/waterMark/2019-01-02-14-28-22/yipu/da/61/06/31/21800095/00000995/6106312180009500000995-C-0001_wm.jpg
https://www.museumschina.cn/collection/details?id=a9B330CEC73FB489FBE878DE0BD35BB2E,http://www.museumschina.cn/img/waterMark/2019-01-02-14-28-22/yipu/da/61/06/26/11800116/00000935/6106261180011600000935-A-0001_wm.jpg,龙山文化筒形绳纹夹砂灰陶瓮,陕西省数字博物馆,陶器,新石器时代,三级,1989,单一/无机质/陶,http://www.museumschina.cn/img/waterMark/2019-01-02-14-28-22/yipu/da/61/06/26/11800116/00000935/6106261180011600000935-A-0001_wm.jpg|http://www.museumschina.cn/img/waterMark/2019-01-02-14-28-22/yipu/da/61/06/26/11800116/00000935/6106261180011600000935-F-0001_wm.jpg
https://www.museumschina.cn/collection/details?id=aa04cdf54719b43f5a7ff6df677c9199f,http://www.museumschina.cn/img/waterMark/2019-01-02-14-28-22/yipu/da/43/12/29/21900001/10000046/4312292190000110000046-A-0001_wm.jpg,新石器时代斗篷坡文化绳纹陶瓢,湖南省怀化市靖州苗族侗族自治县数字博物馆,陶器,新石器时代,三级,,单一/无机质/陶,http://www.museumschina.cn/img/waterMark/2019-01-02-14-28-22/yipu/da/43/12/29/21900001/10000046/4312292190000110000046-A-0001_wm.jpg|http://www.museumschina.cn/img/waterMark/2019-01-02-14-28-22/yipu/da/43/12/29/21900001/10000046/4312292190000110000046-A-0002_wm.jpg|http://www.museumschina.cn/img/waterMark/2019-01-02-14-28-22/yipu/da/43/12/29/21900001/10000046/4312292190000110000046-A-0003_wm.jpg|http://www.museumschina.cn/img/waterMark/2019-01-02-14-28-22/yipu/da/43/12/29/21900001/10000046/4312292190000110000046-A-0004_wm.jpg|http://www.museumschina.cn/img/waterMark/2019-01-02-14-28-22/yipu/da/43/12/29/21900001/10000046/4312292190000110000046-A-0005_wm.jpg|http://www.museumschina.cn/img/waterMark/2019-01-02-14-28-22/yipu/da/43/12/29/21900001/10000046/4312292190000110000046-A-0006_wm.jpg
https://www.museumschina.cn/collection/details?id=a9F86A58902F64252B5B99B5099A91A44,http://www.museumschina.cn/img/waterMark/2019-01-02-14-28-22/yipu/da/37/13/12/21800013/00000014/3713122180001300000014-A-0001_wm.jpg,新石器时代大汶口文化黑陶杯,临沂东夷文化博物馆,陶器,新石器时代,未定级,2014,单一/无机质/陶,http://www.museumschina.cn/img/waterMark/2019-01-02-14-28-22/yipu/da/37/13/12/21800013/00000014/3713122180001300000014-A-0001_wm.jpg|http://www.museumschina.cn/img/waterMark/2019-01-02-14-28-22/yipu/da/37/13/12/21800013/00000014/3713122180001300000014-B-0001_wm.jpg|http://www.museumschina.cn/img/waterMark/2019-01-02-14-28-22/yipu/da/37/13/12/21800013/00000014/3713122180001300000014-C-0001_wm.jpg|http://www.museumschina.cn/img/waterMark/2019-01-02-14-28-22/yipu/da/37/13/12/21800013/00000014/3713122180001300000014-F-0001_wm.jpg
https://www.museumschina.cn/collection/details?id=a9f4d445a6700483d9a1afdebee2283a4,http://www.museumschina.cn/img/waterMark/2019-01-02-14-28-22/yipu/da/43/12/81/21900001/10000022/4312812190000110000022-A-0001_wm.jpg,新石器时代高庙文化戳印几何纹陶钵,湖南省怀化市洪江市数字博物馆,陶器,新石器时代,三级,,单一/无机质/陶,http://www.museumschina.cn/img/waterMark/2019-01-02-14-28-22/yipu/da/43/12/81/21900001/10000022/4312812190000110000022-A-0001_wm.jpg|http://www.museumschina.cn/img/waterMark/2019-01-02-14-28-22/yipu/da/43/12/81/21900001/10000022/4312812190000110000022-A-0002_wm.jpg|http://www.museumschina.cn/img/waterMark/2019-01-02-14-28-22/yipu/da/43/12/81/21900001/10000022/4312812190000110000022-A-0003_wm.jpg|http://www.museumschina.cn/img/waterMark/2019-01-02-14-28-22/yipu/da/43/12/81/21900001/10000022/4312812190000110000022-A-0004_wm.jpg
https://www.museumschina.cn/collection/details?id=a9ed0fd0a7e624a98b1a9ebdb44080a58,http://www.museumschina.cn/img/waterMark/2019-01-02-14-28-22/yipu/da/41/15/25/21800001/10000971/4115252180000110000971-A-0001_wm.jpg,新石器时代带孔角形灰陶器,固始县博物馆,陶器,新石器时代,三级,,单一/无机质/陶,http://www.museumschina.cn/img/waterMark/2019-01-02-14-28-22/yipu/da/41/15/25/21800001/10000971/4115252180000110000971-A-0001_wm.jpg|http://www.museumschina.cn/img/waterMark/2019-01-02-14-28-22/yipu/da/41/15/25/21800001/10000971/4115252180000110000971-A-0002_wm.jpg|http://www.museumschina.cn/img/waterMark/2019-01-02-14-28-22/yipu/da/41/15/25/21800001/10000971/4115252180000110000971-B-0001_wm.jpg|http://www.museumschina.cn/img/waterMark/2019-01-02-14-28-22/yipu/da/41/15/25/21800001/10000971/4115252180000110000971-C-0001_wm.jpg|http://www.museumschina.cn/img/waterMark/2019-01-02-14-28-22/yipu/da/41/15/25/21800001/10000971/4115252180000110000971-C-0002_wm.jpg|http://www.museumschina.cn/img/waterMark/2019-01-02-14-28-22/yipu/da/41/15/25/21800001/10000971/4115252180000110000971-F-0001_wm.jpg
https://www.museumschina.cn/collection/details?id=a9e777ffa33f64203990b9f18affe3696,http://www.museumschina.cn/img/waterMark/2019-01-02-14-28-22/yipu/da/63/02/22/21800001/10000001/6302222180000110000001-A-0001_wm.jpg,新石器时代马家窑文化马家窑类型连弧纹彩陶钵,民和回族土族自治县博物馆,陶器,新石器时代,一级,1973,单一/无机质/陶,http://www.museumschina.cn/img/waterMark/2019-01-02-14-28-22/yipu/da/63/02/22/21800001/10000001/6302222180000110000001-A-0001_wm.jpg|http://www.museumschina.cn/img/waterMark/2019-01-02-14-28-22/yipu/da/63/02/22/21800001/10000001/6302222180000110000001-A-0002_wm.jpg|http://www.museumschina.cn/img/waterMark/2019-01-02-14-28-22/yipu/da/63/02/22/21800001/10000001/6302222180000110000001-A-0003_wm.jpg|http://www.museumschina.cn/img/waterMark/2019-01-02-14-28-22/yipu/da/63/02/22/21800001/10000001/6302222180000110000001-A-0004_wm.jpg|http://www.museumschina.cn/img/waterMark/2019-01-02-14-28-22/yipu/da/63/02/22/21800001/10000001/6302222180000110000001-A-0005_wm.jpg|http://www.museumschina.cn/img/waterMark/2019-01-02-14-28-22/yipu/da/63/02/22/21800001/10000001/6302222180000110000001-A-0006_wm.jpg
https://www.museumschina.cn/collection/details?id=a9dd561a8ccaf48d09d679641e69d6b44,http://www.museumschina.cn/img/waterMark/2019-01-02-14-28-22/yipu/da/43/07/23/21800001/10002795/4307232180000110002795-A-0001_wm.jpg,新石器时代大溪文化绳纹灰陶瓮,常德市澧县博物馆,陶器,新石器时代,三级,2005,单一/无机质/陶,http://www.museumschina.cn/img/waterMark/2019-01-02-14-28-22/yipu/da/43/07/23/21800001/10002795/4307232180000110002795-A-0001_wm.jpg|http://www.museumschina.cn/img/waterMark/2019-01-02-14-28-22/yipu/da/43/07/23/21800001/10002795/4307232180000110002795-A-0002_wm.jpg|http://www.museumschina.cn/img/waterMark/2019-01-02-14-28-22/yipu/da/43/07/23/21800001/10002795/4307232180000110002795-A-0003_wm.jpg|http://www.museumschina.cn/img/waterMark/2019-01-02-14-28-22/yipu/da/43/07/23/21800001/10002795/4307232180000110002795-A-0004_wm.jpg|http://www.museumschina.cn/img/waterMark/2019-01-02-14-28-22/yipu/da/43/07/23/21800001/10002795/4307232180000110002795-A-0005_wm.jpg|http://www.museumschina.cn/img/waterMark/2019-01-02-14-28-22/yipu/da/43/07/23/21800001/10002795/4307232180000110002795-A-0006_wm.jpg|http://www.museumschina.cn/img/waterMark/2019-01-02-14-28-22/yipu/da/43/07/23/21800001/10002795/4307232180000110002795-A-0007_wm.jpg|http://www.museumschina.cn/img/waterMark/2019-01-02-14-28-22/yipu/da/43/07/23/21800001/10002795/4307232180000110002795-A-0008_wm.jpg
https://www.museumschina.cn/collection/details?id=a9aaea1cb53e3471892c5ece466f939ce,http://www.museumschina.cn/img/waterMark/2019-01-02-14-28-22/yipu/da/64/04/25/21800001/10001681/6404252180000110001681-A-0001_wm.jpg,新石器时代红陶罐,宁夏回族自治区固原市彭阳县数字博物馆,陶器,新石器时代,二级,,单一/无机质/陶,http://www.museumschina.cn/img/waterMark/2019-01-02-14-28-22/yipu/da/64/04/25/21800001/10001681/6404252180000110001681-A-0001_wm.jpg|http://www.museumschina.cn/img/waterMark/2019-01-02-14-28-22/yipu/da/64/04/25/21800001/10001681/6404252180000110001681-B-0001_wm.jpg|http://www.museumschina.cn/img/waterMark/2019-01-02-14-28-22/yipu/da/64/04/25/21800001/10001681/6404252180000110001681-F-0001_wm.jpg
https://www.museumschina.cn/collection/details?id=a9cbec1069d5a4520900f2ac439215f27,http://www.museumschina.cn/img/waterMark/2019-01-02-14-28-22/yipu/da/43/06/23/21800001/10000796/4306232180000110000796-A-0001_wm.jpg,新石器时代夹砂红陶釜,湖南省岳阳市华容县数字博物馆,陶器,新石器时代,三级,2000,单一/无机质/陶,http://www.museumschina.cn/img/waterMark/2019-01-02-14-28-22/yipu/da/43/06/23/21800001/10000796/4306232180000110000796-A-0001_wm.jpg|http://www.museumschina.cn/img/waterMark/2019-01-02-14-28-22/yipu/da/43/06/23/21800001/10000796/4306232180000110000796-A-0002_wm.jpg|http://www.museumschina.cn/img/waterMark/2019-01-02-14-28-22/yipu/da/43/06/23/21800001/10000796/4306232180000110000796-A-0003_wm.jpg|http://www.museumschina.cn/img/waterMark/2019-01-02-14-28-22/yipu/da/43/06/23/21800001/10000796/4306232180000110000796-A-0004_wm.jpg|http://www.museumschina.cn/img/waterMark/2019-01-02-14-28-22/yipu/da/43/06/23/21800001/10000796/4306232180000110000796-A-0005_wm.jpg
https://www.museumschina.cn/collection/details?id=a9B330CEC73FB489FBE878DE0BD35BB2E,http://www.museumschina.cn/img/waterMark/2019-01-02-14-28-22/yipu/da/61/06/26/11800116/00000935/6106261180011600000935-A-0001_wm.jpg,龙山文化筒形绳纹夹砂灰陶瓮,陕西省数字博物馆,陶器,新石器时代,三级,1989,单一/无机质/陶,http://www.museumschina.cn/img/waterMark/2019-01-02-14-28-22/yipu/da/61/06/26/11800116/00000935/6106261180011600000935-A-0001_wm.jpg|http://www.museumschina.cn/img/waterMark/2019-01-02-14-28-22/yipu/da/61/06/26/11800116/00000935/6106261180011600000935-F-0001_wm.jpg
https://www.museumschina.cn/collection/details?id=a974f149caf7746659a7bbaeb79c48840,http://www.museumschina.cn/img/waterMark/2019-01-02-14-28-22/yipu/da/36/08/25/21800002/10000161/3608252180000210000161-A-0001_wm.jpg,新石器时代晚期陶纺轮,永丰县博物馆,陶器,新石器时代,一般,1981,单一/无机质/陶,http://www.museumschina.cn/img/waterMark/2019-01-02-14-28-22/yipu/da/36/08/25/21800002/10000161/3608252180000210000161-A-0001_wm.jpg|http://www.museumschina.cn/img/waterMark/2019-01-02-14-28-22/yipu/da/36/08/25/21800002/10000161/3608252180000210000161-A-0002_wm.jpg|http://www.museumschina.cn/img/waterMark/2019-01-02-14-28-22/yipu/da/36/08/25/21800002/10000161/3608252180000210000161-A-0003_wm.jpg|http://www.museumschina.cn/img/waterMark/2019-01-02-14-28-22/yipu/da/36/08/25/21800002/10000161/3608252180000210000161-A-0004_wm.jpg
https://www.museumschina.cn/collection/details?id=a970d03bb4b1c492e8b0fb10bbac93f45,http://www.museumschina.cn/img/waterMark/2019-01-02-14-28-22/yipu/da/43/31/01/21800003/10000475/4331012180000310000475-A-0001_wm.jpg,新石器陶器口沿残片,湖南省湘西土家族苗族自治州吉首市数字博物馆,陶器,新石器时代,未定级,,单一/无机质/陶,http://www.museumschina.cn/img/waterMark/2019-01-02-14-28-22/yipu/da/43/31/01/21800003/10000475/4331012180000310000475-A-0001_wm.jpg|http://www.museumschina.cn/img/waterMark/2019-01-02-14-28-22/yipu/da/43/31/01/21800003/10000475/4331012180000310000475-A-0002_wm.jpg
https://www.museumschina.cn/collection/details?id=a971b272c780e474db5703b130e2fef9d,http://www.museumschina.cn/img/waterMark/2019-01-02-14-28-22/yipu/da/43/12/81/21900001/10000020/4312812190000110000020-A-0001_wm.jpg,新石器时代高庙文化戳印兽面太阳纹陶盘,湖南省怀化市洪江市数字博物馆,陶器,新石器时代,三级,,单一/无机质/陶,http://www.museumschina.cn/img/waterMark/2019-01-02-14-28-22/yipu/da/43/12/81/21900001/10000020/4312812190000110000020-A-0001_wm.jpg|http://www.museumschina.cn/img/waterMark/2019-01-02-14-28-22/yipu/da/43/12/81/21900001/10000020/4312812190000110000020-A-0002_wm.jpg|http://www.museumschina.cn/img/waterMark/2019-01-02-14-28-22/yipu/da/43/12/81/21900001/10000020/4312812190000110000020-A-0003_wm.jpg|http://www.museumschina.cn/img/waterMark/2019-01-02-14-28-22/yipu/da/43/12/81/21900001/10000020/4312812190000110000020-A-0004_wm.jpg
https://www.museumschina.cn/collection/details?id=a96f9b7be50bb42798a8db8885e52aad8,http://www.museumschina.cn/img/waterMark/2019-01-02-14-28-22/yipu/da/63/02/24/21800001/10000032/6302242180000110000032-A-0001_wm.jpg,新石器时代马家窑文化马厂类型菱纹彩陶双耳罐,青海省海东市化隆回族自治县数字博物馆,陶器,新石器时代,二级,1987,单一/无机质/陶,http://www.museumschina.cn/img/waterMark/2019-01-02-14-28-22/yipu/da/63/02/24/21800001/10000032/6302242180000110000032-A-0001_wm.jpg|http://www.museumschina.cn/img/waterMark/2019-01-02-14-28-22/yipu/da/63/02/24/21800001/10000032/6302242180000110000032-A-0002_wm.jpg|http://www.museumschina.cn/img/waterMark/2019-01-02-14-28-22/yipu/da/63/02/24/21800001/10000032/6302242180000110000032-A-0003_wm.jpg|http://www.museumschina.cn/img/waterMark/2019-01-02-14-28-22/yipu/da/63/02/24/21800001/10000032/6302242180000110000032-A-0004_wm.jpg|http://www.museumschina.cn/img/waterMark/2019-01-02-14-28-22/yipu/da/63/02/24/21800001/10000032/6302242180000110000032-A-0005_wm.jpg|http://www.museumschina.cn/img/waterMark/2019-01-02-14-28-22/yipu/da/63/02/24/21800001/10000032/6302242180000110000032-A-0006_wm.jpg|http://www.museumschina.cn/img/waterMark/2019-01-02-14-28-22/yipu/da/63/02/24/21800001/10000032/6302242180000110000032-A-0007_wm.jpg|http://www.museumschina.cn/img/waterMark/2019-01-02-14-28-22/yipu/da/63/02/24/21800001/10000032/6302242180000110000032-A-0008_wm.jpg|http://www.museumschina.cn/img/waterMark/2019-01-02-14-28-22/yipu/da/63/02/24/21800001/10000032/6302242180000110000032-A-0009_wm.jpg
https://www.museumschina.cn/collection/details?id=a95e88382c66445489f02cef814d57002,http://www.museumschina.cn/img/waterMark/2019-01-02-14-28-22/yipu/da/41/13/28/21800002/10001445/4113282180000210001445-A-0001_wm.jpg,新石器时代彩陶纺轮,唐河县博物馆,陶器,新石器时代,二级,1958,单一/无机质/陶,http://www.museumschina.cn/img/waterMark/2019-01-02-14-28-22/yipu/da/41/13/28/21800002/10001445/4113282180000210001445-A-0001_wm.jpg
https://www.museumschina.cn/collection/details?id=a985ec7a1cc6f463da482438a7842c46c,http://www.museumschina.cn/img/waterMark/2019-01-02-14-28-22/yipu/da/32/09/23/21800003/00000453/3209232180000300000453-A-0001_wm.jpg,新石器时代陶纺轮,阜宁县博物馆,陶器,新石器时代,未定级,1985,单一/无机质/陶,http://www.museumschina.cn/img/waterMark/2019-01-02-14-28-22/yipu/da/32/09/23/21800003/00000453/3209232180000300000453-A-0001_wm.jpg|http://www.museumschina.cn/img/waterMark/2019-01-02-14-28-22/yipu/da/32/09/23/21800003/00000453/3209232180000300000453-A-0002_wm.jpg|http://www.museumschina.cn/img/waterMark/2019-01-02-14-28-22/yipu/da/32/09/23/21800003/00000453/3209232180000300000453-A-0003_wm.jpg|http://www.museumschina.cn/img/waterMark/2019-01-02-14-28-22/yipu/da/32/09/23/21800003/00000453/3209232180000300000453-A-0004_wm.jpg
https://www.museumschina.cn/collection/details?id=a95dbfd28fde8446ab7b5145933b802a4,http://www.museumschina.cn/img/waterMark/2019-01-02-14-28-22/yipu/da/42/00/00/21800001/10007093/4200002180000110007093-A-0001_wm.jpg,新石器时代屈家岭文化黑陶碗,-,陶器,新石器时代,一级,,单一/无机质/陶,http://www.museumschina.cn/img/waterMark/2019-01-02-14-28-22/yipu/da/42/00/00/21800001/10007093/4200002180000110007093-A-0001_wm.jpg|http://www.museumschina.cn/img/waterMark/2019-01-02-14-28-22/yipu/da/42/00/00/21800001/10007093/4200002180000110007093-A-0002_wm.jpg|http://www.museumschina.cn/img/waterMark/2019-01-02-14-28-22/yipu/da/42/00/00/21800001/10007093/4200002180000110007093-F-0001_wm.jpg|http://www.museumschina.cn/img/waterMark/2019-01-02-14-28-22/yipu/da/42/00/00/21800001/10007093/4200002180000110007093-F-0002_wm.jpg
https://www.museumschina.cn/collection/details?id=a94ba8c190b6e49c2918af840c91fd96c,http://www.museumschina.cn/img/waterMark/2019-01-02-14-28-22/yipu/da/13/04/27/21800002/10001667/1304272180000210001667-A-0001_wm.jpg,仰韶小口瓶,河北省邯郸市磁县数字博物馆,陶器,新石器时代,二级,,单一/无机质/陶,http://www.museumschina.cn/img/waterMark/2019-01-02-14-28-22/yipu/da/13/04/27/21800002/10001667/1304272180000210001667-A-0001_wm.jpg|http://www.museumschina.cn/img/waterMark/2019-01-02-14-28-22/yipu/da/13/04/27/21800002/10001667/1304272180000210001667-A-0002_wm.jpg|http://www.museumschina.cn/img/waterMark/2019-01-02-14-28-22/yipu/da/13/04/27/21800002/10001667/1304272180000210001667-A-0003_wm.jpg|http://www.museumschina.cn/img/waterMark/2019-01-02-14-28-22/yipu/da/13/04/27/21800002/10001667/1304272180000210001667-A-0004_wm.jpg|http://www.museumschina.cn/img/waterMark/2019-01-02-14-28-22/yipu/da/13/04/27/21800002/10001667/1304272180000210001667-A-0005_wm.jpg|http://www.museumschina.cn/img/waterMark/2019-01-02-14-28-22/yipu/da/13/04/27/21800002/10001667/1304272180000210001667-A-0006_wm.jpg
https://www.museumschina.cn/collection/details?id=a9827ee62da154c1fbeeb1d5c46319c6c,http://www.museumschina.cn/img/waterMark/2019-01-02-14-28-22/yipu/da/63/02/24/21800001/10000127/6302242180000110000127-A-0001_wm.jpg,新石器时代马家窑文化半山类型锯齿纹彩陶罐,青海省海东市化隆回族自治县数字博物馆,陶器,新石器时代,二级,1987,单一/无机质/陶,http://www.museumschina.cn/img/waterMark/2019-01-02-14-28-22/yipu/da/63/02/24/21800001/10000127/6302242180000110000127-A-0001_wm.jpg|http://www.museumschina.cn/img/waterMark/2019-01-02-14-28-22/yipu/da/63/02/24/21800001/10000127/6302242180000110000127-A-0002_wm.jpg|http://www.museumschina.cn/img/waterMark/2019-01-02-14-28-22/yipu/da/63/02/24/21800001/10000127/6302242180000110000127-A-0003_wm.jpg|http://www.museumschina.cn/img/waterMark/2019-01-02-14-28-22/yipu/da/63/02/24/21800001/10000127/6302242180000110000127-A-0004_wm.jpg|http://www.museumschina.cn/img/waterMark/2019-01-02-14-28-22/yipu/da/63/02/24/21800001/10000127/6302242180000110000127-A-0005_wm.jpg|http://www.museumschina.cn/img/waterMark/2019-01-02-14-28-22/yipu/da/63/02/24/21800001/10000127/6302242180000110000127-A-0006_wm.jpg
https://www.museumschina.cn/collection/details?id=a987ba8bebbad4551820dee026bee58c8,http://www.museumschina.cn/img/waterMark/2019-01-02-14-28-22/yipu/da/63/02/25/21800001/10000009/6302252180000110000009-A-0001_wm.jpg,新石器时代马家窑文化半山类型锯齿宽带纹彩陶壶,青海省海东市循化撒拉族自治县数字博物馆,陶器,新石器时代,一级,1982,单一/无机质/陶,http://www.museumschina.cn/img/waterMark/2019-01-02-14-28-22/yipu/da/63/02/25/21800001/10000009/6302252180000110000009-A-0001_wm.jpg|http://www.museumschina.cn/img/waterMark/2019-01-02-14-28-22/yipu/da/63/02/25/21800001/10000009/6302252180000110000009-A-0002_wm.jpg|http://www.museumschina.cn/img/waterMark/2019-01-02-14-28-22/yipu/da/63/02/25/21800001/10000009/6302252180000110000009-A-0003_wm.jpg|http://www.museumschina.cn/img/waterMark/2019-01-02-14-28-22/yipu/da/63/02/25/21800001/10000009/6302252180000110000009-A-0004_wm.jpg|http://www.museumschina.cn/img/waterMark/2019-01-02-14-28-22/yipu/da/63/02/25/21800001/10000009/6302252180000110000009-A-0005_wm.jpg|http://www.museumschina.cn/img/waterMark/2019-01-02-14-28-22/yipu/da/63/02/25/21800001/10000009/6302252180000110000009-A-0006_wm.jpg
https://www.museumschina.cn/collection/details?id=a980f14f863a3402d97a6f007133b47b7,http://www.museumschina.cn/img/waterMark/2019-01-02-14-28-22/yipu/da/41/01/83/21800001/10000336/4101832180000110000336-A-0001_wm.jpg,新石器时代圆孔耳灰陶片,新密市博物馆,陶器,新石器时代,一般,,单一/无机质/陶,http://www.museumschina.cn/img/waterMark/2019-01-02-14-28-22/yipu/da/41/01/83/21800001/10000336/4101832180000110000336-A-0001_wm.jpg|http://www.museumschina.cn/img/waterMark/2019-01-02-14-28-22/yipu/da/41/01/83/21800001/10000336/4101832180000110000336-A-0002_wm.jpg|http://www.museumschina.cn/img/waterMark/2019-01-02-14-28-22/yipu/da/41/01/83/21800001/10000336/4101832180000110000336-A-0003_wm.jpg
https://www.museumschina.cn/collection/details?id=a95dbfd28fde8446ab7b5145933b802a4,http://www.museumschina.cn/img/waterMark/2019-01-02-14-28-22/yipu/da/42/00/00/21800001/10007093/4200002180000110007093-A-0001_wm.jpg,新石器时代屈家岭文化黑陶碗,-,陶器,新石器时代,一级,,单一/无机质/陶,http://www.museumschina.cn/img/waterMark/2019-01-02-14-28-22/yipu/da/42/00/00/21800001/10007093/4200002180000110007093-A-0001_wm.jpg|http://www.museumschina.cn/img/waterMark/2019-01-02-14-28-22/yipu/da/42/00/00/21800001/10007093/4200002180000110007093-A-0002_wm.jpg|http://www.museumschina.cn/img/waterMark/2019-01-02-14-28-22/yipu/da/42/00/00/21800001/10007093/4200002180000110007093-F-0001_wm.jpg|http://www.museumschina.cn/img/waterMark/2019-01-02-14-28-22/yipu/da/42/00/00/21800001/10007093/4200002180000110007093-F-0002_wm.jpg
https://www.museumschina.cn/collection/details?id=a94ba8c190b6e49c2918af840c91fd96c,http://www.museumschina.cn/img/waterMark/2019-01-02-14-28-22/yipu/da/13/04/27/21800002/10001667/1304272180000210001667-A-0001_wm.jpg,仰韶小口瓶,河北省邯郸市磁县数字博物馆,陶器,新石器时代,二级,,单一/无机质/陶,http://www.museumschina.cn/img/waterMark/2019-01-02-14-28-22/yipu/da/13/04/27/21800002/10001667/1304272180000210001667-A-0001_wm.jpg|http://www.museumschina.cn/img/waterMark/2019-01-02-14-28-22/yipu/da/13/04/27/21800002/10001667/1304272180000210001667-A-0002_wm.jpg|http://www.museumschina.cn/img/waterMark/2019-01-02-14-28-22/yipu/da/13/04/27/21800002/10001667/1304272180000210001667-A-0003_wm.jpg|http://www.museumschina.cn/img/waterMark/2019-01-02-14-28-22/yipu/da/13/04/27/21800002/10001667/1304272180000210001667-A-0004_wm.jpg|http://www.museumschina.cn/img/waterMark/2019-01-02-14-28-22/yipu/da/13/04/27/21800002/10001667/1304272180000210001667-A-0005_wm.jpg|http://www.museumschina.cn/img/waterMark/2019-01-02-14-28-22/yipu/da/13/04/27/21800002/10001667/1304272180000210001667-A-0006_wm.jpg
https://www.museumschina.cn/collection/details?id=a903271B1DF4945F49E875832FF99DD57,http://www.museumschina.cn/img/waterMark/2019-01-02-14-28-22/yipu/da/37/06/12/21800002/00003583/3706122180000200003583-A-0001_wm.jpg,新石器时代龙山文化盉状陶器,烟台市牟平区博物馆,陶器,新石器时代,未定级,1987,单一/无机质/陶,http://www.museumschina.cn/img/waterMark/2019-01-02-14-28-22/yipu/da/37/06/12/21800002/00003583/3706122180000200003583-A-0001_wm.jpg|http://www.museumschina.cn/img/waterMark/2019-01-02-14-28-22/yipu/da/37/06/12/21800002/00003583/3706122180000200003583-B-0001_wm.jpg|http://www.museumschina.cn/img/waterMark/2019-01-02-14-28-22/yipu/da/37/06/12/21800002/00003583/3706122180000200003583-C-0001_wm.jpg|http://www.museumschina.cn/img/waterMark/2019-01-02-14-28-22/yipu/da/37/06/12/21800002/00003583/3706122180000200003583-C-0002_wm.jpg|http://www.museumschina.cn/img/waterMark/2019-01-02-14-28-22/yipu/da/37/06/12/21800002/00003583/3706122180000200003583-F-0001_wm.jpg
https://www.museumschina.cn/collection/details?id=a8d4f807b246640d08d9d842ae13862aa,http://www.museumschina.cn/img/waterMark/2019-01-02-14-28-22/yipu/da/34/13/22/21800001/10001500/3413222180000110001500-A-0001_wm.jpg,新石器时代陶网坠,萧县博物馆,陶器,新石器时代,三级,1985,单一/无机质/陶,http://www.museumschina.cn/img/waterMark/2019-01-02-14-28-22/yipu/da/34/13/22/21800001/10001500/3413222180000110001500-A-0001_wm.jpg|http://www.museumschina.cn/img/waterMark/2019-01-02-14-28-22/yipu/da/34/13/22/21800001/10001500/3413222180000110001500-A-0002_wm.jpg
https://www.museumschina.cn/collection/details?id=a8f3b239fb537452eb9926c435115b593,http://www.museumschina.cn/img/waterMark/2019-01-02-14-28-22/yipu/da/42/08/21/21800002/10000101/4208212180000210000101-A-0001_wm.jpg,新石器时代泥质灰陶器盖,京山县博物馆,陶器,新石器时代,未定级,2013,单一/无机质/陶,http://www.museumschina.cn/img/waterMark/2019-01-02-14-28-22/yipu/da/42/08/21/21800002/10000101/4208212180000210000101-A-0001_wm.jpg|http://www.museumschina.cn/img/waterMark/2019-01-02-14-28-22/yipu/da/42/08/21/21800002/10000101/4208212180000210000101-B-0001_wm.jpg|http://www.museumschina.cn/img/waterMark/2019-01-02-14-28-22/yipu/da/42/08/21/21800002/10000101/4208212180000210000101-C-0001_wm.jpg|http://www.museumschina.cn/img/waterMark/2019-01-02-14-28-22/yipu/da/42/08/21/21800002/10000101/4208212180000210000101-C-0002_wm.jpg|http://www.museumschina.cn/img/waterMark/2019-01-02-14-28-22/yipu/da/42/08/21/21800002/10000101/4208212180000210000101-F-0001_wm.jpg
https://www.museumschina.cn/collection/details?id=a8d49e0c64e3a4c9f9b7d8840fdf6a996,http://www.museumschina.cn/img/waterMark/2019-01-02-14-28-22/yipu/da/43/07/21/21800001/10000297/4307212180000110000297-A-0001_wm.jpg,新石器时代屈家岭文化陶球,湖南省常德市安乡县数字博物馆,陶器,新石器时代,三级,,单一/无机质/陶,http://www.museumschina.cn/img/waterMark/2019-01-02-14-28-22/yipu/da/43/07/21/21800001/10000297/4307212180000110000297-A-0001_wm.jpg|http://www.museumschina.cn/img/waterMark/2019-01-02-14-28-22/yipu/da/43/07/21/21800001/10000297/4307212180000110000297-A-0002_wm.jpg|http://www.museumschina.cn/img/waterMark/2019-01-02-14-28-22/yipu/da/43/07/21/21800001/10000297/4307212180000110000297-A-0003_wm.jpg
https://www.museumschina.cn/collection/details?id=a8c2c9410bb744db1a97e5ea8b146aadc,http://www.museumschina.cn/img/waterMark/2019-01-02-14-28-22/yipu/da/15/08/23/21800003/10000518/1508232180000310000518-B-0002_wm.jpg,新石器时代陶盘,乌拉特前旗博物馆（文物管理所）,陶器,新石器时代,一般,2007,单一/无机质/陶,http://www.museumschina.cn/img/waterMark/2019-01-02-14-28-22/yipu/da/15/08/23/21800003/10000518/1508232180000310000518-B-0002_wm.jpg|http://www.museumschina.cn/img/waterMark/2019-01-02-14-28-22/yipu/da/15/08/23/21800003/10000518/1508232180000310000518-F-0002_wm.jpg
https://www.museumschina.cn/collection/details?id=a92bc5fb305f940448ef415851db817e1,http://www.museumschina.cn/img/waterMark/2019-01-02-14-28-22/yipu/da/42/28/23/21800006/10009312/4228232180000610009312-A-0001_wm.jpg,新石器时代陶纺轮,巴东县博物馆,陶器,新石器时代,未定级,2004,单一/无机质/陶,http://www.museumschina.cn/img/waterMark/2019-01-02-14-28-22/yipu/da/42/28/23/21800006/10009312/4228232180000610009312-A-0001_wm.jpg|http://www.museumschina.cn/img/waterMark/2019-01-02-14-28-22/yipu/da/42/28/23/21800006/10009312/4228232180000610009312-A-0002_wm.jpg|http://www.museumschina.cn/img/waterMark/2019-01-02-14-28-22/yipu/da/42/28/23/21800006/10009312/4228232180000610009312-A-0003_wm.jpg|http://www.museumschina.cn/img/waterMark/2019-01-02-14-28-22/yipu/da/42/28/23/21800006/10009312/4228232180000610009312-A-0004_wm.jpg|http://www.museumschina.cn/img/waterMark/2019-01-02-14-28-22/yipu/da/42/28/23/21800006/10009312/4228232180000610009312-A-0005_wm.jpg|http://www.museumschina.cn/img/waterMark/2019-01-02-14-28-22/yipu/da/42/28/23/21800006/10009312/4228232180000610009312-A-0006_wm.jpg|http://www.museumschina.cn/img/waterMark/2019-01-02-14-28-22/yipu/da/42/28/23/21800006/10009312/4228232180000610009312-A-0007_wm.jpg
https://www.museumschina.cn/collection/details?id=a923ce1c4001444b3aa085394d77cb12c,http://www.museumschina.cn/img/waterMark/2019-01-02-14-28-22/yipu/da/22/06/23/21800001/10000057/2206232180000110000057-A-0001_wm.jpg,新石器时代陶罐,吉林省白山市长白朝鲜族自治县数字博物馆,陶器,新石器时代,一般,1984,单一/无机质/陶,http://www.museumschina.cn/img/waterMark/2019-01-02-14-28-22/yipu/da/22/06/23/21800001/10000057/2206232180000110000057-A-0001_wm.jpg|http://www.museumschina.cn/img/waterMark/2019-01-02-14-28-22/yipu/da/22/06/23/21800001/10000057/2206232180000110000057-A-0002_wm.jpg
https://www.museumschina.cn/collection/details?id=a90b68b6d32c64754a86351ddddb5b3fa,http://www.museumschina.cn/img/waterMark/2019-01-02-14-28-22/yipu/da/63/02/22/21800001/10000013/6302222180000110000013-A-0001_wm.jpg,新石器时代马家窑文化马家窑类型波纹圆点纹彩陶盆,民和回族土族自治县博物馆,陶器,新石器时代,一级,1988,单一/无机质/陶,http://www.museumschina.cn/img/waterMark/2019-01-02-14-28-22/yipu/da/63/02/22/21800001/10000013/6302222180000110000013-A-0001_wm.jpg|http://www.museumschina.cn/img/waterMark/2019-01-02-14-28-22/yipu/da/63/02/22/21800001/10000013/6302222180000110000013-A-0002_wm.jpg|http://www.museumschina.cn/img/waterMark/2019-01-02-14-28-22/yipu/da/63/02/22/21800001/10000013/6302222180000110000013-A-0003_wm.jpg|http://www.museumschina.cn/img/waterMark/2019-01-02-14-28-22/yipu/da/63/02/22/21800001/10000013/6302222180000110000013-A-0004_wm.jpg|http://www.museumschina.cn/img/waterMark/2019-01-02-14-28-22/yipu/da/63/02/22/21800001/10000013/6302222180000110000013-A-0005_wm.jpg|http://www.museumschina.cn/img/waterMark/2019-01-02-14-28-22/yipu/da/63/02/22/21800001/10000013/6302222180000110000013-A-0006_wm.jpg|http://www.museumschina.cn/img/waterMark/2019-01-02-14-28-22/yipu/da/63/02/22/21800001/10000013/6302222180000110000013-A-0007_wm.jpg
https://www.museumschina.cn/collection/details?id=a9125d5258dac4f0794d523b3994827ed,http://www.museumschina.cn/img/waterMark/2019-01-02-14-28-22/yipu/da/42/13/81/21800002/10000734/4213812180000210000734-A-0001_wm.jpg,新石器时代灰红圆柱形陶网坠,广水市博物馆,陶器,新石器时代,三级,1980,单一/无机质/陶,http://www.museumschina.cn/img/waterMark/2019-01-02-14-28-22/yipu/da/42/13/81/21800002/10000734/4213812180000210000734-A-0001_wm.jpg
https://www.museumschina.cn/collection/details?id=a9054a5da6155477db738094cccc1ebac,http://www.museumschina.cn/img/waterMark/2019-01-02-14-28-22/yipu/da/42/12/02/21800007/10000844/4212022180000710000844-A-0001_wm.jpg,新石器时代石家河文化石纺轮,-,陶器,新石器时代,一般,1982,单一/无机质/陶,http://www.museumschina.cn/img/waterMark/2019-01-02-14-28-22/yipu/da/42/12/02/21800007/10000844/4212022180000710000844-A-0001_wm.jpg|http://www.museumschina.cn/img/waterMark/2019-01-02-14-28-22/yipu/da/42/12/02/21800007/10000844/4212022180000710000844-A-0002_wm.jpg
https://www.museumschina.cn/collection/details?id=a8DE9385CD9D743128F30CF58539DE837,http://www.museumschina.cn/img/waterMark/2019-01-02-14-28-22/yipu/da/42/10/03/21800005/20096423/4210032180000520096423-A-0001_wm.jpg,新石器时代直线纹彩陶纺轮,-,陶器,新石器时代,一级,,复合或组合/有机无机复合或组合/其他植物质,http://www.museumschina.cn/img/waterMark/2019-01-02-14-28-22/yipu/da/42/10/03/21800005/20096423/4210032180000520096423-A-0001_wm.jpg|http://www.museumschina.cn/img/waterMark/2019-01-02-14-28-22/yipu/da/42/10/03/21800005/20096423/4210032180000520096423-F-0001_wm.jpg
https://www.museumschina.cn/collection/details?id=a8df6ab13ad3c44e690c8c41727c631f7,http://www.museumschina.cn/img/waterMark/2019-01-02-14-28-22/yipu/da/41/13/28/21800002/10001448/4113282180000210001448-A-0001_wm.jpg,新石器时代红陶鼎,唐河县博物馆,陶器,新石器时代,二级,1958,单一/无机质/陶,http://www.museumschina.cn/img/waterMark/2019-01-02-14-28-22/yipu/da/41/13/28/21800002/10001448/4113282180000210001448-A-0001_wm.jpg
https://www.museumschina.cn/collection/details?id=a8f203fd71dc74dbc946140cbb05d5ae9,http://www.museumschina.cn/img/waterMark/2019-01-02-14-28-22/yipu/da/42/01/03/21800003/10026260/4201032180000310026260-A-0001_wm.jpg,新石器时代马家窑文化变形蛙纹彩陶壶,-,陶器,新石器时代,二级,1989,单一/无机质/陶,http://www.museumschina.cn/img/waterMark/2019-01-02-14-28-22/yipu/da/42/01/03/21800003/10026260/4201032180000310026260-A-0001_wm.jpg|http://www.museumschina.cn/img/waterMark/2019-01-02-14-28-22/yipu/da/42/01/03/21800003/10026260/4201032180000310026260-D-0001_wm.jpg|http://www.museumschina.cn/img/waterMark/2019-01-02-14-28-22/yipu/da/42/01/03/21800003/10026260/4201032180000310026260-F-0001_wm.jpg
https://www.museumschina.cn/collection/details?id=a87539967ae3b417c8ff06a2f8e59ee17,http://www.museumschina.cn/img/waterMark/2019-01-02-14-28-22/yipu/da/34/18/21/21800001/10000057/3418212180000110000057-A-0001_wm.jpg,新石器时代锥足红陶碗形鼎,郎溪县博物馆（文物管理所）,陶器,新石器时代,三级,2001,单一/无机质/陶,http://www.museumschina.cn/img/waterMark/2019-01-02-14-28-22/yipu/da/34/18/21/21800001/10000057/3418212180000110000057-A-0001_wm.jpg|http://www.museumschina.cn/img/waterMark/2019-01-02-14-28-22/yipu/da/34/18/21/21800001/10000057/3418212180000110000057-A-0002_wm.jpg|http://www.museumschina.cn/img/waterMark/2019-01-02-14-28-22/yipu/da/34/18/21/21800001/10000057/3418212180000110000057-A-0003_wm.jpg|http://www.museumschina.cn/img/waterMark/2019-01-02-14-28-22/yipu/da/34/18/21/21800001/10000057/3418212180000110000057-A-0004_wm.jpg|http://www.museumschina.cn/img/waterMark/2019-01-02-14-28-22/yipu/da/34/18/21/21800001/10000057/3418212180000110000057-A-0005_wm.jpg
https://www.museumschina.cn/collection/details?id=a841d45963b7a42d5bc663646d198025b,http://www.museumschina.cn/img/waterMark/2019-01-02-14-28-22/yipu/da/64/03/03/21800001/10000117/6403032180000110000117-A-0001_wm.jpg,新石器时代双耳彩陶罐,宁夏回族自治区吴忠市红寺堡区数字博物馆,陶器,新石器时代,三级,2011,单一/无机质/陶,http://www.museumschina.cn/img/waterMark/2019-01-02-14-28-22/yipu/da/64/03/03/21800001/10000117/6403032180000110000117-A-0001_wm.jpg|http://www.museumschina.cn/img/waterMark/2019-01-02-14-28-22/yipu/da/64/03/03/21800001/10000117/6403032180000110000117-A-0002_wm.jpg|http://www.museumschina.cn/img/waterMark/2019-01-02-14-28-22/yipu/da/64/03/03/21800001/10000117/6403032180000110000117-B-0001_wm.jpg|http://www.museumschina.cn/img/waterMark/2019-01-02-14-28-22/yipu/da/64/03/03/21800001/10000117/6403032180000110000117-C-0001_wm.jpg|http://www.museumschina.cn/img/waterMark/2019-01-02-14-28-22/yipu/da/64/03/03/21800001/10000117/6403032180000110000117-C-0002_wm.jpg|http://www.museumschina.cn/img/waterMark/2019-01-02-14-28-22/yipu/da/64/03/03/21800001/10000117/6403032180000110000117-F-0001_wm.jpg
https://www.museumschina.cn/collection/details?id=a848a0e9d9e4f4d43abe4fd4461262bb7,http://www.museumschina.cn/img/waterMark/2019-01-02-14-28-22/yipu/da/63/01/23/21800001/10000650/6301232180000110000650-A-0001_wm.jpg,新石器时代马家窑文化马厂类型蛙纹双耳彩陶壶,湟源县博物馆,陶器,新石器时代,未定级,1985,单一/无机质/陶,http://www.museumschina.cn/img/waterMark/2019-01-02-14-28-22/yipu/da/63/01/23/21800001/10000650/6301232180000110000650-A-0001_wm.jpg|http://www.museumschina.cn/img/waterMark/2019-01-02-14-28-22/yipu/da/63/01/23/21800001/10000650/6301232180000110000650-A-0002_wm.jpg|http://www.museumschina.cn/img/waterMark/2019-01-02-14-28-22/yipu/da/63/01/23/21800001/10000650/6301232180000110000650-A-0003_wm.jpg|http://www.museumschina.cn/img/waterMark/2019-01-02-14-28-22/yipu/da/63/01/23/21800001/10000650/6301232180000110000650-A-0004_wm.jpg|http://www.museumschina.cn/img/waterMark/2019-01-02-14-28-22/yipu/da/63/01/23/21800001/10000650/6301232180000110000650-A-0005_wm.jpg|http://www.museumschina.cn/img/waterMark/2019-01-02-14-28-22/yipu/da/63/01/23/21800001/10000650/6301232180000110000650-A-0006_wm.jpg
https://www.museumschina.cn/collection/details?id=a8657700522794421b2f590fe46150910,http://www.museumschina.cn/img/waterMark/2019-01-02-14-28-22/yipu/da/42/01/15/21800004/10001617/4201152180000410001617-A-0001_wm.jpg,新石器时代灰陶鼎,江夏区博物馆,陶器,新石器时代,三级,,单一/无机质/陶,http://www.museumschina.cn/img/waterMark/2019-01-02-14-28-22/yipu/da/42/01/15/21800004/10001617/4201152180000410001617-A-0001_wm.jpg|http://www.museumschina.cn/img/waterMark/2019-01-02-14-28-22/yipu/da/42/01/15/21800004/10001617/4201152180000410001617-B-0001_wm.jpg|http://www.museumschina.cn/img/waterMark/2019-01-02-14-28-22/yipu/da/42/01/15/21800004/10001617/4201152180000410001617-F-0001_wm.jpg
https://www.museumschina.cn/collection/details?id=a86a8ee3067f94d25b2a54747400331dd,http://www.museumschina.cn/img/waterMark/2019-01-02-14-28-22/yipu/da/45/03/29/21800001/10001320/4503292180000110001320-A-0001_wm.jpg,新石器时代晓锦遗址扁圆形陶纺轮,广西壮族自治区桂林市资源县数字博物馆,陶器,新石器时代,三级,,单一/无机质/陶,http://www.museumschina.cn/img/waterMark/2019-01-02-14-28-22/yipu/da/45/03/29/21800001/10001320/4503292180000110001320-A-0001_wm.jpg|http://www.museumschina.cn/img/waterMark/2019-01-02-14-28-22/yipu/da/45/03/29/21800001/10001320/4503292180000110001320-A-0002_wm.jpg
https://www.museumschina.cn/collection/details?id=a841d45963b7a42d5bc663646d198025b,http://www.museumschina.cn/img/waterMark/2019-01-02-14-28-22/yipu/da/64/03/03/21800001/10000117/6403032180000110000117-A-0001_wm.jpg,新石器时代双耳彩陶罐,宁夏回族自治区吴忠市红寺堡区数字博物馆,陶器,新石器时代,三级,2011,单一/无机质/陶,http://www.museumschina.cn/img/waterMark/2019-01-02-14-28-22/yipu/da/64/03/03/21800001/10000117/6403032180000110000117-A-0001_wm.jpg|http://www.museumschina.cn/img/waterMark/2019-01-02-14-28-22/yipu/da/64/03/03/21800001/10000117/6403032180000110000117-A-0002_wm.jpg|http://www.museumschina.cn/img/waterMark/2019-01-02-14-28-22/yipu/da/64/03/03/21800001/10000117/6403032180000110000117-B-0001_wm.jpg|http://www.museumschina.cn/img/waterMark/2019-01-02-14-28-22/yipu/da/64/03/03/21800001/10000117/6403032180000110000117-C-0001_wm.jpg|http://www.museumschina.cn/img/waterMark/2019-01-02-14-28-22/yipu/da/64/03/03/21800001/10000117/6403032180000110000117-C-0002_wm.jpg|http://www.museumschina.cn/img/waterMark/2019-01-02-14-28-22/yipu/da/64/03/03/21800001/10000117/6403032180000110000117-F-0001_wm.jpg
https://www.museumschina.cn/collection/details?id=a848a0e9d9e4f4d43abe4fd4461262bb7,http://www.museumschina.cn/img/waterMark/2019-01-02-14-28-22/yipu/da/63/01/23/21800001/10000650/6301232180000110000650-A-0001_wm.jpg,新石器时代马家窑文化马厂类型蛙纹双耳彩陶壶,湟源县博物馆,陶器,新石器时代,未定级,1985,单一/无机质/陶,http://www.museumschina.cn/img/waterMark/2019-01-02-14-28-22/yipu/da/63/01/23/21800001/10000650/6301232180000110000650-A-0001_wm.jpg|http://www.museumschina.cn/img/waterMark/2019-01-02-14-28-22/yipu/da/63/01/23/21800001/10000650/6301232180000110000650-A-0002_wm.jpg|http://www.museumschina.cn/img/waterMark/2019-01-02-14-28-22/yipu/da/63/01/23/21800001/10000650/6301232180000110000650-A-0003_wm.jpg|http://www.museumschina.cn/img/waterMark/2019-01-02-14-28-22/yipu/da/63/01/23/21800001/10000650/6301232180000110000650-A-0004_wm.jpg|http://www.museumschina.cn/img/waterMark/2019-01-02-14-28-22/yipu/da/63/01/23/21800001/10000650/6301232180000110000650-A-0005_wm.jpg|http://www.museumschina.cn/img/waterMark/2019-01-02-14-28-22/yipu/da/63/01/23/21800001/10000650/6301232180000110000650-A-0006_wm.jpg
https://www.museumschina.cn/collection/details?id=a8657700522794421b2f590fe46150910,http://www.museumschina.cn/img/waterMark/2019-01-02-14-28-22/yipu/da/42/01/15/21800004/10001617/4201152180000410001617-A-0001_wm.jpg,新石器时代灰陶鼎,江夏区博物馆,陶器,新石器时代,三级,,单一/无机质/陶,http://www.museumschina.cn/img/waterMark/2019-01-02-14-28-22/yipu/da/42/01/15/21800004/10001617/4201152180000410001617-A-0001_wm.jpg|http://www.museumschina.cn/img/waterMark/2019-01-02-14-28-22/yipu/da/42/01/15/21800004/10001617/4201152180000410001617-B-0001_wm.jpg|http://www.museumschina.cn/img/waterMark/2019-01-02-14-28-22/yipu/da/42/01/15/21800004/10001617/4201152180000410001617-F-0001_wm.jpg
https://www.museumschina.cn/collection/details?id=a89392a7ad03949eca4e5cb26ac238fae,http://www.museumschina.cn/img/waterMark/2019-01-02-14-28-22/yipu/da/41/10/81/21800003/10000366/4110812180000310000366-A-0001_wm.jpg,新石器时代仰韶文化红陶瓮,禹州钧官窑址博物馆,陶器,新石器时代,三级,2011,单一/无机质/陶,http://www.museumschina.cn/img/waterMark/2019-01-02-14-28-22/yipu/da/41/10/81/21800003/10000366/4110812180000310000366-A-0001_wm.jpg|http://www.museumschina.cn/img/waterMark/2019-01-02-14-28-22/yipu/da/41/10/81/21800003/10000366/4110812180000310000366-A-0002_wm.jpg|http://www.museumschina.cn/img/waterMark/2019-01-02-14-28-22/yipu/da/41/10/81/21800003/10000366/4110812180000310000366-B-0001_wm.jpg|http://www.museumschina.cn/img/waterMark/2019-01-02-14-28-22/yipu/da/41/10/81/21800003/10000366/4110812180000310000366-C-0001_wm.jpg|http://www.museumschina.cn/img/waterMark/2019-01-02-14-28-22/yipu/da/41/10/81/21800003/10000366/4110812180000310000366-C-0002_wm.jpg|http://www.museumschina.cn/img/waterMark/2019-01-02-14-28-22/yipu/da/41/10/81/21800003/10000366/4110812180000310000366-D-0001_wm.jpg|http://www.museumschina.cn/img/waterMark/2019-01-02-14-28-22/yipu/da/41/10/81/21800003/10000366/4110812180000310000366-F-0001_wm.jpg
https://www.museumschina.cn/collection/details?id=a8960ec284d004227b9bf98dbc257ce37,http://www.museumschina.cn/img/waterMark/2019-01-02-14-28-22/yipu/da/34/17/21/21800001/10000056/3417212180000110000056-A-0001_wm.jpg,新石器时代陶网坠,安徽省池州市东至县数字博物馆,陶器,新石器时代,三级,1983,单一/无机质/陶,http://www.museumschina.cn/img/waterMark/2019-01-02-14-28-22/yipu/da/34/17/21/21800001/10000056/3417212180000110000056-A-0001_wm.jpg|http://www.museumschina.cn/img/waterMark/2019-01-02-14-28-22/yipu/da/34/17/21/21800001/10000056/3417212180000110000056-A-0002_wm.jpg|http://www.museumschina.cn/img/waterMark/2019-01-02-14-28-22/yipu/da/34/17/21/21800001/10000056/3417212180000110000056-A-0003_wm.jpg|http://www.museumschina.cn/img/waterMark/2019-01-02-14-28-22/yipu/da/34/17/21/21800001/10000056/3417212180000110000056-A-0004_wm.jpg|http://www.museumschina.cn/img/waterMark/2019-01-02-14-28-22/yipu/da/34/17/21/21800001/10000056/3417212180000110000056-A-0005_wm.jpg
https://www.museumschina.cn/collection/details?id=a8996be7944da4c91a23e5d073c98ab6f,http://www.museumschina.cn/img/waterMark/2019-01-02-14-28-22/yipu/da/42/11/27/21800011/10002051/4211272180001110002051-A-0001_wm.jpg,新石器时代黄鳝嘴文化高领鼓腹圈足陶壶,黄梅县博物馆,陶器,新石器时代,未定级,2013,单一/无机质/陶,http://www.museumschina.cn/img/waterMark/2019-01-02-14-28-22/yipu/da/42/11/27/21800011/10002051/4211272180001110002051-A-0001_wm.jpg|http://www.museumschina.cn/img/waterMark/2019-01-02-14-28-22/yipu/da/42/11/27/21800011/10002051/4211272180001110002051-B-0001_wm.jpg|http://www.museumschina.cn/img/waterMark/2019-01-02-14-28-22/yipu/da/42/11/27/21800011/10002051/4211272180001110002051-F-0001_wm.jpg
https://www.museumschina.cn/collection/details?id=a89fcbc987e284924990f8a7733bd4e49,http://www.museumschina.cn/img/waterMark/2019-01-02-14-28-22/yipu/da/43/12/29/21900001/10000648/4312292190000110000648-A-0001_wm.jpg,新石器时代斗篷坡文化绳纹陶釜,湖南省怀化市靖州苗族侗族自治县数字博物馆,陶器,新石器时代,三级,,单一/无机质/陶,http://www.museumschina.cn/img/waterMark/2019-01-02-14-28-22/yipu/da/43/12/29/21900001/10000648/4312292190000110000648-A-0001_wm.jpg|http://www.museumschina.cn/img/waterMark/2019-01-02-14-28-22/yipu/da/43/12/29/21900001/10000648/4312292190000110000648-A-0002_wm.jpg|http://www.museumschina.cn/img/waterMark/2019-01-02-14-28-22/yipu/da/43/12/29/21900001/10000648/4312292190000110000648-A-0003_wm.jpg|http://www.museumschina.cn/img/waterMark/2019-01-02-14-28-22/yipu/da/43/12/29/21900001/10000648/4312292190000110000648-A-0004_wm.jpg|http://www.museumschina.cn/img/waterMark/2019-01-02-14-28-22/yipu/da/43/12/29/21900001/10000648/4312292190000110000648-A-0005_wm.jpg|http://www.museumschina.cn/img/waterMark/2019-01-02-14-28-22/yipu/da/43/12/29/21900001/10000648/4312292190000110000648-A-0006_wm.jpg
https://www.museumschina.cn/collection/details?id=a8a3e1cefeb8d48a29011dfe718a65cb1,http://www.museumschina.cn/img/waterMark/2019-01-02-14-28-22/yipu/da/42/13/03/21800004/10001718/4213032180000410001718-A-0001_wm.jpg,新石器时代陶斜腹杯,-,陶器,新石器时代,三级,2002,单一/无机质/陶,http://www.museumschina.cn/img/waterMark/2019-01-02-14-28-22/yipu/da/42/13/03/21800004/10001718/4213032180000410001718-A-0001_wm.jpg|http://www.museumschina.cn/img/waterMark/2019-01-02-14-28-22/yipu/da/42/13/03/21800004/10001718/4213032180000410001718-A-0002_wm.jpg|http://www.museumschina.cn/img/waterMark/2019-01-02-14-28-22/yipu/da/42/13/03/21800004/10001718/4213032180000410001718-B-0001_wm.jpg|http://www.museumschina.cn/img/waterMark/2019-01-02-14-28-22/yipu/da/42/13/03/21800004/10001718/4213032180000410001718-F-0001_wm.jpg
https://www.museumschina.cn/collection/details?id=a8a4c79687fba4ba5b1ae3592cea0c253,http://www.museumschina.cn/img/waterMark/2019-01-02-14-28-22/yipu/da/43/12/23/21900001/10003598/4312232190000110003598-A-0001_wm.jpg,新石器时代陶纺轮,湖南省怀化市辰溪县数字博物馆,陶器,新石器时代,三级,,单一/无机质/陶,http://www.museumschina.cn/img/waterMark/2019-01-02-14-28-22/yipu/da/43/12/23/21900001/10003598/4312232190000110003598-A-0001_wm.jpg|http://www.museumschina.cn/img/waterMark/2019-01-02-14-28-22/yipu/da/43/12/23/21900001/10003598/4312232190000110003598-A-0002_wm.jpg
https://www.museumschina.cn/collection/details?id=a7BF1DC6C0540411A8913B96127BDD74F,http://www.museumschina.cn/img/waterMark/2019-01-02-14-28-22/yipu/da/37/13/27/21800002/00000089/3713272180000200000089-A-0001_wm.jpg,新石器时代大汶口黑陶觯形杯,莒南县博物馆,陶器,新石器时代,三级,1985,单一/无机质/陶,http://www.museumschina.cn/img/waterMark/2019-01-02-14-28-22/yipu/da/37/13/27/21800002/00000089/3713272180000200000089-A-0001_wm.jpg|http://www.museumschina.cn/img/waterMark/2019-01-02-14-28-22/yipu/da/37/13/27/21800002/00000089/3713272180000200000089-B-0000_wm.jpg|http://www.museumschina.cn/img/waterMark/2019-01-02-14-28-22/yipu/da/37/13/27/21800002/00000089/3713272180000200000089-D-0000_wm.jpg|http://www.museumschina.cn/img/waterMark/2019-01-02-14-28-22/yipu/da/37/13/27/21800002/00000089/3713272180000200000089-E-0000_wm.jpg|http://www.museumschina.cn/img/waterMark/2019-01-02-14-28-22/yipu/da/37/13/27/21800002/00000089/3713272180000200000089-F-0000_wm.jpg
https://www.museumschina.cn/collection/details?id=a7ce79e7ab12b4b4ba21dd554c1034a5e,http://www.museumschina.cn/img/waterMark/2019-01-02-14-28-22/yipu/da/36/08/25/21800002/10000032/3608252180000210000032-A-0001_wm.jpg,新石器时代晚期陶片,永丰县博物馆,陶器,新石器时代,一般,1981,单一/无机质/陶,http://www.museumschina.cn/img/waterMark/2019-01-02-14-28-22/yipu/da/36/08/25/21800002/10000032/3608252180000210000032-A-0001_wm.jpg|http://www.museumschina.cn/img/waterMark/2019-01-02-14-28-22/yipu/da/36/08/25/21800002/10000032/3608252180000210000032-A-0002_wm.jpg|http://www.museumschina.cn/img/waterMark/2019-01-02-14-28-22/yipu/da/36/08/25/21800002/10000032/3608252180000210000032-A-0003_wm.jpg|http://www.museumschina.cn/img/waterMark/2019-01-02-14-28-22/yipu/da/36/08/25/21800002/10000032/3608252180000210000032-A-0004_wm.jpg
https://www.museumschina.cn/collection/details?id=a7f504ef8628f4607b5368548d693ab99,http://www.museumschina.cn/img/waterMark/2019-01-02-14-28-22/yipu/da/43/06/23/21800001/10000125/4306232180000110000125-A-0001_wm.jpg,新石器时代黑陶壶,湖南省岳阳市华容县数字博物馆,陶器,新石器时代,三级,2000,单一/无机质/泥,http://www.museumschina.cn/img/waterMark/2019-01-02-14-28-22/yipu/da/43/06/23/21800001/10000125/4306232180000110000125-A-0001_wm.jpg|http://www.museumschina.cn/img/waterMark/2019-01-02-14-28-22/yipu/da/43/06/23/21800001/10000125/4306232180000110000125-A-0002_wm.jpg|http://www.museumschina.cn/img/waterMark/2019-01-02-14-28-22/yipu/da/43/06/23/21800001/10000125/4306232180000110000125-A-0003_wm.jpg|http://www.museumschina.cn/img/waterMark/2019-01-02-14-28-22/yipu/da/43/06/23/21800001/10000125/4306232180000110000125-A-0004_wm.jpg
https://www.museumschina.cn/collection/details?id=a8026d334ab71419c80016b3d160cfb5e,http://www.museumschina.cn/img/waterMark/2019-01-02-14-28-22/yipu/da/63/02/22/21800001/10000222/6302222180000110000222-A-0001_wm.jpg,新石器时代马家窑文化马厂类型折线纹双耳彩陶壶,民和回族土族自治县博物馆,陶器,新石器时代,一级,1985,单一/无机质/陶,http://www.museumschina.cn/img/waterMark/2019-01-02-14-28-22/yipu/da/63/02/22/21800001/10000222/6302222180000110000222-A-0001_wm.jpg|http://www.museumschina.cn/img/waterMark/2019-01-02-14-28-22/yipu/da/63/02/22/21800001/10000222/6302222180000110000222-A-0002_wm.jpg|http://www.museumschina.cn/img/waterMark/2019-01-02-14-28-22/yipu/da/63/02/22/21800001/10000222/6302222180000110000222-A-0003_wm.jpg|http://www.museumschina.cn/img/waterMark/2019-01-02-14-28-22/yipu/da/63/02/22/21800001/10000222/6302222180000110000222-A-0004_wm.jpg|http://www.museumschina.cn/img/waterMark/2019-01-02-14-28-22/yipu/da/63/02/22/21800001/10000222/6302222180000110000222-A-0005_wm.jpg|http://www.museumschina.cn/img/waterMark/2019-01-02-14-28-22/yipu/da/63/02/22/21800001/10000222/6302222180000110000222-A-0006_wm.jpg
https://www.museumschina.cn/collection/details?id=a80900f66c7904b89b84c7be66ae628be,http://www.museumschina.cn/img/waterMark/2019-01-02-14-28-22/yipu/da/63/28/01/21800001/10000100/6328012180000110000100-A-0001_wm.jpg,新石器时代马家窑文化马厂类型内彩盆,格尔木市博物馆,陶器,新石器时代,未定级,1999,单一/无机质/陶,http://www.museumschina.cn/img/waterMark/2019-01-02-14-28-22/yipu/da/63/28/01/21800001/10000100/6328012180000110000100-A-0001_wm.jpg|http://www.museumschina.cn/img/waterMark/2019-01-02-14-28-22/yipu/da/63/28/01/21800001/10000100/6328012180000110000100-A-0002_wm.jpg|http://www.museumschina.cn/img/waterMark/2019-01-02-14-28-22/yipu/da/63/28/01/21800001/10000100/6328012180000110000100-A-0003_wm.jpg|http://www.museumschina.cn/img/waterMark/2019-01-02-14-28-22/yipu/da/63/28/01/21800001/10000100/6328012180000110000100-A-0004_wm.jpg
https://www.museumschina.cn/collection/details?id=a810ad2e6321744b2aa9f347fee4890bf,http://www.museumschina.cn/img/waterMark/2019-01-02-14-28-22/yipu/da/41/01/84/21800002/10008850/4101842180000210008850-A-0001_wm.jpg,新石器时代裴李岗文化红陶双耳圜底壶,新郑市博物馆,陶器,新石器时代,一级,1977,单一/无机质/陶,http://www.museumschina.cn/img/waterMark/2019-01-02-14-28-22/yipu/da/41/01/84/21800002/10008850/4101842180000210008850-A-0001_wm.jpg|http://www.museumschina.cn/img/waterMark/2019-01-02-14-28-22/yipu/da/41/01/84/21800002/10008850/4101842180000210008850-A-0002_wm.jpg|http://www.museumschina.cn/img/waterMark/2019-01-02-14-28-22/yipu/da/41/01/84/21800002/10008850/4101842180000210008850-A-0003_wm.jpg
https://www.museumschina.cn/collection/details?id=a81904ccb00d54f7386f2e24821fef703,http://www.museumschina.cn/img/waterMark/2019-01-02-14-28-22/yipu/da/45/12/81/21800004/10000199/4512812180000410000199-A-0001_wm.jpg,新石器时代有孔陶仿轮,广西壮族自治区河池市宜州市数字博物馆,陶器,新石器时代,三级,2000,单一/无机质/陶,http://www.museumschina.cn/img/waterMark/2019-01-02-14-28-22/yipu/da/45/12/81/21800004/10000199/4512812180000410000199-A-0001_wm.jpg|http://www.museumschina.cn/img/waterMark/2019-01-02-14-28-22/yipu/da/45/12/81/21800004/10000199/4512812180000410000199-A-0002_wm.jpg|http://www.museumschina.cn/img/waterMark/2019-01-02-14-28-22/yipu/da/45/12/81/21800004/10000199/4512812180000410000199-A-0003_wm.jpg|http://www.museumschina.cn/img/waterMark/2019-01-02-14-28-22/yipu/da/45/12/81/21800004/10000199/4512812180000410000199-A-0004_wm.jpg
https://www.museumschina.cn/collection/details?id=a81f307443d9549b19708572188bee229,http://www.museumschina.cn/img/waterMark/2019-01-02-14-28-22/yipu/da/42/90/06/21800002/10003219/4290062180000210003219-A-0001_wm.jpg,新石器时代陶羊,-,陶器,新石器时代,三级,1988,单一/无机质/陶,http://www.museumschina.cn/img/waterMark/2019-01-02-14-28-22/yipu/da/42/90/06/21800002/10003219/4290062180000210003219-A-0001_wm.jpg|http://www.museumschina.cn/img/waterMark/2019-01-02-14-28-22/yipu/da/42/90/06/21800002/10003219/4290062180000210003219-C-0001_wm.jpg|http://www.museumschina.cn/img/waterMark/2019-01-02-14-28-22/yipu/da/42/90/06/21800002/10003219/4290062180000210003219-C-0002_wm.jpg|http://www.museumschina.cn/img/waterMark/2019-01-02-14-28-22/yipu/da/42/90/06/21800002/10003219/4290062180000210003219-D-0001_wm.jpg|http://www.museumschina.cn/img/waterMark/2019-01-02-14-28-22/yipu/da/42/90/06/21800002/10003219/4290062180000210003219-D-0002_wm.jpg|http://www.museumschina.cn/img/waterMark/2019-01-02-14-28-22/yipu/da/42/90/06/21800002/10003219/4290062180000210003219-E-0001_wm.jpg|http://www.museumschina.cn/img/waterMark/2019-01-02-14-28-22/yipu/da/42/90/06/21800002/10003219/4290062180000210003219-F-0001_wm.jpg
https://www.museumschina.cn/collection/details?id=a82E6EB8BC64043B5A13177053C0F85AC,http://www.museumschina.cn/img/waterMark/2019-01-02-14-28-22/yipu/da/61/06/31/21800095/00001220/6106312180009500001220-A-0001_wm.jpg,新石器时代半坡类型宽带纹彩陶钵,陕西省数字博物馆,陶器,新石器时代,三级,1997,单一/无机质/陶,http://www.museumschina.cn/img/waterMark/2019-01-02-14-28-22/yipu/da/61/06/31/21800095/00001220/6106312180009500001220-A-0001_wm.jpg|http://www.museumschina.cn/img/waterMark/2019-01-02-14-28-22/yipu/da/61/06/31/21800095/00001220/6106312180009500001220-B-0001_wm.jpg
https://www.museumschina.cn/collection/details?id=a83d519abebb9436d89a0952cd965c597,http://www.museumschina.cn/img/waterMark/2019-01-02-14-28-22/yipu/da/63/28/01/21800001/10000123/6328012180000110000123-A-0001_wm.jpg,新石器时代马家窑文化马厂类型彩陶壶,格尔木市博物馆,陶器,新石器时代,未定级,1999,单一/无机质/陶,http://www.museumschina.cn/img/waterMark/2019-01-02-14-28-22/yipu/da/63/28/01/21800001/10000123/6328012180000110000123-A-0001_wm.jpg|http://www.museumschina.cn/img/waterMark/2019-01-02-14-28-22/yipu/da/63/28/01/21800001/10000123/6328012180000110000123-A-0002_wm.jpg|http://www.museumschina.cn/img/waterMark/2019-01-02-14-28-22/yipu/da/63/28/01/21800001/10000123/6328012180000110000123-A-0003_wm.jpg|http://www.museumschina.cn/img/waterMark/2019-01-02-14-28-22/yipu/da/63/28/01/21800001/10000123/6328012180000110000123-A-0004_wm.jpg
https://www.museumschina.cn/collection/details?id=a73e08850443547429257adc519b22336,http://www.museumschina.cn/img/waterMark/2019-01-02-14-28-22/yipu/da/42/10/03/21800002/10003775/4210032180000210003775-A-0001_wm.jpg,新石器时代陶器,荆州区博物馆,陶器,新石器时代,未定级,2011,单一/无机质/陶,http://www.museumschina.cn/img/waterMark/2019-01-02-14-28-22/yipu/da/42/10/03/21800002/10003775/4210032180000210003775-A-0001_wm.jpg|http://www.museumschina.cn/img/waterMark/2019-01-02-14-28-22/yipu/da/42/10/03/21800002/10003775/4210032180000210003775-B-0001_wm.jpg|http://www.museumschina.cn/img/waterMark/2019-01-02-14-28-22/yipu/da/42/10/03/21800002/10003775/4210032180000210003775-F-0001_wm.jpg
https://www.museumschina.cn/collection/details?id=a78cc2c67b30e41a9bbdafb7fdd2f2381,http://www.museumschina.cn/img/waterMark/2019-01-02-14-28-22/yipu/da/45/08/21/21800001/10000900/4508212180000110000900-A-0001_wm.jpg,新石器夹沙篮纹陶釜,平南县博物馆,陶器,新石器时代,二级,1979,单一/无机质/陶,http://www.museumschina.cn/img/waterMark/2019-01-02-14-28-22/yipu/da/45/08/21/21800001/10000900/4508212180000110000900-A-0001_wm.jpg|http://www.museumschina.cn/img/waterMark/2019-01-02-14-28-22/yipu/da/45/08/21/21800001/10000900/4508212180000110000900-A-0002_wm.jpg|http://www.museumschina.cn/img/waterMark/2019-01-02-14-28-22/yipu/da/45/08/21/21800001/10000900/4508212180000110000900-A-0003_wm.jpg|http://www.museumschina.cn/img/waterMark/2019-01-02-14-28-22/yipu/da/45/08/21/21800001/10000900/4508212180000110000900-A-0004_wm.jpg|http://www.museumschina.cn/img/waterMark/2019-01-02-14-28-22/yipu/da/45/08/21/21800001/10000900/4508212180000110000900-A-0005_wm.jpg
https://www.museumschina.cn/collection/details?id=a799104f46b3348519969e2087c811e73,http://www.museumschina.cn/img/waterMark/2019-01-02-14-28-22/yipu/da/63/02/22/21800001/10000340/6302222180000110000340-A-0001_wm.jpg,新石器时代马家窑文化蛙纹双耳彩陶壶,民和回族土族自治县博物馆,陶器,新石器时代,一级,1985,单一/无机质/陶,http://www.museumschina.cn/img/waterMark/2019-01-02-14-28-22/yipu/da/63/02/22/21800001/10000340/6302222180000110000340-A-0001_wm.jpg|http://www.museumschina.cn/img/waterMark/2019-01-02-14-28-22/yipu/da/63/02/22/21800001/10000340/6302222180000110000340-A-0002_wm.jpg|http://www.museumschina.cn/img/waterMark/2019-01-02-14-28-22/yipu/da/63/02/22/21800001/10000340/6302222180000110000340-A-0003_wm.jpg|http://www.museumschina.cn/img/waterMark/2019-01-02-14-28-22/yipu/da/63/02/22/21800001/10000340/6302222180000110000340-A-0004_wm.jpg|http://www.museumschina.cn/img/waterMark/2019-01-02-14-28-22/yipu/da/63/02/22/21800001/10000340/6302222180000110000340-A-0005_wm.jpg|http://www.museumschina.cn/img/waterMark/2019-01-02-14-28-22/yipu/da/63/02/22/21800001/10000340/6302222180000110000340-A-0006_wm.jpg
https://www.museumschina.cn/collection/details?id=a7a17b7bf61bc4bc2ba510799a4eb6591,http://www.museumschina.cn/img/waterMark/2019-01-02-14-28-22/yipu/da/43/07/23/21800001/10004201/4307232180000110004201-A-0001_wm.jpg,新石器时代屈家岭文化橙黄陶罐,常德市澧县博物馆,陶器,新石器时代,二级,1995,单一/无机质/陶,http://www.museumschina.cn/img/waterMark/2019-01-02-14-28-22/yipu/da/43/07/23/21800001/10004201/4307232180000110004201-A-0001_wm.jpg|http://www.museumschina.cn/img/waterMark/2019-01-02-14-28-22/yipu/da/43/07/23/21800001/10004201/4307232180000110004201-A-0002_wm.jpg|http://www.museumschina.cn/img/waterMark/2019-01-02-14-28-22/yipu/da/43/07/23/21800001/10004201/4307232180000110004201-A-0003_wm.jpg|http://www.museumschina.cn/img/waterMark/2019-01-02-14-28-22/yipu/da/43/07/23/21800001/10004201/4307232180000110004201-A-0004_wm.jpg|http://www.museumschina.cn/img/waterMark/2019-01-02-14-28-22/yipu/da/43/07/23/21800001/10004201/4307232180000110004201-A-0005_wm.jpg|http://www.museumschina.cn/img/waterMark/2019-01-02-14-28-22/yipu/da/43/07/23/21800001/10004201/4307232180000110004201-A-0006_wm.jpg|http://www.museumschina.cn/img/waterMark/2019-01-02-14-28-22/yipu/da/43/07/23/21800001/10004201/4307232180000110004201-A-0007_wm.jpg|http://www.museumschina.cn/img/waterMark/2019-01-02-14-28-22/yipu/da/43/07/23/21800001/10004201/4307232180000110004201-A-0008_wm.jpg|http://www.museumschina.cn/img/waterMark/2019-01-02-14-28-22/yipu/da/43/07/23/21800001/10004201/4307232180000110004201-A-0009_wm.jpg|http://www.museumschina.cn/img/waterMark/2019-01-02-14-28-22/yipu/da/43/07/23/21800001/10004201/4307232180000110004201-A-0010_wm.jpg
https://www.museumschina.cn/collection/details?id=a73e08850443547429257adc519b22336,http://www.museumschina.cn/img/waterMark/2019-01-02-14-28-22/yipu/da/42/10/03/21800002/10003775/4210032180000210003775-A-0001_wm.jpg,新石器时代陶器,荆州区博物馆,陶器,新石器时代,未定级,2011,单一/无机质/陶,http://www.museumschina.cn/img/waterMark/2019-01-02-14-28-22/yipu/da/42/10/03/21800002/10003775/4210032180000210003775-A-0001_wm.jpg|http://www.museumschina.cn/img/waterMark/2019-01-02-14-28-22/yipu/da/42/10/03/21800002/10003775/4210032180000210003775-B-0001_wm.jpg|http://www.museumschina.cn/img/waterMark/2019-01-02-14-28-22/yipu/da/42/10/03/21800002/10003775/4210032180000210003775-F-0001_wm.jpg
https://www.museumschina.cn/collection/details?id=a745f649ac96f4c01804b371fc59eb4a5,http://www.museumschina.cn/img/waterMark/2019-01-02-14-28-22/yipu/da/63/02/24/21800001/10000544/6302242180000110000544-A-0001_wm.jpg,新石器时代马家窑文化马厂类型四大圆圈双耳彩陶壶,青海省海东市化隆回族自治县数字博物馆,陶器,新石器时代,二级,1998,单一/无机质/陶,http://www.museumschina.cn/img/waterMark/2019-01-02-14-28-22/yipu/da/63/02/24/21800001/10000544/6302242180000110000544-A-0001_wm.jpg|http://www.museumschina.cn/img/waterMark/2019-01-02-14-28-22/yipu/da/63/02/24/21800001/10000544/6302242180000110000544-A-0002_wm.jpg|http://www.museumschina.cn/img/waterMark/2019-01-02-14-28-22/yipu/da/63/02/24/21800001/10000544/6302242180000110000544-A-0003_wm.jpg|http://www.museumschina.cn/img/waterMark/2019-01-02-14-28-22/yipu/da/63/02/24/21800001/10000544/6302242180000110000544-A-0004_wm.jpg|http://www.museumschina.cn/img/waterMark/2019-01-02-14-28-22/yipu/da/63/02/24/21800001/10000544/6302242180000110000544-A-0005_wm.jpg|http://www.museumschina.cn/img/waterMark/2019-01-02-14-28-22/yipu/da/63/02/24/21800001/10000544/6302242180000110000544-A-0006_wm.jpg
https://www.museumschina.cn/collection/details?id=a74d520d1a70a44cdb274ba01da5d3e2e,http://www.museumschina.cn/img/waterMark/2019-01-02-14-28-22/yipu/da/43/06/23/21800001/10000753/4306232180000110000753-A-0001_wm.jpg,新石器时代夹砂红陶大鼎,湖南省岳阳市华容县数字博物馆,陶器,新石器时代,三级,2000,单一/无机质/泥,http://www.museumschina.cn/img/waterMark/2019-01-02-14-28-22/yipu/da/43/06/23/21800001/10000753/4306232180000110000753-A-0001_wm.jpg|http://www.museumschina.cn/img/waterMark/2019-01-02-14-28-22/yipu/da/43/06/23/21800001/10000753/4306232180000110000753-A-0002_wm.jpg|http://www.museumschina.cn/img/waterMark/2019-01-02-14-28-22/yipu/da/43/06/23/21800001/10000753/4306232180000110000753-A-0003_wm.jpg|http://www.museumschina.cn/img/waterMark/2019-01-02-14-28-22/yipu/da/43/06/23/21800001/10000753/4306232180000110000753-A-0004_wm.jpg
https://www.museumschina.cn/collection/details?id=a757d6ec89dfe4675b5f47b0f7653b18b,http://www.museumschina.cn/img/waterMark/2019-01-02-14-28-22/yipu/da/63/02/25/21800001/10000006/6302252180000110000006-A-0001_wm.jpg,新石器时代马家窑文化半山类型连弧锯齿纹双耳彩陶罐,青海省海东市循化撒拉族自治县数字博物馆,陶器,新石器时代,一级,1982,单一/无机质/陶,http://www.museumschina.cn/img/waterMark/2019-01-02-14-28-22/yipu/da/63/02/25/21800001/10000006/6302252180000110000006-A-0001_wm.jpg|http://www.museumschina.cn/img/waterMark/2019-01-02-14-28-22/yipu/da/63/02/25/21800001/10000006/6302252180000110000006-A-0002_wm.jpg|http://www.museumschina.cn/img/waterMark/2019-01-02-14-28-22/yipu/da/63/02/25/21800001/10000006/6302252180000110000006-A-0003_wm.jpg|http://www.museumschina.cn/img/waterMark/2019-01-02-14-28-22/yipu/da/63/02/25/21800001/10000006/6302252180000110000006-A-0004_wm.jpg|http://www.museumschina.cn/img/waterMark/2019-01-02-14-28-22/yipu/da/63/02/25/21800001/10000006/6302252180000110000006-A-0005_wm.jpg|http://www.museumschina.cn/img/waterMark/2019-01-02-14-28-22/yipu/da/63/02/25/21800001/10000006/6302252180000110000006-A-0006_wm.jpg|http://www.museumschina.cn/img/waterMark/2019-01-02-14-28-22/yipu/da/63/02/25/21800001/10000006/6302252180000110000006-A-0007_wm.jpg|http://www.museumschina.cn/img/waterMark/2019-01-02-14-28-22/yipu/da/63/02/25/21800001/10000006/6302252180000110000006-A-0008_wm.jpg|http://www.museumschina.cn/img/waterMark/2019-01-02-14-28-22/yipu/da/63/02/25/21800001/10000006/6302252180000110000006-A-0009_wm.jpg|http://www.museumschina.cn/img/waterMark/2019-01-02-14-28-22/yipu/da/63/02/25/21800001/10000006/6302252180000110000006-A-0010_wm.jpg|http://www.museumschina.cn/img/waterMark/2019-01-02-14-28-22/yipu/da/63/02/25/21800001/10000006/6302252180000110000006-A-0011_wm.jpg
https://www.museumschina.cn/collection/details?id=a75a53ccf28fa42b8811923cae13c9b1d,http://www.museumschina.cn/img/waterMark/2019-01-02-14-28-22/yipu/da/41/13/28/21800002/10001449/4113282180000210001449-C-0001_wm.jpg,新石器时代尖底红陶缸,唐河县博物馆,陶器,新石器时代,二级,1958,单一/无机质/陶,http://www.museumschina.cn/img/waterMark/2019-01-02-14-28-22/yipu/da/41/13/28/21800002/10001449/4113282180000210001449-C-0001_wm.jpg|http://www.museumschina.cn/img/waterMark/2019-01-02-14-28-22/yipu/da/41/13/28/21800002/10001449/4113282180000210001449-D-0001_wm.jpg|http://www.museumschina.cn/img/waterMark/2019-01-02-14-28-22/yipu/da/41/13/28/21800002/10001449/4113282180000210001449-E-0001_wm.jpg
https://www.museumschina.cn/collection/details?id=a781cbe3e9c3a4ebfafef689212a94bad,http://www.museumschina.cn/img/waterMark/2019-01-02-14-28-22/yipu/da/37/13/29/21800002/00000131/3713292180000200000131-A-0001_wm.jpg,新石器时代龙山文化陶器盖,山东省临沂市临沭县数字博物馆,陶器,新石器时代,一般,,单一/无机质/陶,http://www.museumschina.cn/img/waterMark/2019-01-02-14-28-22/yipu/da/37/13/29/21800002/00000131/3713292180000200000131-A-0001_wm.jpg|http://www.museumschina.cn/img/waterMark/2019-01-02-14-28-22/yipu/da/37/13/29/21800002/00000131/3713292180000200000131-B-0001_wm.jpg|http://www.museumschina.cn/img/waterMark/2019-01-02-14-28-22/yipu/da/37/13/29/21800002/00000131/3713292180000200000131-C-0001_wm.jpg|http://www.museumschina.cn/img/waterMark/2019-01-02-14-28-22/yipu/da/37/13/29/21800002/00000131/3713292180000200000131-D-0001_wm.jpg|http://www.museumschina.cn/img/waterMark/2019-01-02-14-28-22/yipu/da/37/13/29/21800002/00000131/3713292180000200000131-F-0001_wm.jpg
https://www.museumschina.cn/collection/details?id=a7851EC04C7D443B9859C43F5C1EE806E,http://www.museumschina.cn/img/waterMark/2019-01-02-14-28-22/yipu/da/42/10/03/21800005/20096435/4210032180000520096435-A-0001_wm.jpg,新石器时代灰陶高领罐,-,陶器,新石器时代,一级,,单一/无机质/陶,http://www.museumschina.cn/img/waterMark/2019-01-02-14-28-22/yipu/da/42/10/03/21800005/20096435/4210032180000520096435-A-0001_wm.jpg|http://www.museumschina.cn/img/waterMark/2019-01-02-14-28-22/yipu/da/42/10/03/21800005/20096435/4210032180000520096435-B-0001_wm.jpg|http://www.museumschina.cn/img/waterMark/2019-01-02-14-28-22/yipu/da/42/10/03/21800005/20096435/4210032180000520096435-C-0001_wm.jpg|http://www.museumschina.cn/img/waterMark/2019-01-02-14-28-22/yipu/da/42/10/03/21800005/20096435/4210032180000520096435-C-0002_wm.jpg|http://www.museumschina.cn/img/waterMark/2019-01-02-14-28-22/yipu/da/42/10/03/21800005/20096435/4210032180000520096435-F-0001_wm.jpg
https://www.museumschina.cn/collection/details?id=a78993be823f641f6a508a27498d0828c,http://www.museumschina.cn/img/waterMark/2019-01-02-14-28-22/yipu/da/32/09/81/21800001/00000004/3209812180000100000004-A-0001_wm.jpg,新石器时代红陶鬶,东台市博物馆,陶器,新石器时代,一般,1998,单一/无机质/陶,http://www.museumschina.cn/img/waterMark/2019-01-02-14-28-22/yipu/da/32/09/81/21800001/00000004/3209812180000100000004-A-0001_wm.jpg
https://www.museumschina.cn/collection/details?id=a773BDB8BB602499AA7619A38070F146B,http://www.museumschina.cn/img/waterMark/2019-01-02-14-28-22/yipu/da/61/06/24/21800076/00001231/6106242180007600001231-A-0001_wm.jpg,新石器时代尖底瓶,陕西省数字博物馆,陶器,新石器时代,三级,1991,单一/无机质/陶,http://www.museumschina.cn/img/waterMark/2019-01-02-14-28-22/yipu/da/61/06/24/21800076/00001231/6106242180007600001231-A-0001_wm.jpg|http://www.museumschina.cn/img/waterMark/2019-01-02-14-28-22/yipu/da/61/06/24/21800076/00001231/6106242180007600001231-B-0001_wm.jpg|http://www.museumschina.cn/img/waterMark/2019-01-02-14-28-22/yipu/da/61/06/24/21800076/00001231/6106242180007600001231-C-0001_wm.jpg
https://www.museumschina.cn/collection/details?id=a777B6BE6DAAC432DB9698998CCD3A268,http://www.museumschina.cn/img/waterMark/2019-01-02-14-28-22/yipu/da/32/02/82/21800004/00000121/3202822180000400000121-A-0001_wm.jpg,新石器时代弦纹镂空圈足灰陶豆,宜兴市博物馆,陶器,新石器时代,未定级,2013,单一/无机质/陶,http://www.museumschina.cn/img/waterMark/2019-01-02-14-28-22/yipu/da/32/02/82/21800004/00000121/3202822180000400000121-A-0001_wm.jpg
https://www.museumschina.cn/collection/details?id=a77c7e3572329439db5e57898eafb74ca,http://www.museumschina.cn/img/waterMark/2019-01-02-14-28-22/yipu/da/63/02/24/21800001/10000084/6302242180000110000084-A-0001_wm.jpg,新石器时代马家窑文化马家窑类型弦纹彩陶壶,青海省海东市化隆回族自治县数字博物馆,陶器,新石器时代,二级,1987,单一/无机质/陶,http://www.museumschina.cn/img/waterMark/2019-01-02-14-28-22/yipu/da/63/02/24/21800001/10000084/6302242180000110000084-A-0001_wm.jpg|http://www.museumschina.cn/img/waterMark/2019-01-02-14-28-22/yipu/da/63/02/24/21800001/10000084/6302242180000110000084-A-0002_wm.jpg|http://www.museumschina.cn/img/waterMark/2019-01-02-14-28-22/yipu/da/63/02/24/21800001/10000084/6302242180000110000084-A-0003_wm.jpg|http://www.museumschina.cn/img/waterMark/2019-01-02-14-28-22/yipu/da/63/02/24/21800001/10000084/6302242180000110000084-A-0004_wm.jpg|http://www.museumschina.cn/img/waterMark/2019-01-02-14-28-22/yipu/da/63/02/24/21800001/10000084/6302242180000110000084-A-0005_wm.jpg|http://www.museumschina.cn/img/waterMark/2019-01-02-14-28-22/yipu/da/63/02/24/21800001/10000084/6302242180000110000084-A-0006_wm.jpg
https://www.museumschina.cn/collection/details?id=a76e83a7121b24a58912eaefcda2cfe6a,http://www.museumschina.cn/img/waterMark/2019-01-02-14-28-22/yipu/da/32/09/81/21800001/20000645/3209812180000120000645-A-0001_wm.jpg,新石器时代黑衣灰陶弦纹圈足盘,东台市博物馆,陶器,新石器时代,一般,1991,单一/无机质/陶,http://www.museumschina.cn/img/waterMark/2019-01-02-14-28-22/yipu/da/32/09/81/21800001/20000645/3209812180000120000645-A-0001_wm.jpg
https://www.museumschina.cn/collection/details?id=a7683c34723cb449fa1f56c5b35341ef3,http://www.museumschina.cn/img/waterMark/2019-01-02-14-28-22/yipu/da/42/11/02/21800011/10002255/4211022180001110002255-A-0001_wm.jpg,新石器时代圈足陶罐,-,陶器,新石器时代,一级,1985,单一/无机质/陶,http://www.museumschina.cn/img/waterMark/2019-01-02-14-28-22/yipu/da/42/11/02/21800011/10002255/4211022180001110002255-A-0001_wm.jpg|http://www.museumschina.cn/img/waterMark/2019-01-02-14-28-22/yipu/da/42/11/02/21800011/10002255/4211022180001110002255-B-0001_wm.jpg|http://www.museumschina.cn/img/waterMark/2019-01-02-14-28-22/yipu/da/42/11/02/21800011/10002255/4211022180001110002255-E-0001_wm.jpg
https://www.museumschina.cn/collection/details?id=a766be8e005574dcf93b06fd59f7448f1,http://www.museumschina.cn/img/waterMark/2019-01-02-14-28-22/yipu/da/63/28/01/21800001/10000085/6328012180000110000085-A-0001_wm.jpg,新石器时代马家窑文化半山类型涡纹双耳彩陶壶,格尔木市博物馆,陶器,新石器时代,未定级,1999,单一/无机质/陶,http://www.museumschina.cn/img/waterMark/2019-01-02-14-28-22/yipu/da/63/28/01/21800001/10000085/6328012180000110000085-A-0001_wm.jpg|http://www.museumschina.cn/img/waterMark/2019-01-02-14-28-22/yipu/da/63/28/01/21800001/10000085/6328012180000110000085-A-0002_wm.jpg|http://www.museumschina.cn/img/waterMark/2019-01-02-14-28-22/yipu/da/63/28/01/21800001/10000085/6328012180000110000085-A-0003_wm.jpg|http://www.museumschina.cn/img/waterMark/2019-01-02-14-28-22/yipu/da/63/28/01/21800001/10000085/6328012180000110000085-A-0004_wm.jpg
https://www.museumschina.cn/collection/details?id=a75b746b5fd5a44c39754d1123eb51055,http://www.museumschina.cn/img/waterMark/2019-01-02-14-28-22/yipu/da/36/11/29/21800002/10000134/3611292180000210000134-A-0001_wm.jpg,新石器时代早期夹粗砂陶器残片,万年县博物馆,陶器,新石器时代,一般,1987,单一/无机质/陶,http://www.museumschina.cn/img/waterMark/2019-01-02-14-28-22/yipu/da/36/11/29/21800002/10000134/3611292180000210000134-A-0001_wm.jpg
https://www.museumschina.cn/collection/details?id=a75b150d974424462acb83f98157fc1e6,http://www.museumschina.cn/img/waterMark/2019-01-02-14-28-22/yipu/da/43/12/29/21900001/10002192/4312292190000110002192-A-0001_wm.jpg,新石器时代斗篷坡文化弦纹陶纺轮,湖南省怀化市靖州苗族侗族自治县数字博物馆,陶器,新石器时代,三级,,单一/无机质/陶,http://www.museumschina.cn/img/waterMark/2019-01-02-14-28-22/yipu/da/43/12/29/21900001/10002192/4312292190000110002192-A-0001_wm.jpg|http://www.museumschina.cn/img/waterMark/2019-01-02-14-28-22/yipu/da/43/12/29/21900001/10002192/4312292190000110002192-A-0002_wm.jpg
https://www.museumschina.cn/collection/details?id=a76eca21418474bf5abf57ab586aabe58,http://www.museumschina.cn/img/waterMark/2019-01-02-14-28-22/yipu/da/32/04/82/21800001/10005965/3204822180000110005965-A-0001_wm.jpg,新石器时代陶尊,金坛市博物馆,陶器,新石器时代,三级,2003,单一/无机质/陶,http://www.museumschina.cn/img/waterMark/2019-01-02-14-28-22/yipu/da/32/04/82/21800001/10005965/3204822180000110005965-A-0001_wm.jpg
https://www.museumschina.cn/collection/details?id=a77c7e3572329439db5e57898eafb74ca,http://www.museumschina.cn/img/waterMark/2019-01-02-14-28-22/yipu/da/63/02/24/21800001/10000084/6302242180000110000084-A-0001_wm.jpg,新石器时代马家窑文化马家窑类型弦纹彩陶壶,青海省海东市化隆回族自治县数字博物馆,陶器,新石器时代,二级,1987,单一/无机质/陶,http://www.museumschina.cn/img/waterMark/2019-01-02-14-28-22/yipu/da/63/02/24/21800001/10000084/6302242180000110000084-A-0001_wm.jpg|http://www.museumschina.cn/img/waterMark/2019-01-02-14-28-22/yipu/da/63/02/24/21800001/10000084/6302242180000110000084-A-0002_wm.jpg|http://www.museumschina.cn/img/waterMark/2019-01-02-14-28-22/yipu/da/63/02/24/21800001/10000084/6302242180000110000084-A-0003_wm.jpg|http://www.museumschina.cn/img/waterMark/2019-01-02-14-28-22/yipu/da/63/02/24/21800001/10000084/6302242180000110000084-A-0004_wm.jpg|http://www.museumschina.cn/img/waterMark/2019-01-02-14-28-22/yipu/da/63/02/24/21800001/10000084/6302242180000110000084-A-0005_wm.jpg|http://www.museumschina.cn/img/waterMark/2019-01-02-14-28-22/yipu/da/63/02/24/21800001/10000084/6302242180000110000084-A-0006_wm.jpg
https://www.museumschina.cn/collection/details?id=a76e83a7121b24a58912eaefcda2cfe6a,http://www.museumschina.cn/img/waterMark/2019-01-02-14-28-22/yipu/da/32/09/81/21800001/20000645/3209812180000120000645-A-0001_wm.jpg,新石器时代黑衣灰陶弦纹圈足盘,东台市博物馆,陶器,新石器时代,一般,1991,单一/无机质/陶,http://www.museumschina.cn/img/waterMark/2019-01-02-14-28-22/yipu/da/32/09/81/21800001/20000645/3209812180000120000645-A-0001_wm.jpg
https://www.museumschina.cn/collection/details?id=a6e193d5693e64a7a8316dbf9115101d1,http://www.museumschina.cn/img/waterMark/2019-01-02-14-28-22/yipu/da/43/06/23/21800001/10000222/4306232180000110000222-A-0001_wm.jpg,新石器时代灰陶罐,湖南省岳阳市华容县数字博物馆,陶器,新石器时代,三级,2000,单一/无机质/泥,http://www.museumschina.cn/img/waterMark/2019-01-02-14-28-22/yipu/da/43/06/23/21800001/10000222/4306232180000110000222-A-0001_wm.jpg|http://www.museumschina.cn/img/waterMark/2019-01-02-14-28-22/yipu/da/43/06/23/21800001/10000222/4306232180000110000222-A-0002_wm.jpg|http://www.museumschina.cn/img/waterMark/2019-01-02-14-28-22/yipu/da/43/06/23/21800001/10000222/4306232180000110000222-A-0003_wm.jpg|http://www.museumschina.cn/img/waterMark/2019-01-02-14-28-22/yipu/da/43/06/23/21800001/10000222/4306232180000110000222-A-0004_wm.jpg
https://www.museumschina.cn/collection/details?id=a6EE49A04CE60461FBA45C017B6B127AE,http://www.museumschina.cn/img/waterMark/2019-01-02-14-28-22/yipu/da/32/04/12/21800001/00000982/3204122180000100000982-A-0001_wm.jpg,新石器时代崧泽文化红陶纺轮,武进区博物馆,陶器,新石器时代,三级,1994,单一/无机质/陶,http://www.museumschina.cn/img/waterMark/2019-01-02-14-28-22/yipu/da/32/04/12/21800001/00000982/3204122180000100000982-A-0001_wm.jpg|http://www.museumschina.cn/img/waterMark/2019-01-02-14-28-22/yipu/da/32/04/12/21800001/00000982/3204122180000100000982-A-0002_wm.jpg|http://www.museumschina.cn/img/waterMark/2019-01-02-14-28-22/yipu/da/32/04/12/21800001/00000982/3204122180000100000982-A-0003_wm.jpg|http://www.museumschina.cn/img/waterMark/2019-01-02-14-28-22/yipu/da/32/04/12/21800001/00000982/3204122180000100000982-A-0004_wm.jpg
https://www.museumschina.cn/collection/details?id=a6f6549df6dbb4c5fb912e5f472338992,http://www.museumschina.cn/img/waterMark/2019-01-02-14-28-22/yipu/da/63/02/02/21800003/10001330/6302022180000310001330-A-0001_wm.jpg,新石器时代马家窑文化半山类型网纹双耳彩陶壶,青海省海东市乐都区博物馆,陶器,新石器时代,一级,1978,单一/无机质/陶,http://www.museumschina.cn/img/waterMark/2019-01-02-14-28-22/yipu/da/63/02/02/21800003/10001330/6302022180000310001330-A-0001_wm.jpg|http://www.museumschina.cn/img/waterMark/2019-01-02-14-28-22/yipu/da/63/02/02/21800003/10001330/6302022180000310001330-A-0002_wm.jpg|http://www.museumschina.cn/img/waterMark/2019-01-02-14-28-22/yipu/da/63/02/02/21800003/10001330/6302022180000310001330-A-0003_wm.jpg|http://www.museumschina.cn/img/waterMark/2019-01-02-14-28-22/yipu/da/63/02/02/21800003/10001330/6302022180000310001330-A-0004_wm.jpg|http://www.museumschina.cn/img/waterMark/2019-01-02-14-28-22/yipu/da/63/02/02/21800003/10001330/6302022180000310001330-A-0005_wm.jpg|http://www.museumschina.cn/img/waterMark/2019-01-02-14-28-22/yipu/da/63/02/02/21800003/10001330/6302022180000310001330-A-0006_wm.jpg
https://www.museumschina.cn/collection/details?id=a6efb3933f478407a959f6dc97a9d67bb,http://www.museumschina.cn/img/waterMark/2019-01-02-14-28-22/yipu/da/63/02/25/21800001/10000179/6302252180000110000179-A-0001_wm.jpg,新石器时代马家窑文化半山类型宽带纹双钮彩陶罐,青海省海东市循化撒拉族自治县数字博物馆,陶器,新石器时代,一级,1982,单一/无机质/陶,http://www.museumschina.cn/img/waterMark/2019-01-02-14-28-22/yipu/da/63/02/25/21800001/10000179/6302252180000110000179-A-0001_wm.jpg|http://www.museumschina.cn/img/waterMark/2019-01-02-14-28-22/yipu/da/63/02/25/21800001/10000179/6302252180000110000179-A-0002_wm.jpg|http://www.museumschina.cn/img/waterMark/2019-01-02-14-28-22/yipu/da/63/02/25/21800001/10000179/6302252180000110000179-A-0003_wm.jpg|http://www.museumschina.cn/img/waterMark/2019-01-02-14-28-22/yipu/da/63/02/25/21800001/10000179/6302252180000110000179-A-0004_wm.jpg|http://www.museumschina.cn/img/waterMark/2019-01-02-14-28-22/yipu/da/63/02/25/21800001/10000179/6302252180000110000179-A-0005_wm.jpg|http://www.museumschina.cn/img/waterMark/2019-01-02-14-28-22/yipu/da/63/02/25/21800001/10000179/6302252180000110000179-A-0006_wm.jpg|http://www.museumschina.cn/img/waterMark/2019-01-02-14-28-22/yipu/da/63/02/25/21800001/10000179/6302252180000110000179-A-0007_wm.jpg
https://www.museumschina.cn/collection/details?id=a6f6f750e6adb45ceb4163e42cbf5e3bc,http://www.museumschina.cn/img/waterMark/2019-01-02-14-28-22/yipu/da/45/12/81/21800004/10000521/4512812180000410000521-A-0001_wm.jpg,新石器时代算珠型陶纺轮,广西壮族自治区河池市宜州市数字博物馆,陶器,新石器时代,三级,1999,单一/无机质/陶,http://www.museumschina.cn/img/waterMark/2019-01-02-14-28-22/yipu/da/45/12/81/21800004/10000521/4512812180000410000521-A-0001_wm.jpg|http://www.museumschina.cn/img/waterMark/2019-01-02-14-28-22/yipu/da/45/12/81/21800004/10000521/4512812180000410000521-A-0002_wm.jpg
https://www.museumschina.cn/collection/details?id=a70536431fccd4b109e6b3a656797c81c,http://www.museumschina.cn/img/yipu/da/42/10/81/21800007/10002347/4210812180000710002347-A-0001,新石器时代灰陶双腹豆,石首市博物馆,陶器,新石器时代,三级,1990,单一/无机质/陶,http://www.museumschina.cn/img/yipu/da/42/10/81/21800007/10002347/4210812180000710002347-A-0001|http://www.museumschina.cn/img/yipu/da/42/10/81/21800007/10002347/4210812180000710002347-A-0002|http://www.museumschina.cn/img/yipu/da/42/10/81/21800007/10002347/4210812180000710002347-A-0003|http://www.museumschina.cn/img/yipu/da/42/10/81/21800007/10002347/4210812180000710002347-A-0004|http://www.museumschina.cn/img/yipu/da/42/10/81/21800007/10002347/4210812180000710002347-A-0005
https://www.museumschina.cn/collection/details?id=a70c748f5a2834b3ca31840aa895653d2,http://www.museumschina.cn/img/waterMark/2019-01-02-14-28-22/yipu/da/36/08/25/21800002/10000278/3608252180000210000278-A-0001_wm.jpg,新石器时代晚期鱼鳞纹陶鼎足,永丰县博物馆,陶器,新石器时代,一般,1986,单一/无机质/陶,http://www.museumschina.cn/img/waterMark/2019-01-02-14-28-22/yipu/da/36/08/25/21800002/10000278/3608252180000210000278-A-0001_wm.jpg|http://www.museumschina.cn/img/waterMark/2019-01-02-14-28-22/yipu/da/36/08/25/21800002/10000278/3608252180000210000278-A-0002_wm.jpg
https://www.museumschina.cn/collection/details?id=a705e46612b934abaa5141754bcb09111,http://www.museumschina.cn/img/waterMark/2019-01-02-14-28-22/yipu/da/41/10/81/21800003/10000341/4110812180000310000341-A-0001_wm.jpg,新石器时代龙山文化夹砂陶鼎,禹州钧官窑址博物馆,陶器,新石器时代,二级,2011,单一/无机质/陶,http://www.museumschina.cn/img/waterMark/2019-01-02-14-28-22/yipu/da/41/10/81/21800003/10000341/4110812180000310000341-A-0001_wm.jpg|http://www.museumschina.cn/img/waterMark/2019-01-02-14-28-22/yipu/da/41/10/81/21800003/10000341/4110812180000310000341-A-0002_wm.jpg|http://www.museumschina.cn/img/waterMark/2019-01-02-14-28-22/yipu/da/41/10/81/21800003/10000341/4110812180000310000341-B-0001_wm.jpg|http://www.museumschina.cn/img/waterMark/2019-01-02-14-28-22/yipu/da/41/10/81/21800003/10000341/4110812180000310000341-C-0001_wm.jpg|http://www.museumschina.cn/img/waterMark/2019-01-02-14-28-22/yipu/da/41/10/81/21800003/10000341/4110812180000310000341-D-0001_wm.jpg|http://www.museumschina.cn/img/waterMark/2019-01-02-14-28-22/yipu/da/41/10/81/21800003/10000341/4110812180000310000341-F-0001_wm.jpg
https://www.museumschina.cn/collection/details?id=a7133fb8934304fcd90669d670ac3630c,http://www.museumschina.cn/img/waterMark/2019-01-02-14-28-22/yipu/da/64/05/22/21800001/10000367/6405222180000110000367-A-0001_wm.jpg,新石器时代半山文化旋卷锯齿纹双耳彩陶罐,宁夏回族自治区中卫市海原县数字博物馆,陶器,新石器时代,二级,2004,单一/无机质/陶,http://www.museumschina.cn/img/waterMark/2019-01-02-14-28-22/yipu/da/64/05/22/21800001/10000367/6405222180000110000367-A-0001_wm.jpg|http://www.museumschina.cn/img/waterMark/2019-01-02-14-28-22/yipu/da/64/05/22/21800001/10000367/6405222180000110000367-A-0002_wm.jpg|http://www.museumschina.cn/img/waterMark/2019-01-02-14-28-22/yipu/da/64/05/22/21800001/10000367/6405222180000110000367-B-0001_wm.jpg|http://www.museumschina.cn/img/waterMark/2019-01-02-14-28-22/yipu/da/64/05/22/21800001/10000367/6405222180000110000367-C-0001_wm.jpg|http://www.museumschina.cn/img/waterMark/2019-01-02-14-28-22/yipu/da/64/05/22/21800001/10000367/6405222180000110000367-C-0002_wm.jpg|http://www.museumschina.cn/img/waterMark/2019-01-02-14-28-22/yipu/da/64/05/22/21800001/10000367/6405222180000110000367-E-0001_wm.jpg|http://www.museumschina.cn/img/waterMark/2019-01-02-14-28-22/yipu/da/64/05/22/21800001/10000367/6405222180000110000367-F-0001_wm.jpg
https://www.museumschina.cn/collection/details?id=a719be84c6ebe4b9fae2325b1ee235b57,http://www.museumschina.cn/img/waterMark/2019-01-02-14-28-22/yipu/da/43/12/81/21900001/10000091/4312812190000110000091-A-0001_wm.jpg,新石器时代高庙文化戳印凤鸟纹圜底陶罐,湖南省怀化市洪江市数字博物馆,陶器,新石器时代,三级,,单一/无机质/陶,http://www.museumschina.cn/img/waterMark/2019-01-02-14-28-22/yipu/da/43/12/81/21900001/10000091/4312812190000110000091-A-0001_wm.jpg|http://www.museumschina.cn/img/waterMark/2019-01-02-14-28-22/yipu/da/43/12/81/21900001/10000091/4312812190000110000091-A-0002_wm.jpg|http://www.museumschina.cn/img/waterMark/2019-01-02-14-28-22/yipu/da/43/12/81/21900001/10000091/4312812190000110000091-A-0003_wm.jpg|http://www.museumschina.cn/img/waterMark/2019-01-02-14-28-22/yipu/da/43/12/81/21900001/10000091/4312812190000110000091-A-0004_wm.jpg
https://www.museumschina.cn/collection/details?id=a73159f9a488c4c8e8a3a29891aa5af8c,http://www.museumschina.cn/img/waterMark/2019-01-02-14-28-22/yipu/da/22/07/21/21800001/10005706/2207212180000110005706-A-0001_wm.jpg,新石器时代陶鬲,前郭县博物馆,陶器,新石器时代,未定级,,单一/无机质/陶,http://www.museumschina.cn/img/waterMark/2019-01-02-14-28-22/yipu/da/22/07/21/21800001/10005706/2207212180000110005706-A-0001_wm.jpg|http://www.museumschina.cn/img/waterMark/2019-01-02-14-28-22/yipu/da/22/07/21/21800001/10005706/2207212180000110005706-A-0002_wm.jpg|http://www.museumschina.cn/img/waterMark/2019-01-02-14-28-22/yipu/da/22/07/21/21800001/10005706/2207212180000110005706-A-0003_wm.jpg
https://www.museumschina.cn/collection/details?id=a734f6c5b31ef4fa8875a7bd16d6f0489,http://www.museumschina.cn/img/waterMark/2019-01-02-14-28-22/yipu/da/41/13/28/21800002/10001444/4113282180000210001444-A-0001_wm.jpg,新石器时代灰陶杯,唐河县博物馆,陶器,新石器时代,二级,1958,单一/无机质/陶,http://www.museumschina.cn/img/waterMark/2019-01-02-14-28-22/yipu/da/41/13/28/21800002/10001444/4113282180000210001444-A-0001_wm.jpg
https://www.museumschina.cn/collection/details?id=a7396FDCFE6594EE694B63FF52C1E9645,http://www.museumschina.cn/img/waterMark/2019-01-02-14-28-22/yipu/da/61/03/28/21800413/00002213/6103282180041300002213-A-0001_wm.jpg,新石器时代龙山文化单耳陶罐,陕西省数字博物馆,陶器,新石器时代,一般,1980,单一/无机质/陶,http://www.museumschina.cn/img/waterMark/2019-01-02-14-28-22/yipu/da/61/03/28/21800413/00002213/6103282180041300002213-A-0001_wm.jpg|http://www.museumschina.cn/img/waterMark/2019-01-02-14-28-22/yipu/da/61/03/28/21800413/00002213/6103282180041300002213-A-0002_wm.jpg|http://www.museumschina.cn/img/waterMark/2019-01-02-14-28-22/yipu/da/61/03/28/21800413/00002213/6103282180041300002213-F-0001_wm.jpg
https://www.museumschina.cn/collection/details?id=a650131aa0875454493b82b4dc5a48ca5,http://www.museumschina.cn/img/waterMark/2019-01-02-14-28-22/yipu/da/42/08/21/21800002/10000099/4208212180000210000099-A-0001_wm.jpg,新石器时代屈家岭文化红陶纺轮,京山县博物馆,陶器,新石器时代,一般,1981,单一/无机质/陶,http://www.museumschina.cn/img/waterMark/2019-01-02-14-28-22/yipu/da/42/08/21/21800002/10000099/4208212180000210000099-A-0001_wm.jpg|http://www.museumschina.cn/img/waterMark/2019-01-02-14-28-22/yipu/da/42/08/21/21800002/10000099/4208212180000210000099-B-0001_wm.jpg|http://www.museumschina.cn/img/waterMark/2019-01-02-14-28-22/yipu/da/42/08/21/21800002/10000099/4208212180000210000099-C-0001_wm.jpg|http://www.museumschina.cn/img/waterMark/2019-01-02-14-28-22/yipu/da/42/08/21/21800002/10000099/4208212180000210000099-C-0002_wm.jpg
https://www.museumschina.cn/collection/details?id=a66feef81041a4ebcb10289658d488c12,http://www.museumschina.cn/img/waterMark/2019-01-02-14-28-22/yipu/da/32/03/82/21800001/10001026/3203822180000110001026-A-0001_wm.jpg,新石器时代双耳红陶罐,邳州博物馆,陶器,新石器时代,三级,1988,单一/无机质/陶,http://www.museumschina.cn/img/waterMark/2019-01-02-14-28-22/yipu/da/32/03/82/21800001/10001026/3203822180000110001026-A-0001_wm.jpg|http://www.museumschina.cn/img/waterMark/2019-01-02-14-28-22/yipu/da/32/03/82/21800001/10001026/3203822180000110001026-A-0002_wm.jpg
https://www.museumschina.cn/collection/details?id=a67a03443e1e94a02b47eaf1dd3dc9e88,http://www.museumschina.cn/img/waterMark/2019-01-02-14-28-22/yipu/da/63/28/01/21800001/10000065/6328012180000110000065-A-0001_wm.jpg,新石器时代马家窑文化马厂类型蛙纹双耳彩陶壶,格尔木市博物馆,陶器,新石器时代,未定级,1999,单一/无机质/陶,http://www.museumschina.cn/img/waterMark/2019-01-02-14-28-22/yipu/da/63/28/01/21800001/10000065/6328012180000110000065-A-0001_wm.jpg|http://www.museumschina.cn/img/waterMark/2019-01-02-14-28-22/yipu/da/63/28/01/21800001/10000065/6328012180000110000065-A-0002_wm.jpg|http://www.museumschina.cn/img/waterMark/2019-01-02-14-28-22/yipu/da/63/28/01/21800001/10000065/6328012180000110000065-A-0003_wm.jpg|http://www.museumschina.cn/img/waterMark/2019-01-02-14-28-22/yipu/da/63/28/01/21800001/10000065/6328012180000110000065-A-0004_wm.jpg
https://www.museumschina.cn/collection/details?id=a67BBFC91DD1B4DF3BE6AB5738680F25E,http://www.museumschina.cn/img/waterMark/2019-01-02-14-28-22/yipu/da/37/13/28/21800003/00000799/3713282180000300000799-A-0001_wm.jpg,新石器时代龙山文化三足黑陶杯,山东省临沂市蒙阴县数字博物馆,陶器,新石器时代,三级,1987,单一/无机质/陶,http://www.museumschina.cn/img/waterMark/2019-01-02-14-28-22/yipu/da/37/13/28/21800003/00000799/3713282180000300000799-A-0001_wm.jpg|http://www.museumschina.cn/img/waterMark/2019-01-02-14-28-22/yipu/da/37/13/28/21800003/00000799/3713282180000300000799-B-0001_wm.jpg|http://www.museumschina.cn/img/waterMark/2019-01-02-14-28-22/yipu/da/37/13/28/21800003/00000799/3713282180000300000799-C-0001_wm.jpg|http://www.museumschina.cn/img/waterMark/2019-01-02-14-28-22/yipu/da/37/13/28/21800003/00000799/3713282180000300000799-E-0001_wm.jpg|http://www.museumschina.cn/img/waterMark/2019-01-02-14-28-22/yipu/da/37/13/28/21800003/00000799/3713282180000300000799-E-0002_wm.jpg|http://www.museumschina.cn/img/waterMark/2019-01-02-14-28-22/yipu/da/37/13/28/21800003/00000799/3713282180000300000799-E-0003_wm.jpg|http://www.museumschina.cn/img/waterMark/2019-01-02-14-28-22/yipu/da/37/13/28/21800003/00000799/3713282180000300000799-F-0001_wm.jpg
https://www.museumschina.cn/collection/details?id=a64A537CD4A0446088EC184B95FB421B3,http://www.museumschina.cn/img/waterMark/2019-01-02-14-28-22/yipu/da/37/02/82/21800002/00000026/3702822180000200000026-A-0001_wm.jpg,新石器时代黑陶盘形鼎,即墨市博物馆,陶器,新石器时代,三级,1982,单一/无机质/陶,http://www.museumschina.cn/img/waterMark/2019-01-02-14-28-22/yipu/da/37/02/82/21800002/00000026/3702822180000200000026-A-0001_wm.jpg|http://www.museumschina.cn/img/waterMark/2019-01-02-14-28-22/yipu/da/37/02/82/21800002/00000026/3702822180000200000026-B-0001_wm.jpg|http://www.museumschina.cn/img/waterMark/2019-01-02-14-28-22/yipu/da/37/02/82/21800002/00000026/3702822180000200000026-F-0001_wm.jpg
https://www.museumschina.cn/collection/details?id=a6b2598b8960e489b82c485e9cf652103,http://www.museumschina.cn/img/waterMark/2019-01-02-14-28-22/yipu/da/34/08/27/21800006/10002027/3408272180000610002027-A-0001_wm.jpg,新石器时代灰黑陶纺轮,望江县博物馆,陶器,新石器时代,三级,1983,单一/无机质/陶,http://www.museumschina.cn/img/waterMark/2019-01-02-14-28-22/yipu/da/34/08/27/21800006/10002027/3408272180000610002027-A-0001_wm.jpg|http://www.museumschina.cn/img/waterMark/2019-01-02-14-28-22/yipu/da/34/08/27/21800006/10002027/3408272180000610002027-C-0001_wm.jpg|http://www.museumschina.cn/img/waterMark/2019-01-02-14-28-22/yipu/da/34/08/27/21800006/10002027/3408272180000610002027-F-0001_wm.jpg
https://www.museumschina.cn/collection/details?id=a68dd053f42334c9184292cc6ebd1b035,http://www.museumschina.cn/img/waterMark/2019-01-02-14-28-22/yipu/da/41/10/81/21800003/10000367/4110812180000310000367-A-0001_wm.jpg,新石器时代仰韶文化彩陶壶,禹州钧官窑址博物馆,陶器,新石器时代,三级,2011,单一/无机质/陶,http://www.museumschina.cn/img/waterMark/2019-01-02-14-28-22/yipu/da/41/10/81/21800003/10000367/4110812180000310000367-A-0001_wm.jpg|http://www.museumschina.cn/img/waterMark/2019-01-02-14-28-22/yipu/da/41/10/81/21800003/10000367/4110812180000310000367-A-0002_wm.jpg|http://www.museumschina.cn/img/waterMark/2019-01-02-14-28-22/yipu/da/41/10/81/21800003/10000367/4110812180000310000367-B-0001_wm.jpg|http://www.museumschina.cn/img/waterMark/2019-01-02-14-28-22/yipu/da/41/10/81/21800003/10000367/4110812180000310000367-C-0001_wm.jpg|http://www.museumschina.cn/img/waterMark/2019-01-02-14-28-22/yipu/da/41/10/81/21800003/10000367/4110812180000310000367-C-0002_wm.jpg|http://www.museumschina.cn/img/waterMark/2019-01-02-14-28-22/yipu/da/41/10/81/21800003/10000367/4110812180000310000367-D-0001_wm.jpg|http://www.museumschina.cn/img/waterMark/2019-01-02-14-28-22/yipu/da/41/10/81/21800003/10000367/4110812180000310000367-F-0001_wm.jpg
https://www.museumschina.cn/collection/details?id=a67BBFC91DD1B4DF3BE6AB5738680F25E,http://www.museumschina.cn/img/waterMark/2019-01-02-14-28-22/yipu/da/37/13/28/21800003/00000799/3713282180000300000799-A-0001_wm.jpg,新石器时代龙山文化三足黑陶杯,山东省临沂市蒙阴县数字博物馆,陶器,新石器时代,三级,1987,单一/无机质/陶,http://www.museumschina.cn/img/waterMark/2019-01-02-14-28-22/yipu/da/37/13/28/21800003/00000799/3713282180000300000799-A-0001_wm.jpg|http://www.museumschina.cn/img/waterMark/2019-01-02-14-28-22/yipu/da/37/13/28/21800003/00000799/3713282180000300000799-B-0001_wm.jpg|http://www.museumschina.cn/img/waterMark/2019-01-02-14-28-22/yipu/da/37/13/28/21800003/00000799/3713282180000300000799-C-0001_wm.jpg|http://www.museumschina.cn/img/waterMark/2019-01-02-14-28-22/yipu/da/37/13/28/21800003/00000799/3713282180000300000799-E-0001_wm.jpg|http://www.museumschina.cn/img/waterMark/2019-01-02-14-28-22/yipu/da/37/13/28/21800003/00000799/3713282180000300000799-E-0002_wm.jpg|http://www.museumschina.cn/img/waterMark/2019-01-02-14-28-22/yipu/da/37/13/28/21800003/00000799/3713282180000300000799-E-0003_wm.jpg|http://www.museumschina.cn/img/waterMark/2019-01-02-14-28-22/yipu/da/37/13/28/21800003/00000799/3713282180000300000799-F-0001_wm.jpg
https://www.museumschina.cn/collection/details?id=a6ac344a4765e4d70be9f0289ea25033b,http://www.museumschina.cn/img/waterMark/2019-01-02-14-28-22/yipu/da/41/14/24/21800002/10000410/4114242180000210000410-A-0001_wm.jpg,新石器平底双唇敞口灰陶碗,柘城县博物馆,陶器,新石器时代,三级,1983,单一/无机质/陶,http://www.museumschina.cn/img/waterMark/2019-01-02-14-28-22/yipu/da/41/14/24/21800002/10000410/4114242180000210000410-A-0001_wm.jpg|http://www.museumschina.cn/img/waterMark/2019-01-02-14-28-22/yipu/da/41/14/24/21800002/10000410/4114242180000210000410-A-0002_wm.jpg|http://www.museumschina.cn/img/waterMark/2019-01-02-14-28-22/yipu/da/41/14/24/21800002/10000410/4114242180000210000410-A-0003_wm.jpg|http://www.museumschina.cn/img/waterMark/2019-01-02-14-28-22/yipu/da/41/14/24/21800002/10000410/4114242180000210000410-A-0004_wm.jpg|http://www.museumschina.cn/img/waterMark/2019-01-02-14-28-22/yipu/da/41/14/24/21800002/10000410/4114242180000210000410-A-0005_wm.jpg
https://www.museumschina.cn/collection/details?id=a6A302A948D6F47D6B441E50CBC7848AB,http://www.museumschina.cn/img/waterMark/2019-01-02-14-28-22/yipu/da/42/10/03/21800005/20096429/4210032180000520096429-A-0001_wm.jpg,新石器时代涡纹彩陶纺轮,-,陶器,新石器时代,一级,,复合或组合/有机无机复合或组合/其他植物质,http://www.museumschina.cn/img/waterMark/2019-01-02-14-28-22/yipu/da/42/10/03/21800005/20096429/4210032180000520096429-A-0001_wm.jpg|http://www.museumschina.cn/img/waterMark/2019-01-02-14-28-22/yipu/da/42/10/03/21800005/20096429/4210032180000520096429-F-0001_wm.jpg
https://www.museumschina.cn/collection/details?id=a67a03443e1e94a02b47eaf1dd3dc9e88,http://www.museumschina.cn/img/waterMark/2019-01-02-14-28-22/yipu/da/63/28/01/21800001/10000065/6328012180000110000065-A-0001_wm.jpg,新石器时代马家窑文化马厂类型蛙纹双耳彩陶壶,格尔木市博物馆,陶器,新石器时代,未定级,1999,单一/无机质/陶,http://www.museumschina.cn/img/waterMark/2019-01-02-14-28-22/yipu/da/63/28/01/21800001/10000065/6328012180000110000065-A-0001_wm.jpg|http://www.museumschina.cn/img/waterMark/2019-01-02-14-28-22/yipu/da/63/28/01/21800001/10000065/6328012180000110000065-A-0002_wm.jpg|http://www.museumschina.cn/img/waterMark/2019-01-02-14-28-22/yipu/da/63/28/01/21800001/10000065/6328012180000110000065-A-0003_wm.jpg|http://www.museumschina.cn/img/waterMark/2019-01-02-14-28-22/yipu/da/63/28/01/21800001/10000065/6328012180000110000065-A-0004_wm.jpg
https://www.museumschina.cn/collection/details?id=a6113ee3a95324d3a823918d88c0b0f1c,http://www.museumschina.cn/img/waterMark/2019-01-02-14-28-22/yipu/da/45/03/29/21800001/10000376/4503292180000110000376-A-0001_wm.jpg,新石器时代算珠型陶纺轮,广西壮族自治区桂林市资源县数字博物馆,陶器,新石器时代,未定级,2004,单一/无机质/陶,http://www.museumschina.cn/img/waterMark/2019-01-02-14-28-22/yipu/da/45/03/29/21800001/10000376/4503292180000110000376-A-0001_wm.jpg
https://www.museumschina.cn/collection/details?id=a613d3a201192435895a2abb58d230f8b,http://www.museumschina.cn/img/waterMark/2019-01-02-14-28-22/yipu/da/42/11/81/21800198/10009869/4211812180019810009869-A-0001_wm.jpg,新石器时代陶纺轮,麻城市革命博物馆,陶器,新石器时代,未定级,2005,单一/无机质/陶,http://www.museumschina.cn/img/waterMark/2019-01-02-14-28-22/yipu/da/42/11/81/21800198/10009869/4211812180019810009869-A-0001_wm.jpg|http://www.museumschina.cn/img/waterMark/2019-01-02-14-28-22/yipu/da/42/11/81/21800198/10009869/4211812180019810009869-A-0002_wm.jpg|http://www.museumschina.cn/img/waterMark/2019-01-02-14-28-22/yipu/da/42/11/81/21800198/10009869/4211812180019810009869-D-0001_wm.jpg
https://www.museumschina.cn/collection/details?id=a627b1c7de6664343917a1de9b2324bd5,http://www.museumschina.cn/img/waterMark/2019-01-02-14-28-22/yipu/da/41/13/21/21800001/10000901/4113212180000110000901-A-0001_wm.jpg,新石器时代灰陶瓶,南召猿人博物馆,陶器,新石器时代,三级,1985,单一/无机质/陶,http://www.museumschina.cn/img/waterMark/2019-01-02-14-28-22/yipu/da/41/13/21/21800001/10000901/4113212180000110000901-A-0001_wm.jpg
https://www.museumschina.cn/collection/details?id=a62f4f1b431644378b3d59c605e3e887e,http://www.museumschina.cn/img/waterMark/2019-01-02-14-28-22/yipu/da/45/13/21/21800001/10000322/4513212180000110000322-A-0001_wm.jpg,新石器细绳S纹形单耳陶釜,忻城土司博物馆,陶器,新石器时代,二级,1990,单一/无机质/陶,http://www.museumschina.cn/img/waterMark/2019-01-02-14-28-22/yipu/da/45/13/21/21800001/10000322/4513212180000110000322-A-0001_wm.jpg
https://www.museumschina.cn/collection/details?id=a63fd81cbddea48d69a8b72b5bb912eb6,http://www.museumschina.cn/img/waterMark/2019-01-02-14-28-22/yipu/da/63/02/22/21800001/10000361/6302222180000110000361-A-0001_wm.jpg,新石器时代马家窑文化马厂类型圆圈网纹双耳彩陶豆,民和回族土族自治县博物馆,陶器,新石器时代,一级,1985,单一/无机质/陶,http://www.museumschina.cn/img/waterMark/2019-01-02-14-28-22/yipu/da/63/02/22/21800001/10000361/6302222180000110000361-A-0001_wm.jpg|http://www.museumschina.cn/img/waterMark/2019-01-02-14-28-22/yipu/da/63/02/22/21800001/10000361/6302222180000110000361-A-0002_wm.jpg|http://www.museumschina.cn/img/waterMark/2019-01-02-14-28-22/yipu/da/63/02/22/21800001/10000361/6302222180000110000361-A-0003_wm.jpg|http://www.museumschina.cn/img/waterMark/2019-01-02-14-28-22/yipu/da/63/02/22/21800001/10000361/6302222180000110000361-A-0004_wm.jpg|http://www.museumschina.cn/img/waterMark/2019-01-02-14-28-22/yipu/da/63/02/22/21800001/10000361/6302222180000110000361-A-0005_wm.jpg|http://www.museumschina.cn/img/waterMark/2019-01-02-14-28-22/yipu/da/63/02/22/21800001/10000361/6302222180000110000361-A-0006_wm.jpg
https://www.museumschina.cn/collection/details?id=a63fea3cbb9f84663ad5b19a30bda92ea,http://www.museumschina.cn/img/waterMark/2019-01-02-14-28-22/yipu/da/32/09/81/21800001/00000294/3209812180000100000294-A-0001_wm.jpg,新石器时代夹砂红陶器盖,东台市博物馆,陶器,新石器时代,一般,1991,单一/无机质/陶,http://www.museumschina.cn/img/waterMark/2019-01-02-14-28-22/yipu/da/32/09/81/21800001/00000294/3209812180000100000294-A-0001_wm.jpg
https://www.museumschina.cn/collection/details?id=a64291cda578144ca9d0a720f2019e039,http://www.museumschina.cn/img/waterMark/2019-01-02-14-28-22/yipu/da/63/28/01/21800001/10000127/6328012180000110000127-A-0001_wm.jpg,新石器时代马家窑文化马厂类型折线双耳彩陶罐,格尔木市博物馆,陶器,新石器时代,未定级,1999,单一/无机质/陶,http://www.museumschina.cn/img/waterMark/2019-01-02-14-28-22/yipu/da/63/28/01/21800001/10000127/6328012180000110000127-A-0001_wm.jpg|http://www.museumschina.cn/img/waterMark/2019-01-02-14-28-22/yipu/da/63/28/01/21800001/10000127/6328012180000110000127-A-0002_wm.jpg|http://www.museumschina.cn/img/waterMark/2019-01-02-14-28-22/yipu/da/63/28/01/21800001/10000127/6328012180000110000127-A-0003_wm.jpg|http://www.museumschina.cn/img/waterMark/2019-01-02-14-28-22/yipu/da/63/28/01/21800001/10000127/6328012180000110000127-A-0004_wm.jpg
https://www.museumschina.cn/collection/details?id=a5df4937d99a04f39b616a57ace1cf9aa,http://www.museumschina.cn/img/waterMark/2019-01-02-14-28-22/yipu/da/64/03/24/21800001/10000403/6403242180000110000403-A-0001_wm.jpg,新石器时代菜园文化三角纹双耳彩陶罐,宁夏回族自治区吴忠市同心县数字博物馆,陶器,新石器时代,三级,,单一/无机质/陶,http://www.museumschina.cn/img/waterMark/2019-01-02-14-28-22/yipu/da/64/03/24/21800001/10000403/6403242180000110000403-A-0001_wm.jpg|http://www.museumschina.cn/img/waterMark/2019-01-02-14-28-22/yipu/da/64/03/24/21800001/10000403/6403242180000110000403-A-0002_wm.jpg|http://www.museumschina.cn/img/waterMark/2019-01-02-14-28-22/yipu/da/64/03/24/21800001/10000403/6403242180000110000403-A-0003_wm.jpg|http://www.museumschina.cn/img/waterMark/2019-01-02-14-28-22/yipu/da/64/03/24/21800001/10000403/6403242180000110000403-A-0004_wm.jpg|http://www.museumschina.cn/img/waterMark/2019-01-02-14-28-22/yipu/da/64/03/24/21800001/10000403/6403242180000110000403-B-0001_wm.jpg|http://www.museumschina.cn/img/waterMark/2019-01-02-14-28-22/yipu/da/64/03/24/21800001/10000403/6403242180000110000403-D-0001_wm.jpg|http://www.museumschina.cn/img/waterMark/2019-01-02-14-28-22/yipu/da/64/03/24/21800001/10000403/6403242180000110000403-E-0001_wm.jpg|http://www.museumschina.cn/img/waterMark/2019-01-02-14-28-22/yipu/da/64/03/24/21800001/10000403/6403242180000110000403-F-0001_wm.jpg
https://www.museumschina.cn/collection/details?id=a5FFE738B50AB499F806B4776B3EF89EF,http://www.museumschina.cn/img/waterMark/2019-01-02-14-28-22/yipu/da/37/04/06/11800001/00000070/3704061180000100000070-A-0001_wm.jpg,新石器时代大汶口文化陶杯,山东省枣庄市山亭区数字博物馆,陶器,新石器时代,未定级,2012,单一/无机质/陶,http://www.museumschina.cn/img/waterMark/2019-01-02-14-28-22/yipu/da/37/04/06/11800001/00000070/3704061180000100000070-A-0001_wm.jpg|http://www.museumschina.cn/img/waterMark/2019-01-02-14-28-22/yipu/da/37/04/06/11800001/00000070/3704061180000100000070-A-0002_wm.jpg|http://www.museumschina.cn/img/waterMark/2019-01-02-14-28-22/yipu/da/37/04/06/11800001/00000070/3704061180000100000070-B-0001_wm.jpg|http://www.museumschina.cn/img/waterMark/2019-01-02-14-28-22/yipu/da/37/04/06/11800001/00000070/3704061180000100000070-F-0001_wm.jpg
https://www.museumschina.cn/collection/details?id=a5EA278BB67B74C07A0A652E410F5C806,http://www.museumschina.cn/img/waterMark/2019-01-02-14-28-22/yipu/da/37/15/23/21800002/00000706/3715232180000200000706-A-0001_wm.jpg,新石器时代大汶口文化红陶鬶,山东省聊城市茌平县数字博物馆,陶器,新石器时代,三级,1985,单一/无机质/陶,http://www.museumschina.cn/img/waterMark/2019-01-02-14-28-22/yipu/da/37/15/23/21800002/00000706/3715232180000200000706-A-0001_wm.jpg|http://www.museumschina.cn/img/waterMark/2019-01-02-14-28-22/yipu/da/37/15/23/21800002/00000706/3715232180000200000706-A-0002_wm.jpg|http://www.museumschina.cn/img/waterMark/2019-01-02-14-28-22/yipu/da/37/15/23/21800002/00000706/3715232180000200000706-B-0001_wm.jpg|http://www.museumschina.cn/img/waterMark/2019-01-02-14-28-22/yipu/da/37/15/23/21800002/00000706/3715232180000200000706-C-0001_wm.jpg|http://www.museumschina.cn/img/waterMark/2019-01-02-14-28-22/yipu/da/37/15/23/21800002/00000706/3715232180000200000706-C-0002_wm.jpg|http://www.museumschina.cn/img/waterMark/2019-01-02-14-28-22/yipu/da/37/15/23/21800002/00000706/3715232180000200000706-E-0001_wm.jpg|http://www.museumschina.cn/img/waterMark/2019-01-02-14-28-22/yipu/da/37/15/23/21800002/00000706/3715232180000200000706-E-0002_wm.jpg|http://www.museumschina.cn/img/waterMark/2019-01-02-14-28-22/yipu/da/37/15/23/21800002/00000706/3715232180000200000706-F-0001_wm.jpg
https://www.museumschina.cn/collection/details?id=a602ffc6e518f4401ab0c846a46eaeb59,http://www.museumschina.cn/img/waterMark/2019-01-02-14-28-22/yipu/da/42/11/27/21800011/10001640/4211272180001110001640-A-0001_wm.jpg,新石器时代黄鳝嘴文化陶鬲,黄梅县博物馆,陶器,新石器时代,未定级,1985,单一/无机质/陶,http://www.museumschina.cn/img/waterMark/2019-01-02-14-28-22/yipu/da/42/11/27/21800011/10001640/4211272180001110001640-A-0001_wm.jpg|http://www.museumschina.cn/img/waterMark/2019-01-02-14-28-22/yipu/da/42/11/27/21800011/10001640/4211272180001110001640-B-0001_wm.jpg|http://www.museumschina.cn/img/waterMark/2019-01-02-14-28-22/yipu/da/42/11/27/21800011/10001640/4211272180001110001640-F-0001_wm.jpg
https://www.museumschina.cn/collection/details?id=a57076a9a524743c187f40aee8f2765d1,http://www.museumschina.cn/img/yipu/da/42/10/81/21800007/10000975/4210812180000710000975-A-0001,新石器时代灰陶罐,石首市博物馆,陶器,新石器时代,三级,1990,单一/无机质/陶,http://www.museumschina.cn/img/yipu/da/42/10/81/21800007/10000975/4210812180000710000975-A-0001|http://www.museumschina.cn/img/yipu/da/42/10/81/21800007/10000975/4210812180000710000975-A-0002|http://www.museumschina.cn/img/yipu/da/42/10/81/21800007/10000975/4210812180000710000975-A-0003|http://www.museumschina.cn/img/yipu/da/42/10/81/21800007/10000975/4210812180000710000975-A-0004|http://www.museumschina.cn/img/yipu/da/42/10/81/21800007/10000975/4210812180000710000975-A-0005
https://www.museumschina.cn/collection/details?id=a56059A789A8242848CE1522E163C8322,http://www.museumschina.cn/img/waterMark/2019-01-02-14-28-22/yipu/da/61/06/26/11800116/00000048/6106261180011600000048-A-0001_wm.jpg,新石器时代三耳灰陶斝,陕西省数字博物馆,陶器,新石器时代,三级,1986,单一/无机质/陶,http://www.museumschina.cn/img/waterMark/2019-01-02-14-28-22/yipu/da/61/06/26/11800116/00000048/6106261180011600000048-A-0001_wm.jpg|http://www.museumschina.cn/img/waterMark/2019-01-02-14-28-22/yipu/da/61/06/26/11800116/00000048/6106261180011600000048-C-0001_wm.jpg|http://www.museumschina.cn/img/waterMark/2019-01-02-14-28-22/yipu/da/61/06/26/11800116/00000048/6106261180011600000048-D-0001_wm.jpg|http://www.museumschina.cn/img/waterMark/2019-01-02-14-28-22/yipu/da/61/06/26/11800116/00000048/6106261180011600000048-E-0001_wm.jpg
https://www.museumschina.cn/collection/details?id=a556330cd44b44192b5b06e149abfa042,http://www.museumschina.cn/img/waterMark/2019-01-02-14-28-22/yipu/da/42/11/81/21800198/10009650/4211812180019810009650-A-0001_wm.jpg,新石器时代陶球,麻城市革命博物馆,陶器,新石器时代,未定级,1984,单一/无机质/陶,http://www.museumschina.cn/img/waterMark/2019-01-02-14-28-22/yipu/da/42/11/81/21800198/10009650/4211812180019810009650-A-0001_wm.jpg|http://www.museumschina.cn/img/waterMark/2019-01-02-14-28-22/yipu/da/42/11/81/21800198/10009650/4211812180019810009650-A-0002_wm.jpg|http://www.museumschina.cn/img/waterMark/2019-01-02-14-28-22/yipu/da/42/11/81/21800198/10009650/4211812180019810009650-A-0003_wm.jpg|http://www.museumschina.cn/img/waterMark/2019-01-02-14-28-22/yipu/da/42/11/81/21800198/10009650/4211812180019810009650-A-0004_wm.jpg
https://www.museumschina.cn/collection/details?id=a58a1e6d64ab74ec2ab5d2e3ceb8921c2,http://www.museumschina.cn/img/waterMark/2019-01-02-14-28-22/yipu/da/63/02/21/21800001/10000056/6302212180000110000056-A-0001_wm.jpg,新石器时代马家窑文化马厂类型垂帐纹彩陶盆,青海省海东市平安县数字博物馆,陶器,新石器时代,一级,1989,单一/无机质/陶,http://www.museumschina.cn/img/waterMark/2019-01-02-14-28-22/yipu/da/63/02/21/21800001/10000056/6302212180000110000056-A-0001_wm.jpg|http://www.museumschina.cn/img/waterMark/2019-01-02-14-28-22/yipu/da/63/02/21/21800001/10000056/6302212180000110000056-A-0002_wm.jpg|http://www.museumschina.cn/img/waterMark/2019-01-02-14-28-22/yipu/da/63/02/21/21800001/10000056/6302212180000110000056-A-0003_wm.jpg|http://www.museumschina.cn/img/waterMark/2019-01-02-14-28-22/yipu/da/63/02/21/21800001/10000056/6302212180000110000056-A-0004_wm.jpg|http://www.museumschina.cn/img/waterMark/2019-01-02-14-28-22/yipu/da/63/02/21/21800001/10000056/6302212180000110000056-A-0005_wm.jpg|http://www.museumschina.cn/img/waterMark/2019-01-02-14-28-22/yipu/da/63/02/21/21800001/10000056/6302212180000110000056-A-0006_wm.jpg|http://www.museumschina.cn/img/waterMark/2019-01-02-14-28-22/yipu/da/63/02/21/21800001/10000056/6302212180000110000056-A-0007_wm.jpg|http://www.museumschina.cn/img/waterMark/2019-01-02-14-28-22/yipu/da/63/02/21/21800001/10000056/6302212180000110000056-A-0008_wm.jpg|http://www.museumschina.cn/img/waterMark/2019-01-02-14-28-22/yipu/da/63/02/21/21800001/10000056/6302212180000110000056-A-0009_wm.jpg|http://www.museumschina.cn/img/waterMark/2019-01-02-14-28-22/yipu/da/63/02/21/21800001/10000056/6302212180000110000056-A-0010_wm.jpg
https://www.museumschina.cn/collection/details?id=a57eed9a26bf74687a3e62597fd5ed978,http://www.museumschina.cn/img/waterMark/2019-01-02-14-28-22/yipu/da/42/05/83/21800003/10003358/4205832180000310003358-A-0001_wm.jpg,新石器时代侈口斜腹管状纽陶器盖,枝江市博物馆,陶器,新石器时代,未定级,1978,单一/无机质/陶,http://www.museumschina.cn/img/waterMark/2019-01-02-14-28-22/yipu/da/42/05/83/21800003/10003358/4205832180000310003358-A-0001_wm.jpg|http://www.museumschina.cn/img/waterMark/2019-01-02-14-28-22/yipu/da/42/05/83/21800003/10003358/4205832180000310003358-A-0002_wm.jpg|http://www.museumschina.cn/img/waterMark/2019-01-02-14-28-22/yipu/da/42/05/83/21800003/10003358/4205832180000310003358-A-0003_wm.jpg|http://www.museumschina.cn/img/waterMark/2019-01-02-14-28-22/yipu/da/42/05/83/21800003/10003358/4205832180000310003358-A-0004_wm.jpg
https://www.museumschina.cn/collection/details?id=a59E4BFA01B8346A2A6D2604E09FC3CAC,http://www.museumschina.cn/img/waterMark/2019-01-02-14-28-22/yipu/da/37/06/86/21800002/00002069/3706862180000200002069-A-0001_wm.jpg,新石器时代大汶口文化陶纺轮,山东省烟台市栖霞市数字博物馆,陶器,新石器时代,一般,1999,单一/无机质/陶,http://www.museumschina.cn/img/waterMark/2019-01-02-14-28-22/yipu/da/37/06/86/21800002/00002069/3706862180000200002069-A-0001_wm.jpg|http://www.museumschina.cn/img/waterMark/2019-01-02-14-28-22/yipu/da/37/06/86/21800002/00002069/3706862180000200002069-B-0001_wm.jpg|http://www.museumschina.cn/img/waterMark/2019-01-02-14-28-22/yipu/da/37/06/86/21800002/00002069/3706862180000200002069-F-0001_wm.jpg
https://www.museumschina.cn/collection/details?id=a57076a9a524743c187f40aee8f2765d1,http://www.museumschina.cn/img/yipu/da/42/10/81/21800007/10000975/4210812180000710000975-A-0001,新石器时代灰陶罐,石首市博物馆,陶器,新石器时代,三级,1990,单一/无机质/陶,http://www.museumschina.cn/img/yipu/da/42/10/81/21800007/10000975/4210812180000710000975-A-0001|http://www.museumschina.cn/img/yipu/da/42/10/81/21800007/10000975/4210812180000710000975-A-0002|http://www.museumschina.cn/img/yipu/da/42/10/81/21800007/10000975/4210812180000710000975-A-0003|http://www.museumschina.cn/img/yipu/da/42/10/81/21800007/10000975/4210812180000710000975-A-0004|http://www.museumschina.cn/img/yipu/da/42/10/81/21800007/10000975/4210812180000710000975-A-0005
https://www.museumschina.cn/collection/details?id=a56059A789A8242848CE1522E163C8322,http://www.museumschina.cn/img/waterMark/2019-01-02-14-28-22/yipu/da/61/06/26/11800116/00000048/6106261180011600000048-A-0001_wm.jpg,新石器时代三耳灰陶斝,陕西省数字博物馆,陶器,新石器时代,三级,1986,单一/无机质/陶,http://www.museumschina.cn/img/waterMark/2019-01-02-14-28-22/yipu/da/61/06/26/11800116/00000048/6106261180011600000048-A-0001_wm.jpg|http://www.museumschina.cn/img/waterMark/2019-01-02-14-28-22/yipu/da/61/06/26/11800116/00000048/6106261180011600000048-C-0001_wm.jpg|http://www.museumschina.cn/img/waterMark/2019-01-02-14-28-22/yipu/da/61/06/26/11800116/00000048/6106261180011600000048-D-0001_wm.jpg|http://www.museumschina.cn/img/waterMark/2019-01-02-14-28-22/yipu/da/61/06/26/11800116/00000048/6106261180011600000048-E-0001_wm.jpg
https://www.museumschina.cn/collection/details?id=a556330cd44b44192b5b06e149abfa042,http://www.museumschina.cn/img/waterMark/2019-01-02-14-28-22/yipu/da/42/11/81/21800198/10009650/4211812180019810009650-A-0001_wm.jpg,新石器时代陶球,麻城市革命博物馆,陶器,新石器时代,未定级,1984,单一/无机质/陶,http://www.museumschina.cn/img/waterMark/2019-01-02-14-28-22/yipu/da/42/11/81/21800198/10009650/4211812180019810009650-A-0001_wm.jpg|http://www.museumschina.cn/img/waterMark/2019-01-02-14-28-22/yipu/da/42/11/81/21800198/10009650/4211812180019810009650-A-0002_wm.jpg|http://www.museumschina.cn/img/waterMark/2019-01-02-14-28-22/yipu/da/42/11/81/21800198/10009650/4211812180019810009650-A-0003_wm.jpg|http://www.museumschina.cn/img/waterMark/2019-01-02-14-28-22/yipu/da/42/11/81/21800198/10009650/4211812180019810009650-A-0004_wm.jpg
https://www.museumschina.cn/collection/details?id=a5d1ef7adcc834c4da7f93b2c34f14b50,http://www.museumschina.cn/img/waterMark/2019-01-02-14-28-22/yipu/da/32/04/82/21800001/10005987/3204822180000110005987-A-0001_wm.jpg,新石器时代马家浜文化中晚期组合式陶豆,金坛市博物馆,陶器,新石器时代,二级,2003,单一/无机质/陶,http://www.museumschina.cn/img/waterMark/2019-01-02-14-28-22/yipu/da/32/04/82/21800001/10005987/3204822180000110005987-A-0001_wm.jpg|http://www.museumschina.cn/img/waterMark/2019-01-02-14-28-22/yipu/da/32/04/82/21800001/10005987/3204822180000110005987-A-0002_wm.jpg|http://www.museumschina.cn/img/waterMark/2019-01-02-14-28-22/yipu/da/32/04/82/21800001/10005987/3204822180000110005987-A-0003_wm.jpg|http://www.museumschina.cn/img/waterMark/2019-01-02-14-28-22/yipu/da/32/04/82/21800001/10005987/3204822180000110005987-A-0004_wm.jpg|http://www.museumschina.cn/img/waterMark/2019-01-02-14-28-22/yipu/da/32/04/82/21800001/10005987/3204822180000110005987-A-0005_wm.jpg|http://www.museumschina.cn/img/waterMark/2019-01-02-14-28-22/yipu/da/32/04/82/21800001/10005987/3204822180000110005987-A-0006_wm.jpg|http://www.museumschina.cn/img/waterMark/2019-01-02-14-28-22/yipu/da/32/04/82/21800001/10005987/3204822180000110005987-A-0007_wm.jpg|http://www.museumschina.cn/img/waterMark/2019-01-02-14-28-22/yipu/da/32/04/82/21800001/10005987/3204822180000110005987-A-0008_wm.jpg|http://www.museumschina.cn/img/waterMark/2019-01-02-14-28-22/yipu/da/32/04/82/21800001/10005987/3204822180000110005987-A-0009_wm.jpg
https://www.museumschina.cn/collection/details?id=a5ce23072208f4dbd8ec2e205d18fbdb4,http://www.museumschina.cn/img/waterMark/2019-01-02-14-28-22/yipu/da/22/06/23/21800001/10000353/2206232180000110000353-A-0001_wm.jpg,新石器时代陶纺轮,吉林省白山市长白朝鲜族自治县数字博物馆,陶器,新石器时代,一般,1992,单一/无机质/陶,http://www.museumschina.cn/img/waterMark/2019-01-02-14-28-22/yipu/da/22/06/23/21800001/10000353/2206232180000110000353-A-0001_wm.jpg|http://www.museumschina.cn/img/waterMark/2019-01-02-14-28-22/yipu/da/22/06/23/21800001/10000353/2206232180000110000353-A-0002_wm.jpg
https://www.museumschina.cn/collection/details?id=a5c976513200a4e8393c4cb0281594541,http://www.museumschina.cn/img/waterMark/2019-01-02-14-28-22/yipu/da/34/08/22/21800001/10000388/3408222180000110000388-A-0001_wm.jpg,新石器时代镂孔陶球,安徽省安庆市怀宁县数字博物馆,陶器,新石器时代,三级,1994,单一/无机质/陶,http://www.museumschina.cn/img/waterMark/2019-01-02-14-28-22/yipu/da/34/08/22/21800001/10000388/3408222180000110000388-A-0001_wm.jpg|http://www.museumschina.cn/img/waterMark/2019-01-02-14-28-22/yipu/da/34/08/22/21800001/10000388/3408222180000110000388-A-0002_wm.jpg|http://www.museumschina.cn/img/waterMark/2019-01-02-14-28-22/yipu/da/34/08/22/21800001/10000388/3408222180000110000388-D-0003_wm.jpg|http://www.museumschina.cn/img/waterMark/2019-01-02-14-28-22/yipu/da/34/08/22/21800001/10000388/3408222180000110000388-D-0004_wm.jpg|http://www.museumschina.cn/img/waterMark/2019-01-02-14-28-22/yipu/da/34/08/22/21800001/10000388/3408222180000110000388-D-0005_wm.jpg|http://www.museumschina.cn/img/waterMark/2019-01-02-14-28-22/yipu/da/34/08/22/21800001/10000388/3408222180000110000388-D-0006_wm.jpg|http://www.museumschina.cn/img/waterMark/2019-01-02-14-28-22/yipu/da/34/08/22/21800001/10000388/3408222180000110000388-D-0007_wm.jpg|http://www.museumschina.cn/img/waterMark/2019-01-02-14-28-22/yipu/da/34/08/22/21800001/10000388/3408222180000110000388-D-0008_wm.jpg|http://www.museumschina.cn/img/waterMark/2019-01-02-14-28-22/yipu/da/34/08/22/21800001/10000388/3408222180000110000388-D-0009_wm.jpg|http://www.museumschina.cn/img/waterMark/2019-01-02-14-28-22/yipu/da/34/08/22/21800001/10000388/3408222180000110000388-D-0010_wm.jpg
https://www.museumschina.cn/collection/details?id=a5BEE3CFDF4B74A2FB151784DBA20DD79,http://www.museumschina.cn/img/waterMark/2019-01-02-14-28-22/yipu/da/37/02/13/21800011/00000162/3702132180001100000162-A-0001_wm.jpg,新石器时代龙山文化黑陶杯,山东省青岛市李沧区数字博物馆,陶器,新石器时代,未定级,2003,单一/无机质/陶,http://www.museumschina.cn/img/waterMark/2019-01-02-14-28-22/yipu/da/37/02/13/21800011/00000162/3702132180001100000162-A-0001_wm.jpg|http://www.museumschina.cn/img/waterMark/2019-01-02-14-28-22/yipu/da/37/02/13/21800011/00000162/3702132180001100000162-B-0001_wm.jpg|http://www.museumschina.cn/img/waterMark/2019-01-02-14-28-22/yipu/da/37/02/13/21800011/00000162/3702132180001100000162-F-0001_wm.jpg
https://www.museumschina.cn/collection/details?id=a5b879c9459d54fd9a6da17ad7aafa5ef,http://www.museumschina.cn/img/waterMark/2019-01-02-14-28-22/yipu/da/32/09/81/21800001/00000006/3209812180000100000006-A-0001_wm.jpg,新石器时代弦纹灰陶鼎,东台市博物馆,陶器,新石器时代,一般,1998,单一/无机质/陶,http://www.museumschina.cn/img/waterMark/2019-01-02-14-28-22/yipu/da/32/09/81/21800001/00000006/3209812180000100000006-A-0001_wm.jpg
https://www.museumschina.cn/collection/details?id=a5b879569aec645b99826e22d8b9cf2ae,http://www.museumschina.cn/img/waterMark/2019-01-02-14-28-22/yipu/da/63/23/21/21800003/10000002/6323212180000310000002-A-0001_wm.jpg,新石器时代马家窑文化半山类型蛇纹双耳彩陶壶,青海省黄南藏族自治州同仁县数字博物馆,陶器,新石器时代,二级,2009,单一/无机质/陶,http://www.museumschina.cn/img/waterMark/2019-01-02-14-28-22/yipu/da/63/23/21/21800003/10000002/6323212180000310000002-A-0001_wm.jpg|http://www.museumschina.cn/img/waterMark/2019-01-02-14-28-22/yipu/da/63/23/21/21800003/10000002/6323212180000310000002-A-0002_wm.jpg|http://www.museumschina.cn/img/waterMark/2019-01-02-14-28-22/yipu/da/63/23/21/21800003/10000002/6323212180000310000002-A-0003_wm.jpg|http://www.museumschina.cn/img/waterMark/2019-01-02-14-28-22/yipu/da/63/23/21/21800003/10000002/6323212180000310000002-A-0004_wm.jpg|http://www.museumschina.cn/img/waterMark/2019-01-02-14-28-22/yipu/da/63/23/21/21800003/10000002/6323212180000310000002-A-0005_wm.jpg|http://www.museumschina.cn/img/waterMark/2019-01-02-14-28-22/yipu/da/63/23/21/21800003/10000002/6323212180000310000002-A-0006_wm.jpg
https://www.museumschina.cn/collection/details?id=a5b21c72277f24338979398dcc372d96e,http://www.museumschina.cn/img/waterMark/2019-01-02-14-28-22/yipu/da/42/05/02/21800002/10028162/4205022180000210028162-A-0001_wm.jpg,新石器时代大溪文化红褐陶纺轮,-,陶器,新石器时代,未定级,2014,单一/无机质/陶,http://www.museumschina.cn/img/waterMark/2019-01-02-14-28-22/yipu/da/42/05/02/21800002/10028162/4205022180000210028162-A-0001_wm.jpg|http://www.museumschina.cn/img/waterMark/2019-01-02-14-28-22/yipu/da/42/05/02/21800002/10028162/4205022180000210028162-C-0001_wm.jpg
https://www.museumschina.cn/collection/details?id=a5b0e082ba8e341ef85a1a101f47ab913,http://www.museumschina.cn/img/waterMark/2019-01-02-14-28-22/yipu/da/36/09/82/21800002/10002695/3609822180000210002695-A-0001_wm.jpg,新石器时代晚期樊城堆文化弦纹圈足陶罐,樟树市博物馆,陶器,新石器时代,二级,1977,单一/无机质/陶,http://www.museumschina.cn/img/waterMark/2019-01-02-14-28-22/yipu/da/36/09/82/21800002/10002695/3609822180000210002695-A-0001_wm.jpg|http://www.museumschina.cn/img/waterMark/2019-01-02-14-28-22/yipu/da/36/09/82/21800002/10002695/3609822180000210002695-B-0001_wm.jpg|http://www.museumschina.cn/img/waterMark/2019-01-02-14-28-22/yipu/da/36/09/82/21800002/10002695/3609822180000210002695-C-0001_wm.jpg|http://www.museumschina.cn/img/waterMark/2019-01-02-14-28-22/yipu/da/36/09/82/21800002/10002695/3609822180000210002695-F-0001_wm.jpg
https://www.museumschina.cn/collection/details?id=a4f6d74fa9a3c425590adc3edab719aad,http://www.museumschina.cn/img/waterMark/2019-01-02-14-28-22/yipu/da/22/06/23/21800001/10000341/2206232180000110000341-A-0001_wm.jpg,新石器时代陶盅,吉林省白山市长白朝鲜族自治县数字博物馆,陶器,新石器时代,三级,1984,单一/无机质/陶,http://www.museumschina.cn/img/waterMark/2019-01-02-14-28-22/yipu/da/22/06/23/21800001/10000341/2206232180000110000341-A-0001_wm.jpg|http://www.museumschina.cn/img/waterMark/2019-01-02-14-28-22/yipu/da/22/06/23/21800001/10000341/2206232180000110000341-A-0002_wm.jpg
https://www.museumschina.cn/collection/details?id=a4ea2c1a49dfc4482bd0ab9d015d3efbe,http://www.museumschina.cn/img/waterMark/2019-01-02-14-28-22/yipu/da/42/05/28/21800002/10006667/4205282180000210006667-A-0001_wm.jpg,新石器时代大溪文化橙黄陶球,长阳土家族自治县博物馆,陶器,新石器时代,三级,2013,单一/无机质/陶,http://www.museumschina.cn/img/waterMark/2019-01-02-14-28-22/yipu/da/42/05/28/21800002/10006667/4205282180000210006667-A-0001_wm.jpg
https://www.museumschina.cn/collection/details?id=a514a9845eb7b400d9b482863aba0a449,http://www.museumschina.cn/img/waterMark/2019-01-02-14-28-22/yipu/da/63/02/25/21800001/10000201/6302252180000110000201-A-0001_wm.jpg,新石器时代马家窑文化马厂类型四大圆圈纹双耳彩陶壶,青海省海东市循化撒拉族自治县数字博物馆,陶器,新石器时代,一级,1985,单一/无机质/陶,http://www.museumschina.cn/img/waterMark/2019-01-02-14-28-22/yipu/da/63/02/25/21800001/10000201/6302252180000110000201-A-0001_wm.jpg|http://www.museumschina.cn/img/waterMark/2019-01-02-14-28-22/yipu/da/63/02/25/21800001/10000201/6302252180000110000201-A-0002_wm.jpg|http://www.museumschina.cn/img/waterMark/2019-01-02-14-28-22/yipu/da/63/02/25/21800001/10000201/6302252180000110000201-A-0003_wm.jpg|http://www.museumschina.cn/img/waterMark/2019-01-02-14-28-22/yipu/da/63/02/25/21800001/10000201/6302252180000110000201-A-0004_wm.jpg|http://www.museumschina.cn/img/waterMark/2019-01-02-14-28-22/yipu/da/63/02/25/21800001/10000201/6302252180000110000201-A-0005_wm.jpg|http://www.museumschina.cn/img/waterMark/2019-01-02-14-28-22/yipu/da/63/02/25/21800001/10000201/6302252180000110000201-A-0006_wm.jpg
https://www.museumschina.cn/collection/details?id=a510b6c07a67042269609e4d8b1242611,http://www.museumschina.cn/img/waterMark/2019-01-02-14-28-22/yipu/da/15/09/23/21800001/10003627/1509232180000110003627-A-0001_wm.jpg,新石器时代篮纹褐陶罐,内蒙古自治区乌兰察布市商都县数字博物馆,陶器,新石器时代,未定级,2002,单一/无机质/陶,http://www.museumschina.cn/img/waterMark/2019-01-02-14-28-22/yipu/da/15/09/23/21800001/10003627/1509232180000110003627-A-0001_wm.jpg|http://www.museumschina.cn/img/waterMark/2019-01-02-14-28-22/yipu/da/15/09/23/21800001/10003627/1509232180000110003627-B-0001_wm.jpg|http://www.museumschina.cn/img/waterMark/2019-01-02-14-28-22/yipu/da/15/09/23/21800001/10003627/1509232180000110003627-C-0001_wm.jpg|http://www.museumschina.cn/img/waterMark/2019-01-02-14-28-22/yipu/da/15/09/23/21800001/10003627/1509232180000110003627-F-0001_wm.jpg
https://www.museumschina.cn/collection/details?id=a5085a1c88b7a4716a9cce11b35c77b55,http://www.museumschina.cn/img/waterMark/2019-01-02-14-28-22/yipu/da/42/00/00/21800001/10223240/4200002180000110223240-A-0001_wm.jpg,新石器时代灰陶高柄豆,-,陶器,新石器时代,一级,,单一/无机质/陶,http://www.museumschina.cn/img/waterMark/2019-01-02-14-28-22/yipu/da/42/00/00/21800001/10223240/4200002180000110223240-A-0001_wm.jpg|http://www.museumschina.cn/img/waterMark/2019-01-02-14-28-22/yipu/da/42/00/00/21800001/10223240/4200002180000110223240-A-0002_wm.jpg|http://www.museumschina.cn/img/waterMark/2019-01-02-14-28-22/yipu/da/42/00/00/21800001/10223240/4200002180000110223240-A-0003_wm.jpg
https://www.museumschina.cn/collection/details?id=a4fb070f2f1a44c26bf0f818b3bb132ff,http://www.museumschina.cn/img/waterMark/2019-01-02-14-28-22/yipu/da/45/12/81/21800004/10000423/4512812180000410000423-A-0001_wm.jpg,新石器时代陶纺轮,广西壮族自治区河池市宜州市数字博物馆,陶器,新石器时代,三级,1999,单一/无机质/陶,http://www.museumschina.cn/img/waterMark/2019-01-02-14-28-22/yipu/da/45/12/81/21800004/10000423/4512812180000410000423-A-0001_wm.jpg|http://www.museumschina.cn/img/waterMark/2019-01-02-14-28-22/yipu/da/45/12/81/21800004/10000423/4512812180000410000423-A-0002_wm.jpg
https://www.museumschina.cn/collection/details?id=a4ea2c1a49dfc4482bd0ab9d015d3efbe,http://www.museumschina.cn/img/waterMark/2019-01-02-14-28-22/yipu/da/42/05/28/21800002/10006667/4205282180000210006667-A-0001_wm.jpg,新石器时代大溪文化橙黄陶球,长阳土家族自治县博物馆,陶器,新石器时代,三级,2013,单一/无机质/陶,http://www.museumschina.cn/img/waterMark/2019-01-02-14-28-22/yipu/da/42/05/28/21800002/10006667/4205282180000210006667-A-0001_wm.jpg
https://www.museumschina.cn/collection/details?id=a5528e8a681844b7e9ad8243444311b27,http://www.museumschina.cn/img/waterMark/2019-01-02-14-28-22/yipu/da/42/05/83/21800003/10005963/4205832180000310005963-A-0001_wm.jpg,新石器时代圆形陶球,枝江市博物馆,陶器,新石器时代,未定级,1980,单一/无机质/陶,http://www.museumschina.cn/img/waterMark/2019-01-02-14-28-22/yipu/da/42/05/83/21800003/10005963/4205832180000310005963-A-0001_wm.jpg|http://www.museumschina.cn/img/waterMark/2019-01-02-14-28-22/yipu/da/42/05/83/21800003/10005963/4205832180000310005963-A-0002_wm.jpg
https://www.museumschina.cn/collection/details?id=a5486D099F1484929B24911C395E6EFEA,http://www.museumschina.cn/img/waterMark/2019-01-02-14-28-22/yipu/da/61/06/32/21800092/00001475/6106322180009200001475-A-0001_wm.jpg,新石器时代蓝纹红陶釜,陕西省数字博物馆,陶器,新石器时代,二级,1990,单一/无机质/陶,http://www.museumschina.cn/img/waterMark/2019-01-02-14-28-22/yipu/da/61/06/32/21800092/00001475/6106322180009200001475-A-0001_wm.jpg|http://www.museumschina.cn/img/waterMark/2019-01-02-14-28-22/yipu/da/61/06/32/21800092/00001475/6106322180009200001475-B-0001_wm.jpg|http://www.museumschina.cn/img/waterMark/2019-01-02-14-28-22/yipu/da/61/06/32/21800092/00001475/6106322180009200001475-C-0001_wm.jpg|http://www.museumschina.cn/img/waterMark/2019-01-02-14-28-22/yipu/da/61/06/32/21800092/00001475/6106322180009200001475-F-0001_wm.jpg
https://www.museumschina.cn/collection/details?id=a544883e10dac4996a0f0c6d412dbe914,http://www.museumschina.cn/img/waterMark/2019-01-02-14-28-22/yipu/da/42/13/03/21800004/10000826/4213032180000410000826-A-0001_wm.jpg,新石器时代陶纺轮,-,陶器,新石器时代,三级,1985,单一/无机质/陶,http://www.museumschina.cn/img/waterMark/2019-01-02-14-28-22/yipu/da/42/13/03/21800004/10000826/4213032180000410000826-A-0001_wm.jpg|http://www.museumschina.cn/img/waterMark/2019-01-02-14-28-22/yipu/da/42/13/03/21800004/10000826/4213032180000410000826-A-0002_wm.jpg
https://www.museumschina.cn/collection/details?id=a53384660d9bc4f86b3645c1ef89e68bf,http://www.museumschina.cn/img/waterMark/2019-01-02-14-28-22/yipu/da/63/01/22/21800001/10002170/6301222180000110002170-A-0001_wm.jpg,新石器时代马家窑文化马厂类型四大圆圈纹双耳彩陶壶,湟中县博物馆,陶器,新石器时代,未定级,2001,单一/无机质/陶,http://www.museumschina.cn/img/waterMark/2019-01-02-14-28-22/yipu/da/63/01/22/21800001/10002170/6301222180000110002170-A-0001_wm.jpg|http://www.museumschina.cn/img/waterMark/2019-01-02-14-28-22/yipu/da/63/01/22/21800001/10002170/6301222180000110002170-A-0002_wm.jpg|http://www.museumschina.cn/img/waterMark/2019-01-02-14-28-22/yipu/da/63/01/22/21800001/10002170/6301222180000110002170-A-0003_wm.jpg|http://www.museumschina.cn/img/waterMark/2019-01-02-14-28-22/yipu/da/63/01/22/21800001/10002170/6301222180000110002170-A-0004_wm.jpg|http://www.museumschina.cn/img/waterMark/2019-01-02-14-28-22/yipu/da/63/01/22/21800001/10002170/6301222180000110002170-A-0005_wm.jpg|http://www.museumschina.cn/img/waterMark/2019-01-02-14-28-22/yipu/da/63/01/22/21800001/10002170/6301222180000110002170-A-0006_wm.jpg|http://www.museumschina.cn/img/waterMark/2019-01-02-14-28-22/yipu/da/63/01/22/21800001/10002170/6301222180000110002170-A-0007_wm.jpg|http://www.museumschina.cn/img/waterMark/2019-01-02-14-28-22/yipu/da/63/01/22/21800001/10002170/6301222180000110002170-A-0008_wm.jpg
https://www.museumschina.cn/collection/details?id=a5328c8226602429a836911935f78c10c,http://www.museumschina.cn/img/waterMark/2019-01-02-14-28-22/yipu/da/15/09/26/21800001/10000334/1509262180000110000334-A-0001_wm.jpg,新石器时代彩陶罐,内蒙古自治区乌兰察布市察哈尔右翼前旗数字博物馆,陶器,新石器时代,一般,1986,单一/无机质/陶,http://www.museumschina.cn/img/waterMark/2019-01-02-14-28-22/yipu/da/15/09/26/21800001/10000334/1509262180000110000334-A-0001_wm.jpg|http://www.museumschina.cn/img/waterMark/2019-01-02-14-28-22/yipu/da/15/09/26/21800001/10000334/1509262180000110000334-B-0001_wm.jpg|http://www.museumschina.cn/img/waterMark/2019-01-02-14-28-22/yipu/da/15/09/26/21800001/10000334/1509262180000110000334-C-0001_wm.jpg|http://www.museumschina.cn/img/waterMark/2019-01-02-14-28-22/yipu/da/15/09/26/21800001/10000334/1509262180000110000334-F-0001_wm.jpg
https://www.museumschina.cn/collection/details?id=a5238425a4ba249c2bd486b555c47a5d8,http://www.museumschina.cn/img/waterMark/2019-01-02-14-28-22/yipu/da/42/05/83/21800003/10002399/4205832180000310002399-A-0001_wm.jpg,新石器时代陶球,枝江市博物馆,陶器,新石器时代,三级,1975,单一/无机质/陶,http://www.museumschina.cn/img/waterMark/2019-01-02-14-28-22/yipu/da/42/05/83/21800003/10002399/4205832180000310002399-A-0001_wm.jpg|http://www.museumschina.cn/img/waterMark/2019-01-02-14-28-22/yipu/da/42/05/83/21800003/10002399/4205832180000310002399-A-0002_wm.jpg
https://www.museumschina.cn/collection/details?id=a520AEC2497334FEABEB6C55062BF516D,http://www.museumschina.cn/img/waterMark/2019-01-02-14-28-22/yipu/da/37/06/12/21800002/00003523/3706122180000200003523-A-0001_wm.jpg,岳石文化红陶碗,烟台市牟平区博物馆,陶器,新石器时代,未定级,1977,单一/无机质/陶,http://www.museumschina.cn/img/waterMark/2019-01-02-14-28-22/yipu/da/37/06/12/21800002/00003523/3706122180000200003523-A-0001_wm.jpg|http://www.museumschina.cn/img/waterMark/2019-01-02-14-28-22/yipu/da/37/06/12/21800002/00003523/3706122180000200003523-A-0002_wm.jpg|http://www.museumschina.cn/img/waterMark/2019-01-02-14-28-22/yipu/da/37/06/12/21800002/00003523/3706122180000200003523-B-0001_wm.jpg|http://www.museumschina.cn/img/waterMark/2019-01-02-14-28-22/yipu/da/37/06/12/21800002/00003523/3706122180000200003523-F-0001_wm.jpg
https://www.museumschina.cn/collection/details?id=a4912b3b752db4240ac1b2f4daf5e9a71,http://www.museumschina.cn/img/waterMark/2019-01-02-14-28-22/yipu/da/42/13/81/21800002/10000801/4213812180000210000801-A-0001_wm.jpg,新石器时代橙黄陶纺轮,广水市博物馆,陶器,新石器时代,三级,1980,单一/无机质/陶,http://www.museumschina.cn/img/waterMark/2019-01-02-14-28-22/yipu/da/42/13/81/21800002/10000801/4213812180000210000801-A-0001_wm.jpg|http://www.museumschina.cn/img/waterMark/2019-01-02-14-28-22/yipu/da/42/13/81/21800002/10000801/4213812180000210000801-F-0001_wm.jpg
https://www.museumschina.cn/collection/details?id=a498f491df4e240529db11732c56f1e61,http://www.museumschina.cn/img/waterMark/2019-01-02-14-28-22/yipu/da/63/02/22/21800001/10000035/6302222180000110000035-A-0001_wm.jpg,新石器时代马家窑文化马家窑类型弧线圆点纹双耳彩陶壶,民和回族土族自治县博物馆,陶器,新石器时代,一级,1978,单一/无机质/陶,http://www.museumschina.cn/img/waterMark/2019-01-02-14-28-22/yipu/da/63/02/22/21800001/10000035/6302222180000110000035-A-0001_wm.jpg|http://www.museumschina.cn/img/waterMark/2019-01-02-14-28-22/yipu/da/63/02/22/21800001/10000035/6302222180000110000035-A-0002_wm.jpg|http://www.museumschina.cn/img/waterMark/2019-01-02-14-28-22/yipu/da/63/02/22/21800001/10000035/6302222180000110000035-A-0003_wm.jpg|http://www.museumschina.cn/img/waterMark/2019-01-02-14-28-22/yipu/da/63/02/22/21800001/10000035/6302222180000110000035-A-0004_wm.jpg|http://www.museumschina.cn/img/waterMark/2019-01-02-14-28-22/yipu/da/63/02/22/21800001/10000035/6302222180000110000035-A-0005_wm.jpg|http://www.museumschina.cn/img/waterMark/2019-01-02-14-28-22/yipu/da/63/02/22/21800001/10000035/6302222180000110000035-A-0006_wm.jpg
https://www.museumschina.cn/collection/details?id=a496072924d7b425fbc0a27fb86b4b034,http://www.museumschina.cn/img/waterMark/2019-01-02-14-28-22/yipu/da/63/01/23/21800001/10000123/6301232180000110000123-A-0001_wm.jpg,新石器时代马家窑文化马厂类型菱形网格纹双耳彩陶罐,湟源县博物馆,陶器,新石器时代,未定级,1985,单一/无机质/陶,http://www.museumschina.cn/img/waterMark/2019-01-02-14-28-22/yipu/da/63/01/23/21800001/10000123/6301232180000110000123-A-0001_wm.jpg|http://www.museumschina.cn/img/waterMark/2019-01-02-14-28-22/yipu/da/63/01/23/21800001/10000123/6301232180000110000123-A-0002_wm.jpg|http://www.museumschina.cn/img/waterMark/2019-01-02-14-28-22/yipu/da/63/01/23/21800001/10000123/6301232180000110000123-A-0003_wm.jpg|http://www.museumschina.cn/img/waterMark/2019-01-02-14-28-22/yipu/da/63/01/23/21800001/10000123/6301232180000110000123-A-0004_wm.jpg|http://www.museumschina.cn/img/waterMark/2019-01-02-14-28-22/yipu/da/63/01/23/21800001/10000123/6301232180000110000123-A-0005_wm.jpg|http://www.museumschina.cn/img/waterMark/2019-01-02-14-28-22/yipu/da/63/01/23/21800001/10000123/6301232180000110000123-A-0006_wm.jpg
https://www.museumschina.cn/collection/details?id=a4957018fb8f541898c77660502a1dc2a,http://www.museumschina.cn/img/waterMark/2019-01-02-14-28-22/yipu/da/42/11/02/21800011/10002174/4211022180001110002174-A-0001_wm.jpg,新石器时代陶环,-,陶器,新石器时代,三级,1976,单一/无机质/陶,http://www.museumschina.cn/img/waterMark/2019-01-02-14-28-22/yipu/da/42/11/02/21800011/10002174/4211022180001110002174-A-0001_wm.jpg
https://www.museumschina.cn/collection/details?id=a4947072892ba4f56805829076e0ba898,http://www.museumschina.cn/img/waterMark/2019-01-02-14-28-22/yipu/da/34/08/27/21800006/10002117/3408272180000610002117-A-0001_wm.jpg,新石器时代晚期红陶鼎,望江县博物馆,陶器,新石器时代,三级,1983,单一/无机质/陶,http://www.museumschina.cn/img/waterMark/2019-01-02-14-28-22/yipu/da/34/08/27/21800006/10002117/3408272180000610002117-A-0001_wm.jpg|http://www.museumschina.cn/img/waterMark/2019-01-02-14-28-22/yipu/da/34/08/27/21800006/10002117/3408272180000610002117-B-0001_wm.jpg|http://www.museumschina.cn/img/waterMark/2019-01-02-14-28-22/yipu/da/34/08/27/21800006/10002117/3408272180000610002117-C-0001_wm.jpg|http://www.museumschina.cn/img/waterMark/2019-01-02-14-28-22/yipu/da/34/08/27/21800006/10002117/3408272180000610002117-F-0001_wm.jpg
https://www.museumschina.cn/collection/details?id=a48f6cf518ffb4880819c741df688e5a1,http://www.museumschina.cn/img/waterMark/2019-01-02-14-28-22/yipu/da/42/12/22/21800005/10000540/4212222180000510000540-A-0001_wm.jpg,新石器灰陶纺轮,通城县博物馆,陶器,新石器时代,一般,1982,单一/无机质/陶,http://www.museumschina.cn/img/waterMark/2019-01-02-14-28-22/yipu/da/42/12/22/21800005/10000540/4212222180000510000540-A-0001_wm.jpg
https://www.museumschina.cn/collection/details?id=a47d93b3fdf004704a9a27aadeb5aeda4,http://www.museumschina.cn/img/waterMark/2019-01-02-14-28-22/yipu/da/42/08/81/21800002/10003605/4208812180000210003605-A-0001_wm.jpg,新石器时代陶纺轮,钟祥市博物馆,陶器,新石器时代,未定级,1989,单一/无机质/陶,http://www.museumschina.cn/img/waterMark/2019-01-02-14-28-22/yipu/da/42/08/81/21800002/10003605/4208812180000210003605-A-0001_wm.jpg|http://www.museumschina.cn/img/waterMark/2019-01-02-14-28-22/yipu/da/42/08/81/21800002/10003605/4208812180000210003605-B-0001_wm.jpg|http://www.museumschina.cn/img/waterMark/2019-01-02-14-28-22/yipu/da/42/08/81/21800002/10003605/4208812180000210003605-C-0001_wm.jpg
https://www.museumschina.cn/collection/details?id=a4a5538e8f59846a2a027c39595242cfd,http://www.museumschina.cn/img/waterMark/2019-01-02-14-28-22/yipu/da/64/04/25/21800001/10001680/6404252180000110001680-A-0001_wm.jpg,新石器时代篮纹红陶壶,宁夏回族自治区固原市彭阳县数字博物馆,陶器,新石器时代,二级,,单一/无机质/陶,http://www.museumschina.cn/img/waterMark/2019-01-02-14-28-22/yipu/da/64/04/25/21800001/10001680/6404252180000110001680-A-0001_wm.jpg|http://www.museumschina.cn/img/waterMark/2019-01-02-14-28-22/yipu/da/64/04/25/21800001/10001680/6404252180000110001680-B-0001_wm.jpg|http://www.museumschina.cn/img/waterMark/2019-01-02-14-28-22/yipu/da/64/04/25/21800001/10001680/6404252180000110001680-F-0001_wm.jpg
https://www.museumschina.cn/collection/details?id=a4B48907A7F224C38B26C3CBD55DD71E2,http://www.museumschina.cn/img/waterMark/2019-01-02-14-28-22/yipu/da/37/15/23/21800002/00000395/3715232180000200000395-A-0002_wm.jpg,新石器时代大汶口文化灰陶背壶,山东省聊城市茌平县数字博物馆,陶器,新石器时代,三级,1985,单一/无机质/陶,http://www.museumschina.cn/img/waterMark/2019-01-02-14-28-22/yipu/da/37/15/23/21800002/00000395/3715232180000200000395-A-0002_wm.jpg|http://www.museumschina.cn/img/waterMark/2019-01-02-14-28-22/yipu/da/37/15/23/21800002/00000395/3715232180000200000395-A-0003_wm.jpg|http://www.museumschina.cn/img/waterMark/2019-01-02-14-28-22/yipu/da/37/15/23/21800002/00000395/3715232180000200000395-B-0001_wm.jpg|http://www.museumschina.cn/img/waterMark/2019-01-02-14-28-22/yipu/da/37/15/23/21800002/00000395/3715232180000200000395-C-0001_wm.jpg|http://www.museumschina.cn/img/waterMark/2019-01-02-14-28-22/yipu/da/37/15/23/21800002/00000395/3715232180000200000395-E-0001_wm.jpg|http://www.museumschina.cn/img/waterMark/2019-01-02-14-28-22/yipu/da/37/15/23/21800002/00000395/3715232180000200000395-E-0002_wm.jpg|http://www.museumschina.cn/img/waterMark/2019-01-02-14-28-22/yipu/da/37/15/23/21800002/00000395/3715232180000200000395-E-0003_wm.jpg|http://www.museumschina.cn/img/waterMark/2019-01-02-14-28-22/yipu/da/37/15/23/21800002/00000395/3715232180000200000395-F-0001_wm.jpg
https://www.museumschina.cn/collection/details?id=a4B01707817F1418AABA5D93E1DDFAF69,http://www.museumschina.cn/img/waterMark/2019-01-02-14-28-22/yipu/da/37/15/23/21800002/00000709/3715232180000200000709-A-0001_wm.jpg,新石器时代灰陶壶,山东省聊城市茌平县数字博物馆,陶器,新石器时代,三级,1976,单一/无机质/陶,http://www.museumschina.cn/img/waterMark/2019-01-02-14-28-22/yipu/da/37/15/23/21800002/00000709/3715232180000200000709-A-0001_wm.jpg|http://www.museumschina.cn/img/waterMark/2019-01-02-14-28-22/yipu/da/37/15/23/21800002/00000709/3715232180000200000709-A-0002_wm.jpg|http://www.museumschina.cn/img/waterMark/2019-01-02-14-28-22/yipu/da/37/15/23/21800002/00000709/3715232180000200000709-B-0001_wm.jpg|http://www.museumschina.cn/img/waterMark/2019-01-02-14-28-22/yipu/da/37/15/23/21800002/00000709/3715232180000200000709-E-0001_wm.jpg|http://www.museumschina.cn/img/waterMark/2019-01-02-14-28-22/yipu/da/37/15/23/21800002/00000709/3715232180000200000709-E-0002_wm.jpg|http://www.museumschina.cn/img/waterMark/2019-01-02-14-28-22/yipu/da/37/15/23/21800002/00000709/3715232180000200000709-F-0001_wm.jpg
https://www.museumschina.cn/collection/details?id=a4ae5c797b6584683986d14af4fbd4c86,http://www.museumschina.cn/img/waterMark/2019-01-02-14-28-22/yipu/da/34/17/21/21800001/10000099/3417212180000110000099-A-0001_wm.jpg,新石器时代红陶网坠,安徽省池州市东至县数字博物馆,陶器,新石器时代,三级,1983,单一/无机质/陶,http://www.museumschina.cn/img/waterMark/2019-01-02-14-28-22/yipu/da/34/17/21/21800001/10000099/3417212180000110000099-A-0001_wm.jpg|http://www.museumschina.cn/img/waterMark/2019-01-02-14-28-22/yipu/da/34/17/21/21800001/10000099/3417212180000110000099-A-0002_wm.jpg|http://www.museumschina.cn/img/waterMark/2019-01-02-14-28-22/yipu/da/34/17/21/21800001/10000099/3417212180000110000099-A-0003_wm.jpg|http://www.museumschina.cn/img/waterMark/2019-01-02-14-28-22/yipu/da/34/17/21/21800001/10000099/3417212180000110000099-A-0004_wm.jpg|http://www.museumschina.cn/img/waterMark/2019-01-02-14-28-22/yipu/da/34/17/21/21800001/10000099/3417212180000110000099-A-0005_wm.jpg
https://www.museumschina.cn/collection/details?id=a4AA68286E46B460D98CCD430A692E20F,http://www.museumschina.cn/img/waterMark/2019-01-02-14-28-22/yipu/da/61/06/24/21800076/00002077/6106242180007600002077-A-0001_wm.jpg,新石器时代绞绳纹单把陶杯,陕西省数字博物馆,陶器,新石器时代,二级,1991,单一/无机质/陶,http://www.museumschina.cn/img/waterMark/2019-01-02-14-28-22/yipu/da/61/06/24/21800076/00002077/6106242180007600002077-A-0001_wm.jpg|http://www.museumschina.cn/img/waterMark/2019-01-02-14-28-22/yipu/da/61/06/24/21800076/00002077/6106242180007600002077-B-0001_wm.jpg|http://www.museumschina.cn/img/waterMark/2019-01-02-14-28-22/yipu/da/61/06/24/21800076/00002077/6106242180007600002077-C-0001_wm.jpg|http://www.museumschina.cn/img/waterMark/2019-01-02-14-28-22/yipu/da/61/06/24/21800076/00002077/6106242180007600002077-F-0001_wm.jpg
https://www.museumschina.cn/collection/details?id=a4a5538e8f59846a2a027c39595242cfd,http://www.museumschina.cn/img/waterMark/2019-01-02-14-28-22/yipu/da/64/04/25/21800001/10001680/6404252180000110001680-A-0001_wm.jpg,新石器时代篮纹红陶壶,宁夏回族自治区固原市彭阳县数字博物馆,陶器,新石器时代,二级,,单一/无机质/陶,http://www.museumschina.cn/img/waterMark/2019-01-02-14-28-22/yipu/da/64/04/25/21800001/10001680/6404252180000110001680-A-0001_wm.jpg|http://www.museumschina.cn/img/waterMark/2019-01-02-14-28-22/yipu/da/64/04/25/21800001/10001680/6404252180000110001680-B-0001_wm.jpg|http://www.museumschina.cn/img/waterMark/2019-01-02-14-28-22/yipu/da/64/04/25/21800001/10001680/6404252180000110001680-F-0001_wm.jpg
https://www.museumschina.cn/collection/details?id=a498f491df4e240529db11732c56f1e61,http://www.museumschina.cn/img/waterMark/2019-01-02-14-28-22/yipu/da/63/02/22/21800001/10000035/6302222180000110000035-A-0001_wm.jpg,新石器时代马家窑文化马家窑类型弧线圆点纹双耳彩陶壶,民和回族土族自治县博物馆,陶器,新石器时代,一级,1978,单一/无机质/陶,http://www.museumschina.cn/img/waterMark/2019-01-02-14-28-22/yipu/da/63/02/22/21800001/10000035/6302222180000110000035-A-0001_wm.jpg|http://www.museumschina.cn/img/waterMark/2019-01-02-14-28-22/yipu/da/63/02/22/21800001/10000035/6302222180000110000035-A-0002_wm.jpg|http://www.museumschina.cn/img/waterMark/2019-01-02-14-28-22/yipu/da/63/02/22/21800001/10000035/6302222180000110000035-A-0003_wm.jpg|http://www.museumschina.cn/img/waterMark/2019-01-02-14-28-22/yipu/da/63/02/22/21800001/10000035/6302222180000110000035-A-0004_wm.jpg|http://www.museumschina.cn/img/waterMark/2019-01-02-14-28-22/yipu/da/63/02/22/21800001/10000035/6302222180000110000035-A-0005_wm.jpg|http://www.museumschina.cn/img/waterMark/2019-01-02-14-28-22/yipu/da/63/02/22/21800001/10000035/6302222180000110000035-A-0006_wm.jpg
https://www.museumschina.cn/collection/details?id=a472873D2039346D9BA22923C00D14356,http://www.museumschina.cn/img/waterMark/2019-01-02-14-28-22/yipu/da/37/06/12/21800002/00003505/3706122180000200003505-A-0001_wm.jpg,新石器时代大汶口文化红陶杯,烟台市牟平区博物馆,陶器,新石器时代,未定级,1973,单一/无机质/陶,http://www.museumschina.cn/img/waterMark/2019-01-02-14-28-22/yipu/da/37/06/12/21800002/00003505/3706122180000200003505-A-0001_wm.jpg|http://www.museumschina.cn/img/waterMark/2019-01-02-14-28-22/yipu/da/37/06/12/21800002/00003505/3706122180000200003505-A-0002_wm.jpg|http://www.museumschina.cn/img/waterMark/2019-01-02-14-28-22/yipu/da/37/06/12/21800002/00003505/3706122180000200003505-B-0001_wm.jpg|http://www.museumschina.cn/img/waterMark/2019-01-02-14-28-22/yipu/da/37/06/12/21800002/00003505/3706122180000200003505-F-0001_wm.jpg
https://www.museumschina.cn/collection/details?id=a44ab97519200439aa48ccc0637ada222,http://www.museumschina.cn/img/waterMark/2019-01-02-14-28-22/yipu/da/43/07/23/21800001/10002898/4307232180000110002898-A-0001_wm.jpg,新石器时代屈家岭文化黑陶瓶,常德市澧县博物馆,陶器,新石器时代,二级,2005,单一/无机质/陶,http://www.museumschina.cn/img/waterMark/2019-01-02-14-28-22/yipu/da/43/07/23/21800001/10002898/4307232180000110002898-A-0001_wm.jpg|http://www.museumschina.cn/img/waterMark/2019-01-02-14-28-22/yipu/da/43/07/23/21800001/10002898/4307232180000110002898-A-0002_wm.jpg|http://www.museumschina.cn/img/waterMark/2019-01-02-14-28-22/yipu/da/43/07/23/21800001/10002898/4307232180000110002898-A-0003_wm.jpg|http://www.museumschina.cn/img/waterMark/2019-01-02-14-28-22/yipu/da/43/07/23/21800001/10002898/4307232180000110002898-A-0004_wm.jpg|http://www.museumschina.cn/img/waterMark/2019-01-02-14-28-22/yipu/da/43/07/23/21800001/10002898/4307232180000110002898-A-0005_wm.jpg|http://www.museumschina.cn/img/waterMark/2019-01-02-14-28-22/yipu/da/43/07/23/21800001/10002898/4307232180000110002898-A-0006_wm.jpg|http://www.museumschina.cn/img/waterMark/2019-01-02-14-28-22/yipu/da/43/07/23/21800001/10002898/4307232180000110002898-A-0007_wm.jpg
https://www.museumschina.cn/collection/details?id=a4439b8b8ff7248499548a91498d5ed55,http://www.museumschina.cn/img/waterMark/2019-01-02-14-28-22/yipu/da/42/09/02/21800002/10000101/4209022180000210000101-A-0001_wm.jpg,新石器时代陶纺轮,-,陶器,新石器时代,一般,,单一/无机质/陶,http://www.museumschina.cn/img/waterMark/2019-01-02-14-28-22/yipu/da/42/09/02/21800002/10000101/4209022180000210000101-A-0001_wm.jpg|http://www.museumschina.cn/img/waterMark/2019-01-02-14-28-22/yipu/da/42/09/02/21800002/10000101/4209022180000210000101-A-0002_wm.jpg|http://www.museumschina.cn/img/waterMark/2019-01-02-14-28-22/yipu/da/42/09/02/21800002/10000101/4209022180000210000101-C-0001_wm.jpg
https://www.museumschina.cn/collection/details?id=a43868d0438dd482e852cafe70f20ec0e,http://www.museumschina.cn/img/waterMark/2019-01-02-14-28-22/yipu/da/63/02/02/21800003/10001325/6302022180000310001325-A-0001_wm.jpg,"新石器时代马家窑文化马家窑类型复线""S""纹彩陶盆",青海省海东市乐都区博物馆,陶器,新石器时代,三级,1982,单一/无机质/陶,http://www.museumschina.cn/img/waterMark/2019-01-02-14-28-22/yipu/da/63/02/02/21800003/10001325/6302022180000310001325-A-0001_wm.jpg|http://www.museumschina.cn/img/waterMark/2019-01-02-14-28-22/yipu/da/63/02/02/21800003/10001325/6302022180000310001325-A-0002_wm.jpg|http://www.museumschina.cn/img/waterMark/2019-01-02-14-28-22/yipu/da/63/02/02/21800003/10001325/6302022180000310001325-A-0003_wm.jpg|http://www.museumschina.cn/img/waterMark/2019-01-02-14-28-22/yipu/da/63/02/02/21800003/10001325/6302022180000310001325-A-0004_wm.jpg|http://www.museumschina.cn/img/waterMark/2019-01-02-14-28-22/yipu/da/63/02/02/21800003/10001325/6302022180000310001325-A-0005_wm.jpg|http://www.museumschina.cn/img/waterMark/2019-01-02-14-28-22/yipu/da/63/02/02/21800003/10001325/6302022180000310001325-A-0006_wm.jpg|http://www.museumschina.cn/img/waterMark/2019-01-02-14-28-22/yipu/da/63/02/02/21800003/10001325/6302022180000310001325-A-0007_wm.jpg
https://www.museumschina.cn/collection/details?id=a41fe2751f4294c1eae5f7c10d8fe0421,http://www.museumschina.cn/img/waterMark/2019-01-02-14-28-22/yipu/da/42/13/81/21800002/10000373/4213812180000210000373-A-0001_wm.jpg,新石器黑色陶纺轮,广水市博物馆,陶器,新石器时代,三级,1980,单一/无机质/陶,http://www.museumschina.cn/img/waterMark/2019-01-02-14-28-22/yipu/da/42/13/81/21800002/10000373/4213812180000210000373-A-0001_wm.jpg|http://www.museumschina.cn/img/waterMark/2019-01-02-14-28-22/yipu/da/42/13/81/21800002/10000373/4213812180000210000373-C-0001_wm.jpg|http://www.museumschina.cn/img/waterMark/2019-01-02-14-28-22/yipu/da/42/13/81/21800002/10000373/4213812180000210000373-F-0001_wm.jpg
https://www.museumschina.cn/collection/details?id=a41A5E54D782D4AE8A34C0991BA0920AA,http://www.museumschina.cn/img/waterMark/2019-01-02-14-28-22/yipu/da/42/10/03/21800005/20096428/4210032180000520096428-A-0001_wm.jpg,新石器时代线纹彩陶纺轮,-,陶器,新石器时代,一级,,复合或组合/有机无机复合或组合/其他植物质,http://www.museumschina.cn/img/waterMark/2019-01-02-14-28-22/yipu/da/42/10/03/21800005/20096428/4210032180000520096428-A-0001_wm.jpg|http://www.museumschina.cn/img/waterMark/2019-01-02-14-28-22/yipu/da/42/10/03/21800005/20096428/4210032180000520096428-F-0001_wm.jpg
https://www.museumschina.cn/collection/details?id=a41372934b2a0406c86f399a846ce3136,http://www.museumschina.cn/img/waterMark/2019-01-02-14-28-22/yipu/da/43/06/23/21800001/10000117/4306232180000110000117-A-0001_wm.jpg,新石器时代镂空圈足陶豆,湖南省岳阳市华容县数字博物馆,陶器,新石器时代,三级,2000,单一/无机质/泥,http://www.museumschina.cn/img/waterMark/2019-01-02-14-28-22/yipu/da/43/06/23/21800001/10000117/4306232180000110000117-A-0001_wm.jpg|http://www.museumschina.cn/img/waterMark/2019-01-02-14-28-22/yipu/da/43/06/23/21800001/10000117/4306232180000110000117-A-0002_wm.jpg|http://www.museumschina.cn/img/waterMark/2019-01-02-14-28-22/yipu/da/43/06/23/21800001/10000117/4306232180000110000117-A-0003_wm.jpg|http://www.museumschina.cn/img/waterMark/2019-01-02-14-28-22/yipu/da/43/06/23/21800001/10000117/4306232180000110000117-A-0004_wm.jpg
https://www.museumschina.cn/collection/details?id=a40dd765930f847c0acedf2b03b184138,http://www.museumschina.cn/img/waterMark/2019-01-02-14-28-22/yipu/da/42/08/81/21800002/10026642/4208812180000210026642-A-0001_wm.jpg,新石器时代彩陶仿轮,钟祥市博物馆,陶器,新石器时代,三级,1986,单一/无机质/陶,http://www.museumschina.cn/img/waterMark/2019-01-02-14-28-22/yipu/da/42/08/81/21800002/10026642/4208812180000210026642-A-0001_wm.jpg|http://www.museumschina.cn/img/waterMark/2019-01-02-14-28-22/yipu/da/42/08/81/21800002/10026642/4208812180000210026642-B-0001_wm.jpg|http://www.museumschina.cn/img/waterMark/2019-01-02-14-28-22/yipu/da/42/08/81/21800002/10026642/4208812180000210026642-F-0001_wm.jpg
https://www.museumschina.cn/collection/details?id=a40BFA017980740F5894C05531C776E44,http://www.museumschina.cn/img/waterMark/2019-01-02-14-28-22/yipu/da/61/03/26/21800399/00003846/6103262180039900003846-A-0001_wm.jpg,新石器时代彩陶瓶,眉县博物馆,陶器,新石器时代,一级,1985,单一/无机质/陶,http://www.museumschina.cn/img/waterMark/2019-01-02-14-28-22/yipu/da/61/03/26/21800399/00003846/6103262180039900003846-A-0001_wm.jpg|http://www.museumschina.cn/img/waterMark/2019-01-02-14-28-22/yipu/da/61/03/26/21800399/00003846/6103262180039900003846-B-0001_wm.jpg|http://www.museumschina.cn/img/waterMark/2019-01-02-14-28-22/yipu/da/61/03/26/21800399/00003846/6103262180039900003846-F-0001_wm.jpg
https://www.museumschina.cn/collection/details?id=a40A88B77A23943A991354B28D6632E03,http://www.museumschina.cn/img/waterMark/2019-01-02-14-28-22/yipu/da/61/03/26/21800399/00003617/6103262180039900003617-A-0001_wm.jpg,新石器时代加砂陶罐,眉县博物馆,陶器,新石器时代,二级,1983,单一/无机质/陶,http://www.museumschina.cn/img/waterMark/2019-01-02-14-28-22/yipu/da/61/03/26/21800399/00003617/6103262180039900003617-A-0001_wm.jpg|http://www.museumschina.cn/img/waterMark/2019-01-02-14-28-22/yipu/da/61/03/26/21800399/00003617/6103262180039900003617-A-0002_wm.jpg|http://www.museumschina.cn/img/waterMark/2019-01-02-14-28-22/yipu/da/61/03/26/21800399/00003617/6103262180039900003617-C-0001_wm.jpg|http://www.museumschina.cn/img/waterMark/2019-01-02-14-28-22/yipu/da/61/03/26/21800399/00003617/6103262180039900003617-C-0002_wm.jpg|http://www.museumschina.cn/img/waterMark/2019-01-02-14-28-22/yipu/da/61/03/26/21800399/00003617/6103262180039900003617-C-0003_wm.jpg|http://www.museumschina.cn/img/waterMark/2019-01-02-14-28-22/yipu/da/61/03/26/21800399/00003617/6103262180039900003617-C-0004_wm.jpg|http://www.museumschina.cn/img/waterMark/2019-01-02-14-28-22/yipu/da/61/03/26/21800399/00003617/6103262180039900003617-C-0005_wm.jpg
https://www.museumschina.cn/collection/details?id=a40899BA6AC284A3FB434029459A11C52,http://www.museumschina.cn/img/waterMark/2019-01-02-14-28-22/yipu/da/37/03/03/21800019/00001668/3703032180001900001668-A-0001_wm.jpg,新石器时代龙山文化陶高柄灯,张店区博物馆,陶器,新石器时代,未定级,2014,单一/无机质/陶,http://www.museumschina.cn/img/waterMark/2019-01-02-14-28-22/yipu/da/37/03/03/21800019/00001668/3703032180001900001668-A-0001_wm.jpg|http://www.museumschina.cn/img/waterMark/2019-01-02-14-28-22/yipu/da/37/03/03/21800019/00001668/3703032180001900001668-F-0001_wm.jpg
https://www.museumschina.cn/collection/details?id=a4070560678ef4a7188174177dc876a7c,http://www.museumschina.cn/img/waterMark/2019-01-02-14-28-22/yipu/da/42/00/00/21800001/10228288/4200002180000110228288-A-0001_wm.jpg,新石器时代涡纹彩陶纺轮,-,陶器,新石器时代,一级,,单一/无机质/陶,http://www.museumschina.cn/img/waterMark/2019-01-02-14-28-22/yipu/da/42/00/00/21800001/10228288/4200002180000110228288-A-0001_wm.jpg|http://www.museumschina.cn/img/waterMark/2019-01-02-14-28-22/yipu/da/42/00/00/21800001/10228288/4200002180000110228288-A-0002_wm.jpg
https://www.museumschina.cn/collection/details?id=a3b397ef0878148488cba56303edb4fa9,http://www.museumschina.cn/img/waterMark/2019-01-02-14-28-22/yipu/da/42/11/82/21800003/10005068/4211822180000310005068-A-0001_wm.jpg,新石器时代陶壶,武穴市博物馆,陶器,新石器时代,三级,2006,单一/无机质/陶,http://www.museumschina.cn/img/waterMark/2019-01-02-14-28-22/yipu/da/42/11/82/21800003/10005068/4211822180000310005068-A-0001_wm.jpg
https://www.museumschina.cn/collection/details?id=a3b15700286754576a756bf7ef81ba8b8,http://www.museumschina.cn/img/waterMark/2019-01-02-14-28-22/yipu/da/42/05/83/21800003/10010218/4205832180000310010218-A-0001_wm.jpg,新石器时代侈口斜腹管状纽黑陶器盖,枝江市博物馆,陶器,新石器时代,未定级,1980,单一/无机质/陶,http://www.museumschina.cn/img/waterMark/2019-01-02-14-28-22/yipu/da/42/05/83/21800003/10010218/4205832180000310010218-A-0001_wm.jpg|http://www.museumschina.cn/img/waterMark/2019-01-02-14-28-22/yipu/da/42/05/83/21800003/10010218/4205832180000310010218-A-0002_wm.jpg|http://www.museumschina.cn/img/waterMark/2019-01-02-14-28-22/yipu/da/42/05/83/21800003/10010218/4205832180000310010218-A-0003_wm.jpg|http://www.museumschina.cn/img/waterMark/2019-01-02-14-28-22/yipu/da/42/05/83/21800003/10010218/4205832180000310010218-A-0004_wm.jpg
https://www.museumschina.cn/collection/details?id=a3a3b873c0669444e81392a69c69b160f,http://www.museumschina.cn/img/waterMark/2019-01-02-14-28-22/yipu/da/42/05/83/21800003/10001162/4205832180000310001162-A-0001_wm.jpg,新石器时代外红内黑彩陶碗,枝江市博物馆,陶器,新石器时代,一级,1982,单一/无机质/陶,http://www.museumschina.cn/img/waterMark/2019-01-02-14-28-22/yipu/da/42/05/83/21800003/10001162/4205832180000310001162-A-0001_wm.jpg|http://www.museumschina.cn/img/waterMark/2019-01-02-14-28-22/yipu/da/42/05/83/21800003/10001162/4205832180000310001162-B-0001_wm.jpg|http://www.museumschina.cn/img/waterMark/2019-01-02-14-28-22/yipu/da/42/05/83/21800003/10001162/4205832180000310001162-F-0001_wm.jpg
https://www.museumschina.cn/collection/details?id=a39f28241f23248268d81d561abf6174d,http://www.museumschina.cn/img/waterMark/2019-01-02-14-28-22/yipu/da/63/23/21/21800003/10000001/6323212180000310000001-A-0001_wm.jpg,新石器时代马家窑文化半山类型网纹双耳彩陶壶,青海省黄南藏族自治州同仁县数字博物馆,陶器,新石器时代,二级,2009,单一/无机质/陶,http://www.museumschina.cn/img/waterMark/2019-01-02-14-28-22/yipu/da/63/23/21/21800003/10000001/6323212180000310000001-A-0001_wm.jpg|http://www.museumschina.cn/img/waterMark/2019-01-02-14-28-22/yipu/da/63/23/21/21800003/10000001/6323212180000310000001-A-0002_wm.jpg|http://www.museumschina.cn/img/waterMark/2019-01-02-14-28-22/yipu/da/63/23/21/21800003/10000001/6323212180000310000001-A-0003_wm.jpg|http://www.museumschina.cn/img/waterMark/2019-01-02-14-28-22/yipu/da/63/23/21/21800003/10000001/6323212180000310000001-A-0004_wm.jpg|http://www.museumschina.cn/img/waterMark/2019-01-02-14-28-22/yipu/da/63/23/21/21800003/10000001/6323212180000310000001-A-0005_wm.jpg
https://www.museumschina.cn/collection/details?id=a39e9ccf8102c4170a389d6ad3bc4c478,http://www.museumschina.cn/img/waterMark/2019-01-02-14-28-22/yipu/da/42/09/22/21800008/10000155/4209222180000810000155-A-0001_wm.jpg,新石器时代屈家岭文化灰陶纺轮,-,陶器,新石器时代,一般,1982,单一/无机质/陶,http://www.museumschina.cn/img/waterMark/2019-01-02-14-28-22/yipu/da/42/09/22/21800008/10000155/4209222180000810000155-A-0001_wm.jpg|http://www.museumschina.cn/img/waterMark/2019-01-02-14-28-22/yipu/da/42/09/22/21800008/10000155/4209222180000810000155-C-0001_wm.jpg|http://www.museumschina.cn/img/waterMark/2019-01-02-14-28-22/yipu/da/42/09/22/21800008/10000155/4209222180000810000155-F-0001_wm.jpg
https://www.museumschina.cn/collection/details?id=a39ccf0afbd9446d0a5838bd90b1dd781,http://www.museumschina.cn/img/waterMark/2019-01-02-14-28-22/yipu/da/41/10/24/21800002/10000932/4110242180000210000932-A-0001_wm.jpg,新石器时代灰陶拍,河南省许昌市鄢陵县数字博物馆,陶器,新石器时代,三级,1998,单一/无机质/陶,http://www.museumschina.cn/img/waterMark/2019-01-02-14-28-22/yipu/da/41/10/24/21800002/10000932/4110242180000210000932-A-0001_wm.jpg|http://www.museumschina.cn/img/waterMark/2019-01-02-14-28-22/yipu/da/41/10/24/21800002/10000932/4110242180000210000932-B-0001_wm.jpg|http://www.museumschina.cn/img/waterMark/2019-01-02-14-28-22/yipu/da/41/10/24/21800002/10000932/4110242180000210000932-F-0001_wm.jpg
https://www.museumschina.cn/collection/details?id=a3b3c39c669484fb498872c411bb8ddb6,http://www.museumschina.cn/img/waterMark/2019-01-02-14-28-22/yipu/da/43/07/81/21800001/10001931/4307812180000110001931-A-0001_wm.jpg,新石器时代陶球,常德市津市市博物馆,陶器,新石器时代,三级,,单一/无机质/陶,http://www.museumschina.cn/img/waterMark/2019-01-02-14-28-22/yipu/da/43/07/81/21800001/10001931/4307812180000110001931-A-0001_wm.jpg|http://www.museumschina.cn/img/waterMark/2019-01-02-14-28-22/yipu/da/43/07/81/21800001/10001931/4307812180000110001931-A-0002_wm.jpg
https://www.museumschina.cn/collection/details?id=a3b397ef0878148488cba56303edb4fa9,http://www.museumschina.cn/img/waterMark/2019-01-02-14-28-22/yipu/da/42/11/82/21800003/10005068/4211822180000310005068-A-0001_wm.jpg,新石器时代陶壶,武穴市博物馆,陶器,新石器时代,三级,2006,单一/无机质/陶,http://www.museumschina.cn/img/waterMark/2019-01-02-14-28-22/yipu/da/42/11/82/21800003/10005068/4211822180000310005068-A-0001_wm.jpg
https://www.museumschina.cn/collection/details?id=a3b15700286754576a756bf7ef81ba8b8,http://www.museumschina.cn/img/waterMark/2019-01-02-14-28-22/yipu/da/42/05/83/21800003/10010218/4205832180000310010218-A-0001_wm.jpg,新石器时代侈口斜腹管状纽黑陶器盖,枝江市博物馆,陶器,新石器时代,未定级,1980,单一/无机质/陶,http://www.museumschina.cn/img/waterMark/2019-01-02-14-28-22/yipu/da/42/05/83/21800003/10010218/4205832180000310010218-A-0001_wm.jpg|http://www.museumschina.cn/img/waterMark/2019-01-02-14-28-22/yipu/da/42/05/83/21800003/10010218/4205832180000310010218-A-0002_wm.jpg|http://www.museumschina.cn/img/waterMark/2019-01-02-14-28-22/yipu/da/42/05/83/21800003/10010218/4205832180000310010218-A-0003_wm.jpg|http://www.museumschina.cn/img/waterMark/2019-01-02-14-28-22/yipu/da/42/05/83/21800003/10010218/4205832180000310010218-A-0004_wm.jpg
https://www.museumschina.cn/collection/details?id=a3a3b873c0669444e81392a69c69b160f,http://www.museumschina.cn/img/waterMark/2019-01-02-14-28-22/yipu/da/42/05/83/21800003/10001162/4205832180000310001162-A-0001_wm.jpg,新石器时代外红内黑彩陶碗,枝江市博物馆,陶器,新石器时代,一级,1982,单一/无机质/陶,http://www.museumschina.cn/img/waterMark/2019-01-02-14-28-22/yipu/da/42/05/83/21800003/10001162/4205832180000310001162-A-0001_wm.jpg|http://www.museumschina.cn/img/waterMark/2019-01-02-14-28-22/yipu/da/42/05/83/21800003/10001162/4205832180000310001162-B-0001_wm.jpg|http://www.museumschina.cn/img/waterMark/2019-01-02-14-28-22/yipu/da/42/05/83/21800003/10001162/4205832180000310001162-F-0001_wm.jpg
https://www.museumschina.cn/collection/details?id=a39f28241f23248268d81d561abf6174d,http://www.museumschina.cn/img/waterMark/2019-01-02-14-28-22/yipu/da/63/23/21/21800003/10000001/6323212180000310000001-A-0001_wm.jpg,新石器时代马家窑文化半山类型网纹双耳彩陶壶,青海省黄南藏族自治州同仁县数字博物馆,陶器,新石器时代,二级,2009,单一/无机质/陶,http://www.museumschina.cn/img/waterMark/2019-01-02-14-28-22/yipu/da/63/23/21/21800003/10000001/6323212180000310000001-A-0001_wm.jpg|http://www.museumschina.cn/img/waterMark/2019-01-02-14-28-22/yipu/da/63/23/21/21800003/10000001/6323212180000310000001-A-0002_wm.jpg|http://www.museumschina.cn/img/waterMark/2019-01-02-14-28-22/yipu/da/63/23/21/21800003/10000001/6323212180000310000001-A-0003_wm.jpg|http://www.museumschina.cn/img/waterMark/2019-01-02-14-28-22/yipu/da/63/23/21/21800003/10000001/6323212180000310000001-A-0004_wm.jpg|http://www.museumschina.cn/img/waterMark/2019-01-02-14-28-22/yipu/da/63/23/21/21800003/10000001/6323212180000310000001-A-0005_wm.jpg
https://www.museumschina.cn/collection/details?id=a39e9ccf8102c4170a389d6ad3bc4c478,http://www.museumschina.cn/img/waterMark/2019-01-02-14-28-22/yipu/da/42/09/22/21800008/10000155/4209222180000810000155-A-0001_wm.jpg,新石器时代屈家岭文化灰陶纺轮,-,陶器,新石器时代,一般,1982,单一/无机质/陶,http://www.museumschina.cn/img/waterMark/2019-01-02-14-28-22/yipu/da/42/09/22/21800008/10000155/4209222180000810000155-A-0001_wm.jpg|http://www.museumschina.cn/img/waterMark/2019-01-02-14-28-22/yipu/da/42/09/22/21800008/10000155/4209222180000810000155-C-0001_wm.jpg|http://www.museumschina.cn/img/waterMark/2019-01-02-14-28-22/yipu/da/42/09/22/21800008/10000155/4209222180000810000155-F-0001_wm.jpg
https://www.museumschina.cn/collection/details?id=a39ccf0afbd9446d0a5838bd90b1dd781,http://www.museumschina.cn/img/waterMark/2019-01-02-14-28-22/yipu/da/41/10/24/21800002/10000932/4110242180000210000932-A-0001_wm.jpg,新石器时代灰陶拍,河南省许昌市鄢陵县数字博物馆,陶器,新石器时代,三级,1998,单一/无机质/陶,http://www.museumschina.cn/img/waterMark/2019-01-02-14-28-22/yipu/da/41/10/24/21800002/10000932/4110242180000210000932-A-0001_wm.jpg|http://www.museumschina.cn/img/waterMark/2019-01-02-14-28-22/yipu/da/41/10/24/21800002/10000932/4110242180000210000932-B-0001_wm.jpg|http://www.museumschina.cn/img/waterMark/2019-01-02-14-28-22/yipu/da/41/10/24/21800002/10000932/4110242180000210000932-F-0001_wm.jpg
https://www.museumschina.cn/collection/details?id=a3f52b1843be2429f86e8cb3babfcace6,http://www.museumschina.cn/img/waterMark/2019-01-02-14-28-22/yipu/da/64/05/22/21800001/10000387/6405222180000110000387-A-0001_wm.jpg,新石器时代马家窑文化彩陶碗,宁夏回族自治区中卫市海原县数字博物馆,陶器,新石器时代,三级,1992,单一/无机质/陶,http://www.museumschina.cn/img/waterMark/2019-01-02-14-28-22/yipu/da/64/05/22/21800001/10000387/6405222180000110000387-A-0001_wm.jpg|http://www.museumschina.cn/img/waterMark/2019-01-02-14-28-22/yipu/da/64/05/22/21800001/10000387/6405222180000110000387-B-0001_wm.jpg|http://www.museumschina.cn/img/waterMark/2019-01-02-14-28-22/yipu/da/64/05/22/21800001/10000387/6405222180000110000387-C-0001_wm.jpg|http://www.museumschina.cn/img/waterMark/2019-01-02-14-28-22/yipu/da/64/05/22/21800001/10000387/6405222180000110000387-C-0002_wm.jpg|http://www.museumschina.cn/img/waterMark/2019-01-02-14-28-22/yipu/da/64/05/22/21800001/10000387/6405222180000110000387-C-0003_wm.jpg|http://www.museumschina.cn/img/waterMark/2019-01-02-14-28-22/yipu/da/64/05/22/21800001/10000387/6405222180000110000387-F-0001_wm.jpg
https://www.museumschina.cn/collection/details?id=a3f2d2fde7b8a452cb0c90d8e4bd409fa,http://www.museumschina.cn/img/waterMark/2019-01-02-14-28-22/yipu/da/32/03/12/21800007/10000632/3203122180000710000632-A-0001_wm.jpg,新石器时代大汶口文化陶背壶,新沂市博物馆,陶器,新石器时代,三级,,单一/无机质/陶,http://www.museumschina.cn/img/waterMark/2019-01-02-14-28-22/yipu/da/32/03/12/21800007/10000632/3203122180000710000632-A-0001_wm.jpg
https://www.museumschina.cn/collection/details?id=a3e678ae03bec4cb6bb0759cab86b5f15,http://www.museumschina.cn/img/waterMark/2019-01-02-14-28-22/yipu/da/63/28/01/21800001/10000095/6328012180000110000095-A-0001_wm.jpg,新石器时代马家窑文化马厂类型蛙纹双耳彩陶罐,格尔木市博物馆,陶器,新石器时代,未定级,1999,单一/无机质/陶,http://www.museumschina.cn/img/waterMark/2019-01-02-14-28-22/yipu/da/63/28/01/21800001/10000095/6328012180000110000095-A-0001_wm.jpg|http://www.museumschina.cn/img/waterMark/2019-01-02-14-28-22/yipu/da/63/28/01/21800001/10000095/6328012180000110000095-A-0002_wm.jpg|http://www.museumschina.cn/img/waterMark/2019-01-02-14-28-22/yipu/da/63/28/01/21800001/10000095/6328012180000110000095-A-0003_wm.jpg|http://www.museumschina.cn/img/waterMark/2019-01-02-14-28-22/yipu/da/63/28/01/21800001/10000095/6328012180000110000095-A-0004_wm.jpg
https://www.museumschina.cn/collection/details?id=a3e231540f65a4442b420cf41da7804c5,http://www.museumschina.cn/img/waterMark/2019-01-02-14-28-22/yipu/da/22/08/22/21800001/10002933/2208222180000110002933-A-0001_wm.jpg,新石器时代三足陶鬲,通榆县博物馆,陶器,新石器时代,三级,2009,单一/无机质/陶,http://www.museumschina.cn/img/waterMark/2019-01-02-14-28-22/yipu/da/22/08/22/21800001/10002933/2208222180000110002933-A-0001_wm.jpg|http://www.museumschina.cn/img/waterMark/2019-01-02-14-28-22/yipu/da/22/08/22/21800001/10002933/2208222180000110002933-A-0002_wm.jpg|http://www.museumschina.cn/img/waterMark/2019-01-02-14-28-22/yipu/da/22/08/22/21800001/10002933/2208222180000110002933-A-0003_wm.jpg|http://www.museumschina.cn/img/waterMark/2019-01-02-14-28-22/yipu/da/22/08/22/21800001/10002933/2208222180000110002933-A-0004_wm.jpg
https://www.museumschina.cn/collection/details?id=a3de8b0725dfa493083c40527f886c000,http://www.museumschina.cn/img/waterMark/2019-01-02-14-28-22/yipu/da/42/08/21/21800002/10000117/4208212180000210000117-A-0001_wm.jpg,新石器时代屈家岭文化黑皮陶纺轮,京山县博物馆,陶器,新石器时代,一般,1973,单一/无机质/陶,http://www.museumschina.cn/img/waterMark/2019-01-02-14-28-22/yipu/da/42/08/21/21800002/10000117/4208212180000210000117-A-0001_wm.jpg|http://www.museumschina.cn/img/waterMark/2019-01-02-14-28-22/yipu/da/42/08/21/21800002/10000117/4208212180000210000117-B-0001_wm.jpg|http://www.museumschina.cn/img/waterMark/2019-01-02-14-28-22/yipu/da/42/08/21/21800002/10000117/4208212180000210000117-C-0001_wm.jpg
https://www.museumschina.cn/collection/details?id=a3d8a3fe8ceca4a1d90da2491634e39c9,http://www.museumschina.cn/img/yipu/da/42/10/81/21800007/10000531/4210812180000710000531-A-0001,新石器时代陶碗,石首市博物馆,陶器,新石器时代,三级,1990,单一/无机质/陶,http://www.museumschina.cn/img/yipu/da/42/10/81/21800007/10000531/4210812180000710000531-A-0001|http://www.museumschina.cn/img/yipu/da/42/10/81/21800007/10000531/4210812180000710000531-A-0002|http://www.museumschina.cn/img/yipu/da/42/10/81/21800007/10000531/4210812180000710000531-A-0003|http://www.museumschina.cn/img/yipu/da/42/10/81/21800007/10000531/4210812180000710000531-A-0004|http://www.museumschina.cn/img/yipu/da/42/10/81/21800007/10000531/4210812180000710000531-A-0005
https://www.museumschina.cn/collection/details?id=a3d2b492a7d2b41f2830990789b981bf2,http://www.museumschina.cn/img/waterMark/2019-01-02-14-28-22/yipu/da/64/03/24/21800001/10000401/6403242180000110000401-A-0001_wm.jpg,新石器时代菜园文化双耳方格纹彩陶罐,宁夏回族自治区吴忠市同心县数字博物馆,陶器,新石器时代,三级,,单一/无机质/陶,http://www.museumschina.cn/img/waterMark/2019-01-02-14-28-22/yipu/da/64/03/24/21800001/10000401/6403242180000110000401-A-0001_wm.jpg|http://www.museumschina.cn/img/waterMark/2019-01-02-14-28-22/yipu/da/64/03/24/21800001/10000401/6403242180000110000401-A-0002_wm.jpg|http://www.museumschina.cn/img/waterMark/2019-01-02-14-28-22/yipu/da/64/03/24/21800001/10000401/6403242180000110000401-A-0003_wm.jpg|http://www.museumschina.cn/img/waterMark/2019-01-02-14-28-22/yipu/da/64/03/24/21800001/10000401/6403242180000110000401-A-0004_wm.jpg|http://www.museumschina.cn/img/waterMark/2019-01-02-14-28-22/yipu/da/64/03/24/21800001/10000401/6403242180000110000401-B-0001_wm.jpg|http://www.museumschina.cn/img/waterMark/2019-01-02-14-28-22/yipu/da/64/03/24/21800001/10000401/6403242180000110000401-D-0001_wm.jpg|http://www.museumschina.cn/img/waterMark/2019-01-02-14-28-22/yipu/da/64/03/24/21800001/10000401/6403242180000110000401-E-0001_wm.jpg|http://www.museumschina.cn/img/waterMark/2019-01-02-14-28-22/yipu/da/64/03/24/21800001/10000401/6403242180000110000401-F-0001_wm.jpg
https://www.museumschina.cn/collection/details?id=a3377057c0724470c8790bccf514300b3,http://www.museumschina.cn/img/waterMark/2019-01-02-14-28-22/yipu/da/36/08/25/21800002/10000191/3608252180000210000191-A-0001_wm.jpg,新石器时代晚期陶鼎足,永丰县博物馆,陶器,新石器时代,一般,1986,单一/无机质/陶,http://www.museumschina.cn/img/waterMark/2019-01-02-14-28-22/yipu/da/36/08/25/21800002/10000191/3608252180000210000191-A-0001_wm.jpg|http://www.museumschina.cn/img/waterMark/2019-01-02-14-28-22/yipu/da/36/08/25/21800002/10000191/3608252180000210000191-A-0002_wm.jpg|http://www.museumschina.cn/img/waterMark/2019-01-02-14-28-22/yipu/da/36/08/25/21800002/10000191/3608252180000210000191-A-0003_wm.jpg
https://www.museumschina.cn/collection/details?id=a3365bb5958a64697a8e4b3a17cdb544a,http://www.museumschina.cn/img/waterMark/2019-01-02-14-28-22/yipu/da/32/03/12/21800007/10001006/3203122180000710001006-A-0001_wm.jpg,新石器时代大汶口文化陶壶,新沂市博物馆,陶器,新石器时代,一般,,单一/无机质/陶,http://www.museumschina.cn/img/waterMark/2019-01-02-14-28-22/yipu/da/32/03/12/21800007/10001006/3203122180000710001006-A-0001_wm.jpg
https://www.museumschina.cn/collection/details?id=a330fa5bf66c54ff19dbb0bea9479cdea,http://www.museumschina.cn/img/waterMark/2019-01-02-14-28-22/yipu/da/63/23/21/21800003/10000007/6323212180000310000007-A-0001_wm.jpg,新石器时代马家窑文化马厂类型四大圈纹双耳彩陶壶,青海省黄南藏族自治州同仁县数字博物馆,陶器,新石器时代,二级,2009,单一/无机质/陶,http://www.museumschina.cn/img/waterMark/2019-01-02-14-28-22/yipu/da/63/23/21/21800003/10000007/6323212180000310000007-A-0001_wm.jpg|http://www.museumschina.cn/img/waterMark/2019-01-02-14-28-22/yipu/da/63/23/21/21800003/10000007/6323212180000310000007-A-0002_wm.jpg|http://www.museumschina.cn/img/waterMark/2019-01-02-14-28-22/yipu/da/63/23/21/21800003/10000007/6323212180000310000007-A-0003_wm.jpg|http://www.museumschina.cn/img/waterMark/2019-01-02-14-28-22/yipu/da/63/23/21/21800003/10000007/6323212180000310000007-A-0004_wm.jpg|http://www.museumschina.cn/img/waterMark/2019-01-02-14-28-22/yipu/da/63/23/21/21800003/10000007/6323212180000310000007-A-0005_wm.jpg|http://www.museumschina.cn/img/waterMark/2019-01-02-14-28-22/yipu/da/63/23/21/21800003/10000007/6323212180000310000007-A-0006_wm.jpg|http://www.museumschina.cn/img/waterMark/2019-01-02-14-28-22/yipu/da/63/23/21/21800003/10000007/6323212180000310000007-A-0007_wm.jpg
https://www.museumschina.cn/collection/details?id=a32f7b9bae349475893ef65b556831e69,http://www.museumschina.cn/img/waterMark/2019-01-02-14-28-22/yipu/da/42/00/00/21800001/10131968/4200002180000110131968-A-0001_wm.jpg,新石器时代陶龟,-,陶器,新石器时代,一级,,单一/无机质/陶,http://www.museumschina.cn/img/waterMark/2019-01-02-14-28-22/yipu/da/42/00/00/21800001/10131968/4200002180000110131968-A-0001_wm.jpg|http://www.museumschina.cn/img/waterMark/2019-01-02-14-28-22/yipu/da/42/00/00/21800001/10131968/4200002180000110131968-A-0002_wm.jpg
https://www.museumschina.cn/collection/details?id=a323d1700206a45ba9416f3cfc1248a4e,http://www.museumschina.cn/img/waterMark/2019-01-02-14-28-22/yipu/da/42/03/25/21800002/10001105/4203252180000210001105-A-0001_wm.jpg,新石器时代陶豆,房县博物馆,陶器,新石器时代,三级,1976,单一/无机质/陶,http://www.museumschina.cn/img/waterMark/2019-01-02-14-28-22/yipu/da/42/03/25/21800002/10001105/4203252180000210001105-A-0001_wm.jpg|http://www.museumschina.cn/img/waterMark/2019-01-02-14-28-22/yipu/da/42/03/25/21800002/10001105/4203252180000210001105-A-0002_wm.jpg|http://www.museumschina.cn/img/waterMark/2019-01-02-14-28-22/yipu/da/42/03/25/21800002/10001105/4203252180000210001105-B-0001_wm.jpg|http://www.museumschina.cn/img/waterMark/2019-01-02-14-28-22/yipu/da/42/03/25/21800002/10001105/4203252180000210001105-F-0001_wm.jpg
https://www.museumschina.cn/collection/details?id=a321796bf717f4e7fbc279870ec192606,http://www.museumschina.cn/img/waterMark/2019-01-02-14-28-22/yipu/da/63/02/02/21800003/10001291/6302022180000310001291-A-0001_wm.jpg,新石器时代马家窑文化马厂类型四大圆圈纹双耳彩陶壶,青海省海东市乐都区博物馆,陶器,新石器时代,一级,1984,单一/无机质/陶,http://www.museumschina.cn/img/waterMark/2019-01-02-14-28-22/yipu/da/63/02/02/21800003/10001291/6302022180000310001291-A-0001_wm.jpg|http://www.museumschina.cn/img/waterMark/2019-01-02-14-28-22/yipu/da/63/02/02/21800003/10001291/6302022180000310001291-A-0002_wm.jpg|http://www.museumschina.cn/img/waterMark/2019-01-02-14-28-22/yipu/da/63/02/02/21800003/10001291/6302022180000310001291-A-0003_wm.jpg|http://www.museumschina.cn/img/waterMark/2019-01-02-14-28-22/yipu/da/63/02/02/21800003/10001291/6302022180000310001291-A-0004_wm.jpg|http://www.museumschina.cn/img/waterMark/2019-01-02-14-28-22/yipu/da/63/02/02/21800003/10001291/6302022180000310001291-A-0005_wm.jpg|http://www.museumschina.cn/img/waterMark/2019-01-02-14-28-22/yipu/da/63/02/02/21800003/10001291/6302022180000310001291-A-0006_wm.jpg
https://www.museumschina.cn/collection/details?id=a36b44f552e08409990d2bc77d8e2e32c,http://www.museumschina.cn/img/waterMark/2019-01-02-14-28-22/yipu/da/41/11/03/21800001/10001034/4111032180000110001034-A-0001_wm.jpg,新石器时代灰陶杯,漯河市郾城区博物馆,陶器,新石器时代,三级,,单一/无机质/陶,http://www.museumschina.cn/img/waterMark/2019-01-02-14-28-22/yipu/da/41/11/03/21800001/10001034/4111032180000110001034-A-0001_wm.jpg|http://www.museumschina.cn/img/waterMark/2019-01-02-14-28-22/yipu/da/41/11/03/21800001/10001034/4111032180000110001034-A-0002_wm.jpg
https://www.museumschina.cn/collection/details?id=a34e38daff6864b52adc35c640b0ebdd5,http://www.museumschina.cn/img/waterMark/2019-01-02-14-28-22/yipu/da/43/12/29/21900001/10000036/4312292190000110000036-A-0001_wm.jpg,新石器时代斗篷坡文化绳纹圈足陶壶,湖南省怀化市靖州苗族侗族自治县数字博物馆,陶器,新石器时代,三级,1989,单一/无机质/陶,http://www.museumschina.cn/img/waterMark/2019-01-02-14-28-22/yipu/da/43/12/29/21900001/10000036/4312292190000110000036-A-0001_wm.jpg|http://www.museumschina.cn/img/waterMark/2019-01-02-14-28-22/yipu/da/43/12/29/21900001/10000036/4312292190000110000036-A-0002_wm.jpg|http://www.museumschina.cn/img/waterMark/2019-01-02-14-28-22/yipu/da/43/12/29/21900001/10000036/4312292190000110000036-A-0003_wm.jpg|http://www.museumschina.cn/img/waterMark/2019-01-02-14-28-22/yipu/da/43/12/29/21900001/10000036/4312292190000110000036-A-0004_wm.jpg|http://www.museumschina.cn/img/waterMark/2019-01-02-14-28-22/yipu/da/43/12/29/21900001/10000036/4312292190000110000036-A-0005_wm.jpg
https://www.museumschina.cn/collection/details?id=a34723F7A665F48F8840197D24F6F719F,http://www.museumschina.cn/img/waterMark/2019-01-02-14-28-22/yipu/da/61/06/31/21800095/00001346/6106312180009500001346-A-0001_wm.jpg,新石器时代黄釉陶甑,陕西省数字博物馆,陶器,新石器时代,三级,1987,单一/无机质/陶,http://www.museumschina.cn/img/waterMark/2019-01-02-14-28-22/yipu/da/61/06/31/21800095/00001346/6106312180009500001346-A-0001_wm.jpg|http://www.museumschina.cn/img/waterMark/2019-01-02-14-28-22/yipu/da/61/06/31/21800095/00001346/6106312180009500001346-B-0001_wm.jpg
https://www.museumschina.cn/collection/details?id=a3414c0533163421bad3bc544025392a6,http://www.museumschina.cn/img/waterMark/2019-01-02-14-28-22/yipu/da/41/13/25/21800001/10000784/4113252180000110000784-A-0001_wm.jpg,新石器黑彩喇叭足筒形器,内乡县衙博物馆,陶器,新石器时代,二级,1988,单一/无机质/陶,http://www.museumschina.cn/img/waterMark/2019-01-02-14-28-22/yipu/da/41/13/25/21800001/10000784/4113252180000110000784-A-0001_wm.jpg|http://www.museumschina.cn/img/waterMark/2019-01-02-14-28-22/yipu/da/41/13/25/21800001/10000784/4113252180000110000784-A-0002_wm.jpg
https://www.museumschina.cn/collection/details?id=a3395b24e6e4b4b6fad6c8bc7832af249,http://www.museumschina.cn/img/waterMark/2019-01-02-14-28-22/yipu/da/43/07/21/21800001/10001535/4307212180000110001535-A-0001_wm.jpg,新石器时代小口陶壶,湖南省常德市安乡县数字博物馆,陶器,新石器时代,三级,,单一/无机质/陶,http://www.museumschina.cn/img/waterMark/2019-01-02-14-28-22/yipu/da/43/07/21/21800001/10001535/4307212180000110001535-A-0001_wm.jpg|http://www.museumschina.cn/img/waterMark/2019-01-02-14-28-22/yipu/da/43/07/21/21800001/10001535/4307212180000110001535-A-0002_wm.jpg|http://www.museumschina.cn/img/waterMark/2019-01-02-14-28-22/yipu/da/43/07/21/21800001/10001535/4307212180000110001535-A-0003_wm.jpg|http://www.museumschina.cn/img/waterMark/2019-01-02-14-28-22/yipu/da/43/07/21/21800001/10001535/4307212180000110001535-A-0004_wm.jpg
https://www.museumschina.cn/collection/details?id=a33919313a8ff45c49ee932f08398a4bb,http://www.museumschina.cn/img/waterMark/2019-01-02-14-28-22/yipu/da/36/09/25/21800002/10001103/3609252180000210001103-A-0001_wm.jpg,新石器时代晚期刻划纹陶盖壶,靖安县博物馆,陶器,新石器时代,二级,1991,单一/无机质/陶,http://www.museumschina.cn/img/waterMark/2019-01-02-14-28-22/yipu/da/36/09/25/21800002/10001103/3609252180000210001103-A-0001_wm.jpg|http://www.museumschina.cn/img/waterMark/2019-01-02-14-28-22/yipu/da/36/09/25/21800002/10001103/3609252180000210001103-A-0002_wm.jpg|http://www.museumschina.cn/img/waterMark/2019-01-02-14-28-22/yipu/da/36/09/25/21800002/10001103/3609252180000210001103-A-0003_wm.jpg|http://www.museumschina.cn/img/waterMark/2019-01-02-14-28-22/yipu/da/36/09/25/21800002/10001103/3609252180000210001103-A-0004_wm.jpg|http://www.museumschina.cn/img/waterMark/2019-01-02-14-28-22/yipu/da/36/09/25/21800002/10001103/3609252180000210001103-A-0005_wm.jpg|http://www.museumschina.cn/img/waterMark/2019-01-02-14-28-22/yipu/da/36/09/25/21800002/10001103/3609252180000210001103-A-0006_wm.jpg|http://www.museumschina.cn/img/waterMark/2019-01-02-14-28-22/yipu/da/36/09/25/21800002/10001103/3609252180000210001103-B-0001_wm.jpg|http://www.museumschina.cn/img/waterMark/2019-01-02-14-28-22/yipu/da/36/09/25/21800002/10001103/3609252180000210001103-D-0001_wm.jpg|http://www.museumschina.cn/img/waterMark/2019-01-02-14-28-22/yipu/da/36/09/25/21800002/10001103/3609252180000210001103-F-0001_wm.jpg|http://www.museumschina.cn/img/waterMark/2019-01-02-14-28-22/yipu/da/36/09/25/21800002/10001103/3609252180000210001103-F-0002_wm.jpg
https://www.museumschina.cn/collection/details?id=a3377057c0724470c8790bccf514300b3,http://www.museumschina.cn/img/waterMark/2019-01-02-14-28-22/yipu/da/36/08/25/21800002/10000191/3608252180000210000191-A-0001_wm.jpg,新石器时代晚期陶鼎足,永丰县博物馆,陶器,新石器时代,一般,1986,单一/无机质/陶,http://www.museumschina.cn/img/waterMark/2019-01-02-14-28-22/yipu/da/36/08/25/21800002/10000191/3608252180000210000191-A-0001_wm.jpg|http://www.museumschina.cn/img/waterMark/2019-01-02-14-28-22/yipu/da/36/08/25/21800002/10000191/3608252180000210000191-A-0002_wm.jpg|http://www.museumschina.cn/img/waterMark/2019-01-02-14-28-22/yipu/da/36/08/25/21800002/10000191/3608252180000210000191-A-0003_wm.jpg
https://www.museumschina.cn/collection/details?id=a323d1700206a45ba9416f3cfc1248a4e,http://www.museumschina.cn/img/waterMark/2019-01-02-14-28-22/yipu/da/42/03/25/21800002/10001105/4203252180000210001105-A-0001_wm.jpg,新石器时代陶豆,房县博物馆,陶器,新石器时代,三级,1976,单一/无机质/陶,http://www.museumschina.cn/img/waterMark/2019-01-02-14-28-22/yipu/da/42/03/25/21800002/10001105/4203252180000210001105-A-0001_wm.jpg|http://www.museumschina.cn/img/waterMark/2019-01-02-14-28-22/yipu/da/42/03/25/21800002/10001105/4203252180000210001105-A-0002_wm.jpg|http://www.museumschina.cn/img/waterMark/2019-01-02-14-28-22/yipu/da/42/03/25/21800002/10001105/4203252180000210001105-B-0001_wm.jpg|http://www.museumschina.cn/img/waterMark/2019-01-02-14-28-22/yipu/da/42/03/25/21800002/10001105/4203252180000210001105-F-0001_wm.jpg
https://www.museumschina.cn/collection/details?id=a321796bf717f4e7fbc279870ec192606,http://www.museumschina.cn/img/waterMark/2019-01-02-14-28-22/yipu/da/63/02/02/21800003/10001291/6302022180000310001291-A-0001_wm.jpg,新石器时代马家窑文化马厂类型四大圆圈纹双耳彩陶壶,青海省海东市乐都区博物馆,陶器,新石器时代,一级,1984,单一/无机质/陶,http://www.museumschina.cn/img/waterMark/2019-01-02-14-28-22/yipu/da/63/02/02/21800003/10001291/6302022180000310001291-A-0001_wm.jpg|http://www.museumschina.cn/img/waterMark/2019-01-02-14-28-22/yipu/da/63/02/02/21800003/10001291/6302022180000310001291-A-0002_wm.jpg|http://www.museumschina.cn/img/waterMark/2019-01-02-14-28-22/yipu/da/63/02/02/21800003/10001291/6302022180000310001291-A-0003_wm.jpg|http://www.museumschina.cn/img/waterMark/2019-01-02-14-28-22/yipu/da/63/02/02/21800003/10001291/6302022180000310001291-A-0004_wm.jpg|http://www.museumschina.cn/img/waterMark/2019-01-02-14-28-22/yipu/da/63/02/02/21800003/10001291/6302022180000310001291-A-0005_wm.jpg|http://www.museumschina.cn/img/waterMark/2019-01-02-14-28-22/yipu/da/63/02/02/21800003/10001291/6302022180000310001291-A-0006_wm.jpg
https://www.museumschina.cn/collection/details?id=a3365bb5958a64697a8e4b3a17cdb544a,http://www.museumschina.cn/img/waterMark/2019-01-02-14-28-22/yipu/da/32/03/12/21800007/10001006/3203122180000710001006-A-0001_wm.jpg,新石器时代大汶口文化陶壶,新沂市博物馆,陶器,新石器时代,一般,,单一/无机质/陶,http://www.museumschina.cn/img/waterMark/2019-01-02-14-28-22/yipu/da/32/03/12/21800007/10001006/3203122180000710001006-A-0001_wm.jpg
https://www.museumschina.cn/collection/details?id=a330fa5bf66c54ff19dbb0bea9479cdea,http://www.museumschina.cn/img/waterMark/2019-01-02-14-28-22/yipu/da/63/23/21/21800003/10000007/6323212180000310000007-A-0001_wm.jpg,新石器时代马家窑文化马厂类型四大圈纹双耳彩陶壶,青海省黄南藏族自治州同仁县数字博物馆,陶器,新石器时代,二级,2009,单一/无机质/陶,http://www.museumschina.cn/img/waterMark/2019-01-02-14-28-22/yipu/da/63/23/21/21800003/10000007/6323212180000310000007-A-0001_wm.jpg|http://www.museumschina.cn/img/waterMark/2019-01-02-14-28-22/yipu/da/63/23/21/21800003/10000007/6323212180000310000007-A-0002_wm.jpg|http://www.museumschina.cn/img/waterMark/2019-01-02-14-28-22/yipu/da/63/23/21/21800003/10000007/6323212180000310000007-A-0003_wm.jpg|http://www.museumschina.cn/img/waterMark/2019-01-02-14-28-22/yipu/da/63/23/21/21800003/10000007/6323212180000310000007-A-0004_wm.jpg|http://www.museumschina.cn/img/waterMark/2019-01-02-14-28-22/yipu/da/63/23/21/21800003/10000007/6323212180000310000007-A-0005_wm.jpg|http://www.museumschina.cn/img/waterMark/2019-01-02-14-28-22/yipu/da/63/23/21/21800003/10000007/6323212180000310000007-A-0006_wm.jpg|http://www.museumschina.cn/img/waterMark/2019-01-02-14-28-22/yipu/da/63/23/21/21800003/10000007/6323212180000310000007-A-0007_wm.jpg
https://www.museumschina.cn/collection/details?id=a32f7b9bae349475893ef65b556831e69,http://www.museumschina.cn/img/waterMark/2019-01-02-14-28-22/yipu/da/42/00/00/21800001/10131968/4200002180000110131968-A-0001_wm.jpg,新石器时代陶龟,-,陶器,新石器时代,一级,,单一/无机质/陶,http://www.museumschina.cn/img/waterMark/2019-01-02-14-28-22/yipu/da/42/00/00/21800001/10131968/4200002180000110131968-A-0001_wm.jpg|http://www.museumschina.cn/img/waterMark/2019-01-02-14-28-22/yipu/da/42/00/00/21800001/10131968/4200002180000110131968-A-0002_wm.jpg
https://www.museumschina.cn/collection/details?id=a383A1F36FBFE428EB3DAFE453223EB69,http://www.museumschina.cn/img/waterMark/2019-01-02-14-28-22/yipu/da/37/06/12/21800002/00003525/3706122180000200003525-A-0001_wm.jpg,岳石文化陶碗,烟台市牟平区博物馆,陶器,新石器时代,未定级,1974,单一/无机质/陶,http://www.museumschina.cn/img/waterMark/2019-01-02-14-28-22/yipu/da/37/06/12/21800002/00003525/3706122180000200003525-A-0001_wm.jpg|http://www.museumschina.cn/img/waterMark/2019-01-02-14-28-22/yipu/da/37/06/12/21800002/00003525/3706122180000200003525-A-0002_wm.jpg|http://www.museumschina.cn/img/waterMark/2019-01-02-14-28-22/yipu/da/37/06/12/21800002/00003525/3706122180000200003525-B-0001_wm.jpg|http://www.museumschina.cn/img/waterMark/2019-01-02-14-28-22/yipu/da/37/06/12/21800002/00003525/3706122180000200003525-F-0001_wm.jpg
https://www.museumschina.cn/collection/details?id=a2cbe7c8a93004f5d979b083f4b756e89,http://www.museumschina.cn/img/waterMark/2019-01-02-14-28-22/yipu/da/42/05/28/21800002/10007776/4205282180000210007776-A-0001_wm.jpg,新石器时代大溪文化饼形泥质橙黄陶纺轮,长阳土家族自治县博物馆,陶器,新石器时代,三级,2013,单一/无机质/陶,http://www.museumschina.cn/img/waterMark/2019-01-02-14-28-22/yipu/da/42/05/28/21800002/10007776/4205282180000210007776-A-0001_wm.jpg|http://www.museumschina.cn/img/waterMark/2019-01-02-14-28-22/yipu/da/42/05/28/21800002/10007776/4205282180000210007776-B-0001_wm.jpg
https://www.museumschina.cn/collection/details?id=a2c59a12c56fd4529ad1d79728a910876,http://www.museumschina.cn/img/waterMark/2019-01-02-14-28-22/yipu/da/43/07/23/21800001/10002874/4307232180000110002874-A-0001_wm.jpg,新石器时代屈家岭文化黑陶罐,常德市澧县博物馆,陶器,新石器时代,三级,2005,单一/无机质/陶,http://www.museumschina.cn/img/waterMark/2019-01-02-14-28-22/yipu/da/43/07/23/21800001/10002874/4307232180000110002874-A-0001_wm.jpg|http://www.museumschina.cn/img/waterMark/2019-01-02-14-28-22/yipu/da/43/07/23/21800001/10002874/4307232180000110002874-A-0002_wm.jpg|http://www.museumschina.cn/img/waterMark/2019-01-02-14-28-22/yipu/da/43/07/23/21800001/10002874/4307232180000110002874-A-0003_wm.jpg|http://www.museumschina.cn/img/waterMark/2019-01-02-14-28-22/yipu/da/43/07/23/21800001/10002874/4307232180000110002874-A-0004_wm.jpg|http://www.museumschina.cn/img/waterMark/2019-01-02-14-28-22/yipu/da/43/07/23/21800001/10002874/4307232180000110002874-A-0005_wm.jpg|http://www.museumschina.cn/img/waterMark/2019-01-02-14-28-22/yipu/da/43/07/23/21800001/10002874/4307232180000110002874-A-0006_wm.jpg|http://www.museumschina.cn/img/waterMark/2019-01-02-14-28-22/yipu/da/43/07/23/21800001/10002874/4307232180000110002874-A-0007_wm.jpg
https://www.museumschina.cn/collection/details?id=a2b3cd8fd08844b70958aac3c0cfb2626,http://www.museumschina.cn/img/waterMark/2019-01-02-14-28-22/yipu/da/32/04/82/21800001/10005986/3204822180000110005986-A-0001_wm.jpg,新石器时代马家浜文化中晚期云雷纹陶豆,金坛市博物馆,陶器,新石器时代,一级,2003,单一/无机质/陶,http://www.museumschina.cn/img/waterMark/2019-01-02-14-28-22/yipu/da/32/04/82/21800001/10005986/3204822180000110005986-A-0001_wm.jpg|http://www.museumschina.cn/img/waterMark/2019-01-02-14-28-22/yipu/da/32/04/82/21800001/10005986/3204822180000110005986-A-0002_wm.jpg|http://www.museumschina.cn/img/waterMark/2019-01-02-14-28-22/yipu/da/32/04/82/21800001/10005986/3204822180000110005986-A-0003_wm.jpg|http://www.museumschina.cn/img/waterMark/2019-01-02-14-28-22/yipu/da/32/04/82/21800001/10005986/3204822180000110005986-A-0004_wm.jpg|http://www.museumschina.cn/img/waterMark/2019-01-02-14-28-22/yipu/da/32/04/82/21800001/10005986/3204822180000110005986-A-0005_wm.jpg|http://www.museumschina.cn/img/waterMark/2019-01-02-14-28-22/yipu/da/32/04/82/21800001/10005986/3204822180000110005986-A-0006_wm.jpg|http://www.museumschina.cn/img/waterMark/2019-01-02-14-28-22/yipu/da/32/04/82/21800001/10005986/3204822180000110005986-A-0007_wm.jpg
https://www.museumschina.cn/collection/details?id=a2af6a86736d94cc398887bb408a1cb85,http://www.museumschina.cn/img/waterMark/2019-01-02-14-28-22/yipu/da/42/03/21/21900002/10001688/4203212190000210001688-A-0001_wm.jpg,新石器时代石家河文化灰陶罐,郧阳博物馆,陶器,新石器时代,三级,1962,单一/无机质/陶,http://www.museumschina.cn/img/waterMark/2019-01-02-14-28-22/yipu/da/42/03/21/21900002/10001688/4203212190000210001688-A-0001_wm.jpg
https://www.museumschina.cn/collection/details?id=a2F3364BEE1BD4B8E8599A6A2BF4D04D8,http://www.museumschina.cn/img/waterMark/2019-01-02-14-28-22/yipu/da/37/13/25/21800002/00013888/3713252180000200013888-A-0001_wm.jpg,新石器时代大汶口文化黑陶壶,费县博物馆,陶器,新石器时代,三级,2001,单一/无机质/陶,http://www.museumschina.cn/img/waterMark/2019-01-02-14-28-22/yipu/da/37/13/25/21800002/00013888/3713252180000200013888-A-0001_wm.jpg|http://www.museumschina.cn/img/waterMark/2019-01-02-14-28-22/yipu/da/37/13/25/21800002/00013888/3713252180000200013888-B-0001_wm.jpg|http://www.museumschina.cn/img/waterMark/2019-01-02-14-28-22/yipu/da/37/13/25/21800002/00013888/3713252180000200013888-D-0001_wm.jpg|http://www.museumschina.cn/img/waterMark/2019-01-02-14-28-22/yipu/da/37/13/25/21800002/00013888/3713252180000200013888-E-0001_wm.jpg|http://www.museumschina.cn/img/waterMark/2019-01-02-14-28-22/yipu/da/37/13/25/21800002/00013888/3713252180000200013888-E-0002_wm.jpg|http://www.museumschina.cn/img/waterMark/2019-01-02-14-28-22/yipu/da/37/13/25/21800002/00013888/3713252180000200013888-F-0001_wm.jpg
https://www.museumschina.cn/collection/details?id=a2FE156323E7541E59069B24DB2B3ACE8,http://www.museumschina.cn/img/waterMark/2019-01-02-14-28-22/yipu/da/15/09/22/21800001/00000258/1509222180000100000258-A-0001_wm.jpg,新石器时代灰陶尊,内蒙古自治区乌兰察布市化德县数字博物馆,陶器,新石器时代,未定级,1988,单一/无机质/陶,http://www.museumschina.cn/img/waterMark/2019-01-02-14-28-22/yipu/da/15/09/22/21800001/00000258/1509222180000100000258-A-0001_wm.jpg|http://www.museumschina.cn/img/waterMark/2019-01-02-14-28-22/yipu/da/15/09/22/21800001/00000258/1509222180000100000258-B-0001_wm.jpg|http://www.museumschina.cn/img/waterMark/2019-01-02-14-28-22/yipu/da/15/09/22/21800001/00000258/1509222180000100000258-C-0001_wm.jpg|http://www.museumschina.cn/img/waterMark/2019-01-02-14-28-22/yipu/da/15/09/22/21800001/00000258/1509222180000100000258-F-0001_wm.jpg
https://www.museumschina.cn/collection/details?id=a2D614776165A4713B7598D7397B6C668,http://www.museumschina.cn/img/waterMark/2019-01-02-14-28-22/yipu/da/32/13/23/21800001/00000096/3213232180000100000096-A-0001_wm.jpg,新石器时代陶盅,泗阳博物馆,陶器,新石器时代,未定级,,单一/无机质/陶,http://www.museumschina.cn/img/waterMark/2019-01-02-14-28-22/yipu/da/32/13/23/21800001/00000096/3213232180000100000096-A-0001_wm.jpg|http://www.museumschina.cn/img/waterMark/2019-01-02-14-28-22/yipu/da/32/13/23/21800001/00000096/3213232180000100000096-A-0002_wm.jpg
https://www.museumschina.cn/collection/details?id=a2e1e8530c5bb42508bd356fe8d4ce08c,http://www.museumschina.cn/img/waterMark/2019-01-02-14-28-22/yipu/da/43/06/23/21800001/10000568/4306232180000110000568-A-0001_wm.jpg,新石器时代平底折腹壶,湖南省岳阳市华容县数字博物馆,陶器,新石器时代,三级,2000,单一/无机质/泥,http://www.museumschina.cn/img/waterMark/2019-01-02-14-28-22/yipu/da/43/06/23/21800001/10000568/4306232180000110000568-A-0001_wm.jpg|http://www.museumschina.cn/img/waterMark/2019-01-02-14-28-22/yipu/da/43/06/23/21800001/10000568/4306232180000110000568-A-0002_wm.jpg|http://www.museumschina.cn/img/waterMark/2019-01-02-14-28-22/yipu/da/43/06/23/21800001/10000568/4306232180000110000568-A-0003_wm.jpg|http://www.museumschina.cn/img/waterMark/2019-01-02-14-28-22/yipu/da/43/06/23/21800001/10000568/4306232180000110000568-A-0004_wm.jpg
https://www.museumschina.cn/collection/details?id=a2b3cd8fd08844b70958aac3c0cfb2626,http://www.museumschina.cn/img/waterMark/2019-01-02-14-28-22/yipu/da/32/04/82/21800001/10005986/3204822180000110005986-A-0001_wm.jpg,新石器时代马家浜文化中晚期云雷纹陶豆,金坛市博物馆,陶器,新石器时代,一级,2003,单一/无机质/陶,http://www.museumschina.cn/img/waterMark/2019-01-02-14-28-22/yipu/da/32/04/82/21800001/10005986/3204822180000110005986-A-0001_wm.jpg|http://www.museumschina.cn/img/waterMark/2019-01-02-14-28-22/yipu/da/32/04/82/21800001/10005986/3204822180000110005986-A-0002_wm.jpg|http://www.museumschina.cn/img/waterMark/2019-01-02-14-28-22/yipu/da/32/04/82/21800001/10005986/3204822180000110005986-A-0003_wm.jpg|http://www.museumschina.cn/img/waterMark/2019-01-02-14-28-22/yipu/da/32/04/82/21800001/10005986/3204822180000110005986-A-0004_wm.jpg|http://www.museumschina.cn/img/waterMark/2019-01-02-14-28-22/yipu/da/32/04/82/21800001/10005986/3204822180000110005986-A-0005_wm.jpg|http://www.museumschina.cn/img/waterMark/2019-01-02-14-28-22/yipu/da/32/04/82/21800001/10005986/3204822180000110005986-A-0006_wm.jpg|http://www.museumschina.cn/img/waterMark/2019-01-02-14-28-22/yipu/da/32/04/82/21800001/10005986/3204822180000110005986-A-0007_wm.jpg
https://www.museumschina.cn/collection/details?id=a2d757d399863432f9d60cb77accb6724,http://www.museumschina.cn/img/waterMark/2019-01-02-14-28-22/yipu/da/42/28/23/21800006/10007066/4228232180000610007066-A-0001_wm.jpg,新石器时代蛋壳彩陶杯,巴东县博物馆,陶器,新石器时代,三级,2009,单一/无机质/陶,http://www.museumschina.cn/img/waterMark/2019-01-02-14-28-22/yipu/da/42/28/23/21800006/10007066/4228232180000610007066-A-0001_wm.jpg|http://www.museumschina.cn/img/waterMark/2019-01-02-14-28-22/yipu/da/42/28/23/21800006/10007066/4228232180000610007066-A-0002_wm.jpg|http://www.museumschina.cn/img/waterMark/2019-01-02-14-28-22/yipu/da/42/28/23/21800006/10007066/4228232180000610007066-A-0003_wm.jpg|http://www.museumschina.cn/img/waterMark/2019-01-02-14-28-22/yipu/da/42/28/23/21800006/10007066/4228232180000610007066-A-0004_wm.jpg|http://www.museumschina.cn/img/waterMark/2019-01-02-14-28-22/yipu/da/42/28/23/21800006/10007066/4228232180000610007066-A-0005_wm.jpg|http://www.museumschina.cn/img/waterMark/2019-01-02-14-28-22/yipu/da/42/28/23/21800006/10007066/4228232180000610007066-A-0006_wm.jpg|http://www.museumschina.cn/img/waterMark/2019-01-02-14-28-22/yipu/da/42/28/23/21800006/10007066/4228232180000610007066-A-0007_wm.jpg
https://www.museumschina.cn/collection/details?id=a2af6a86736d94cc398887bb408a1cb85,http://www.museumschina.cn/img/waterMark/2019-01-02-14-28-22/yipu/da/42/03/21/21900002/10001688/4203212190000210001688-A-0001_wm.jpg,新石器时代石家河文化灰陶罐,郧阳博物馆,陶器,新石器时代,三级,1962,单一/无机质/陶,http://www.museumschina.cn/img/waterMark/2019-01-02-14-28-22/yipu/da/42/03/21/21900002/10001688/4203212190000210001688-A-0001_wm.jpg
https://www.museumschina.cn/collection/details?id=a2d670327d4644a3489208362549164fb,http://www.museumschina.cn/img/waterMark/2019-01-02-14-28-22/yipu/da/32/09/81/21800001/20000646/3209812180000120000646-A-0001_wm.jpg,新石器时代灰陶罐,东台市博物馆,陶器,新石器时代,一般,1991,单一/无机质/陶,http://www.museumschina.cn/img/waterMark/2019-01-02-14-28-22/yipu/da/32/09/81/21800001/20000646/3209812180000120000646-A-0001_wm.jpg
https://www.museumschina.cn/collection/details?id=a2D614776165A4713B7598D7397B6C668,http://www.museumschina.cn/img/waterMark/2019-01-02-14-28-22/yipu/da/32/13/23/21800001/00000096/3213232180000100000096-A-0001_wm.jpg,新石器时代陶盅,泗阳博物馆,陶器,新石器时代,未定级,,单一/无机质/陶,http://www.museumschina.cn/img/waterMark/2019-01-02-14-28-22/yipu/da/32/13/23/21800001/00000096/3213232180000100000096-A-0001_wm.jpg|http://www.museumschina.cn/img/waterMark/2019-01-02-14-28-22/yipu/da/32/13/23/21800001/00000096/3213232180000100000096-A-0002_wm.jpg
https://www.museumschina.cn/collection/details?id=a2d0398ce28164e3cae8a4e8f63b72c48,http://www.museumschina.cn/img/waterMark/2019-01-02-14-28-22/yipu/da/42/05/83/21800003/10009515/4205832180000310009515-A-0001_wm.jpg,新石器时代敛口浅腹圈足陶盘,枝江市博物馆,陶器,新石器时代,未定级,1980,单一/无机质/陶,http://www.museumschina.cn/img/waterMark/2019-01-02-14-28-22/yipu/da/42/05/83/21800003/10009515/4205832180000310009515-A-0001_wm.jpg|http://www.museumschina.cn/img/waterMark/2019-01-02-14-28-22/yipu/da/42/05/83/21800003/10009515/4205832180000310009515-A-0002_wm.jpg|http://www.museumschina.cn/img/waterMark/2019-01-02-14-28-22/yipu/da/42/05/83/21800003/10009515/4205832180000310009515-A-0003_wm.jpg|http://www.museumschina.cn/img/waterMark/2019-01-02-14-28-22/yipu/da/42/05/83/21800003/10009515/4205832180000310009515-A-0004_wm.jpg
https://www.museumschina.cn/collection/details?id=a2cbe7c8a93004f5d979b083f4b756e89,http://www.museumschina.cn/img/waterMark/2019-01-02-14-28-22/yipu/da/42/05/28/21800002/10007776/4205282180000210007776-A-0001_wm.jpg,新石器时代大溪文化饼形泥质橙黄陶纺轮,长阳土家族自治县博物馆,陶器,新石器时代,三级,2013,单一/无机质/陶,http://www.museumschina.cn/img/waterMark/2019-01-02-14-28-22/yipu/da/42/05/28/21800002/10007776/4205282180000210007776-A-0001_wm.jpg|http://www.museumschina.cn/img/waterMark/2019-01-02-14-28-22/yipu/da/42/05/28/21800002/10007776/4205282180000210007776-B-0001_wm.jpg
https://www.museumschina.cn/collection/details?id=a2c59a12c56fd4529ad1d79728a910876,http://www.museumschina.cn/img/waterMark/2019-01-02-14-28-22/yipu/da/43/07/23/21800001/10002874/4307232180000110002874-A-0001_wm.jpg,新石器时代屈家岭文化黑陶罐,常德市澧县博物馆,陶器,新石器时代,三级,2005,单一/无机质/陶,http://www.museumschina.cn/img/waterMark/2019-01-02-14-28-22/yipu/da/43/07/23/21800001/10002874/4307232180000110002874-A-0001_wm.jpg|http://www.museumschina.cn/img/waterMark/2019-01-02-14-28-22/yipu/da/43/07/23/21800001/10002874/4307232180000110002874-A-0002_wm.jpg|http://www.museumschina.cn/img/waterMark/2019-01-02-14-28-22/yipu/da/43/07/23/21800001/10002874/4307232180000110002874-A-0003_wm.jpg|http://www.museumschina.cn/img/waterMark/2019-01-02-14-28-22/yipu/da/43/07/23/21800001/10002874/4307232180000110002874-A-0004_wm.jpg|http://www.museumschina.cn/img/waterMark/2019-01-02-14-28-22/yipu/da/43/07/23/21800001/10002874/4307232180000110002874-A-0005_wm.jpg|http://www.museumschina.cn/img/waterMark/2019-01-02-14-28-22/yipu/da/43/07/23/21800001/10002874/4307232180000110002874-A-0006_wm.jpg|http://www.museumschina.cn/img/waterMark/2019-01-02-14-28-22/yipu/da/43/07/23/21800001/10002874/4307232180000110002874-A-0007_wm.jpg
https://www.museumschina.cn/collection/details?id=a25386860317641CFBFD827B29AEAADC6,http://www.museumschina.cn/img/waterMark/2019-01-02-14-28-22/yipu/da/37/01/81/21800002/00009179/3701812180000200009179-A-0001_wm.jpg,新石器时代大汶口文化红陶钵,章丘市博物馆,陶器,新石器时代,二级,1976,单一/无机质/陶,http://www.museumschina.cn/img/waterMark/2019-01-02-14-28-22/yipu/da/37/01/81/21800002/00009179/3701812180000200009179-A-0001_wm.jpg|http://www.museumschina.cn/img/waterMark/2019-01-02-14-28-22/yipu/da/37/01/81/21800002/00009179/3701812180000200009179-B-0001_wm.jpg|http://www.museumschina.cn/img/waterMark/2019-01-02-14-28-22/yipu/da/37/01/81/21800002/00009179/3701812180000200009179-D-0001_wm.jpg|http://www.museumschina.cn/img/waterMark/2019-01-02-14-28-22/yipu/da/37/01/81/21800002/00009179/3701812180000200009179-E-0001_wm.jpg|http://www.museumschina.cn/img/waterMark/2019-01-02-14-28-22/yipu/da/37/01/81/21800002/00009179/3701812180000200009179-F-0001_wm.jpg
https://www.museumschina.cn/collection/details?id=a27FB474F079B4675B0E583B8461F0FDF,http://www.museumschina.cn/img/waterMark/2019-01-02-14-28-22/yipu/da/37/05/21/21800003/00000346/3705212180000300000346-A-0001_wm.jpg,新石器时代彩绘陶罐,垦利县博物馆,陶器,新石器时代,未定级,2012,单一/无机质/陶,http://www.museumschina.cn/img/waterMark/2019-01-02-14-28-22/yipu/da/37/05/21/21800003/00000346/3705212180000300000346-A-0001_wm.jpg|http://www.museumschina.cn/img/waterMark/2019-01-02-14-28-22/yipu/da/37/05/21/21800003/00000346/3705212180000300000346-A-0002_wm.jpg|http://www.museumschina.cn/img/waterMark/2019-01-02-14-28-22/yipu/da/37/05/21/21800003/00000346/3705212180000300000346-A-0003_wm.jpg|http://www.museumschina.cn/img/waterMark/2019-01-02-14-28-22/yipu/da/37/05/21/21800003/00000346/3705212180000300000346-A-0004_wm.jpg|http://www.museumschina.cn/img/waterMark/2019-01-02-14-28-22/yipu/da/37/05/21/21800003/00000346/3705212180000300000346-B-0001_wm.jpg|http://www.museumschina.cn/img/waterMark/2019-01-02-14-28-22/yipu/da/37/05/21/21800003/00000346/3705212180000300000346-F-0001_wm.jpg
https://www.museumschina.cn/collection/details?id=a27d2f38268a644eba7f385b513a6730b,http://www.museumschina.cn/img/waterMark/2019-01-02-14-28-22/yipu/da/41/13/28/21800002/10001447/4113282180000210001447-A-0001_wm.jpg,新石器时代红陶球,唐河县博物馆,陶器,新石器时代,二级,1958,单一/无机质/陶,http://www.museumschina.cn/img/waterMark/2019-01-02-14-28-22/yipu/da/41/13/28/21800002/10001447/4113282180000210001447-A-0001_wm.jpg
https://www.museumschina.cn/collection/details?id=a27b6d90a49134984ac28eb31fd0e1773,http://www.museumschina.cn/img/waterMark/2019-01-02-14-28-22/yipu/da/43/07/21/21800001/10000071/4307212180000110000071-A-0001_wm.jpg,新石器时代链带纹白衣红陶盘,湖南省常德市安乡县数字博物馆,陶器,新石器时代,三级,,单一/无机质/陶,http://www.museumschina.cn/img/waterMark/2019-01-02-14-28-22/yipu/da/43/07/21/21800001/10000071/4307212180000110000071-A-0001_wm.jpg|http://www.museumschina.cn/img/waterMark/2019-01-02-14-28-22/yipu/da/43/07/21/21800001/10000071/4307212180000110000071-A-0002_wm.jpg|http://www.museumschina.cn/img/waterMark/2019-01-02-14-28-22/yipu/da/43/07/21/21800001/10000071/4307212180000110000071-A-0003_wm.jpg|http://www.museumschina.cn/img/waterMark/2019-01-02-14-28-22/yipu/da/43/07/21/21800001/10000071/4307212180000110000071-A-0004_wm.jpg|http://www.museumschina.cn/img/waterMark/2019-01-02-14-28-22/yipu/da/43/07/21/21800001/10000071/4307212180000110000071-A-0005_wm.jpg
https://www.museumschina.cn/collection/details?id=a26ee7e85dafd4d4f9a49bfb93bb7ccc8,http://www.museumschina.cn/img/waterMark/2019-01-02-14-28-22/yipu/da/34/08/24/21800001/10002429/3408242180000110002429-A-0001_wm.jpg,新石器时代薛家岗文化素面灰陶球,潜山县博物馆,陶器,新石器时代,三级,1981,单一/无机质/陶,http://www.museumschina.cn/img/waterMark/2019-01-02-14-28-22/yipu/da/34/08/24/21800001/10002429/3408242180000110002429-A-0001_wm.jpg|http://www.museumschina.cn/img/waterMark/2019-01-02-14-28-22/yipu/da/34/08/24/21800001/10002429/3408242180000110002429-A-0002_wm.jpg|http://www.museumschina.cn/img/waterMark/2019-01-02-14-28-22/yipu/da/34/08/24/21800001/10002429/3408242180000110002429-A-0003_wm.jpg
https://www.museumschina.cn/collection/details?id=a259b60ccb6454099ac316a3ac57afe48,http://www.museumschina.cn/img/waterMark/2019-01-02-14-28-22/yipu/da/42/11/82/21800003/10006539/4211822180000310006539-A-0001_wm.jpg,新石器时代陶盘,武穴市博物馆,陶器,新石器时代,三级,2006,单一/无机质/陶,http://www.museumschina.cn/img/waterMark/2019-01-02-14-28-22/yipu/da/42/11/82/21800003/10006539/4211822180000310006539-A-0001_wm.jpg|http://www.museumschina.cn/img/waterMark/2019-01-02-14-28-22/yipu/da/42/11/82/21800003/10006539/4211822180000310006539-B-0001_wm.jpg|http://www.museumschina.cn/img/waterMark/2019-01-02-14-28-22/yipu/da/42/11/82/21800003/10006539/4211822180000310006539-F-0001_wm.jpg
https://www.museumschina.cn/collection/details?id=a24ee239b7c7c425b91ae213305ae3200,http://www.museumschina.cn/img/waterMark/2019-01-02-14-28-22/yipu/da/32/04/82/21800001/10005960/3204822180000110005960-A-0001_wm.jpg,新石器时代马家浜文化中晚期陶鼎,金坛市博物馆,陶器,新石器时代,三级,2003,单一/无机质/陶,http://www.museumschina.cn/img/waterMark/2019-01-02-14-28-22/yipu/da/32/04/82/21800001/10005960/3204822180000110005960-A-0001_wm.jpg
https://www.museumschina.cn/collection/details?id=a24408f6882cf4cc3aa7138d8e616c5c4,http://www.museumschina.cn/img/waterMark/2019-01-02-14-28-22/yipu/da/41/01/83/21800001/10000523/4101832180000110000523-A-0001_wm.jpg,汉红陶器盖,新密市博物馆,陶器,新石器时代,一般,1992,单一/无机质/陶,http://www.museumschina.cn/img/waterMark/2019-01-02-14-28-22/yipu/da/41/01/83/21800001/10000523/4101832180000110000523-A-0001_wm.jpg|http://www.museumschina.cn/img/waterMark/2019-01-02-14-28-22/yipu/da/41/01/83/21800001/10000523/4101832180000110000523-A-0002_wm.jpg
https://www.museumschina.cn/collection/details?id=a2435e065d8514257b52361584dd8ec97,http://www.museumschina.cn/img/waterMark/2019-01-02-14-28-22/yipu/da/63/02/25/21800001/10000220/6302252180000110000220-A-0001_wm.jpg,新石器时代马家窑文化马厂类型十字平行条纹内彩陶碗,青海省海东市循化撒拉族自治县数字博物馆,陶器,新石器时代,一级,1985,单一/无机质/陶,http://www.museumschina.cn/img/waterMark/2019-01-02-14-28-22/yipu/da/63/02/25/21800001/10000220/6302252180000110000220-A-0001_wm.jpg|http://www.museumschina.cn/img/waterMark/2019-01-02-14-28-22/yipu/da/63/02/25/21800001/10000220/6302252180000110000220-A-0002_wm.jpg|http://www.museumschina.cn/img/waterMark/2019-01-02-14-28-22/yipu/da/63/02/25/21800001/10000220/6302252180000110000220-A-0003_wm.jpg|http://www.museumschina.cn/img/waterMark/2019-01-02-14-28-22/yipu/da/63/02/25/21800001/10000220/6302252180000110000220-A-0004_wm.jpg|http://www.museumschina.cn/img/waterMark/2019-01-02-14-28-22/yipu/da/63/02/25/21800001/10000220/6302252180000110000220-A-0005_wm.jpg|http://www.museumschina.cn/img/waterMark/2019-01-02-14-28-22/yipu/da/63/02/25/21800001/10000220/6302252180000110000220-A-0006_wm.jpg|http://www.museumschina.cn/img/waterMark/2019-01-02-14-28-22/yipu/da/63/02/25/21800001/10000220/6302252180000110000220-A-0007_wm.jpg
https://www.museumschina.cn/collection/details?id=a23532443626F40C3A1B6969F2B2F4EE8,http://www.museumschina.cn/img/waterMark/2019-01-02-14-28-22/yipu/da/37/15/23/21800002/00000747/3715232180000200000747-A-0001_wm.jpg,新石器时代大汶口文化灰陶罐,山东省聊城市茌平县数字博物馆,陶器,新石器时代,三级,1985,单一/无机质/陶,http://www.museumschina.cn/img/waterMark/2019-01-02-14-28-22/yipu/da/37/15/23/21800002/00000747/3715232180000200000747-A-0001_wm.jpg|http://www.museumschina.cn/img/waterMark/2019-01-02-14-28-22/yipu/da/37/15/23/21800002/00000747/3715232180000200000747-B-0001_wm.jpg|http://www.museumschina.cn/img/waterMark/2019-01-02-14-28-22/yipu/da/37/15/23/21800002/00000747/3715232180000200000747-C-0001_wm.jpg|http://www.museumschina.cn/img/waterMark/2019-01-02-14-28-22/yipu/da/37/15/23/21800002/00000747/3715232180000200000747-E-0001_wm.jpg|http://www.museumschina.cn/img/waterMark/2019-01-02-14-28-22/yipu/da/37/15/23/21800002/00000747/3715232180000200000747-E-0002_wm.jpg|http://www.museumschina.cn/img/waterMark/2019-01-02-14-28-22/yipu/da/37/15/23/21800002/00000747/3715232180000200000747-E-0003_wm.jpg|http://www.museumschina.cn/img/waterMark/2019-01-02-14-28-22/yipu/da/37/15/23/21800002/00000747/3715232180000200000747-F-0001_wm.jpg
https://www.museumschina.cn/collection/details?id=a22FC35DCFDD04D3F8949FF3F8E9C99D4,http://www.museumschina.cn/img/waterMark/2019-01-02-14-28-22/yipu/da/37/13/27/21800002/00000377/3713272180000200000377-A-0001_wm.jpg,新石器时代龙山文化陶器盖,莒南县博物馆,陶器,新石器时代,一般,1983,单一/无机质/陶,http://www.museumschina.cn/img/waterMark/2019-01-02-14-28-22/yipu/da/37/13/27/21800002/00000377/3713272180000200000377-A-0001_wm.jpg|http://www.museumschina.cn/img/waterMark/2019-01-02-14-28-22/yipu/da/37/13/27/21800002/00000377/3713272180000200000377-A-0002_wm.jpg
https://www.museumschina.cn/collection/details?id=a292e3926735847d5b06c427d08cc2529,http://www.museumschina.cn/img/waterMark/2019-01-02-14-28-22/yipu/da/41/05/22/21800001/10001399/4105222180000110001399-A-0001_wm.jpg,新石器时代龙山文化绳纹圜底灰陶罐,河南省安阳市安阳县数字博物馆,陶器,新石器时代,二级,,单一/无机质/陶,http://www.museumschina.cn/img/waterMark/2019-01-02-14-28-22/yipu/da/41/05/22/21800001/10001399/4105222180000110001399-A-0001_wm.jpg|http://www.museumschina.cn/img/waterMark/2019-01-02-14-28-22/yipu/da/41/05/22/21800001/10001399/4105222180000110001399-B-0001_wm.jpg
https://www.museumschina.cn/collection/details?id=a289bff3e10414bfcae3730139ad6e25e,http://www.museumschina.cn/img/waterMark/2019-01-02-14-28-22/yipu/da/42/09/02/21800005/10000978/4209022180000510000978-A-0001_wm.jpg,新石器小口陶瓮,孝南区博物馆,陶器,新石器时代,未定级,,单一/无机质/陶,http://www.museumschina.cn/img/waterMark/2019-01-02-14-28-22/yipu/da/42/09/02/21800005/10000978/4209022180000510000978-A-0001_wm.jpg|http://www.museumschina.cn/img/waterMark/2019-01-02-14-28-22/yipu/da/42/09/02/21800005/10000978/4209022180000510000978-B-0001_wm.jpg|http://www.museumschina.cn/img/waterMark/2019-01-02-14-28-22/yipu/da/42/09/02/21800005/10000978/4209022180000510000978-C-0001_wm.jpg|http://www.museumschina.cn/img/waterMark/2019-01-02-14-28-22/yipu/da/42/09/02/21800005/10000978/4209022180000510000978-C-0002_wm.jpg|http://www.museumschina.cn/img/waterMark/2019-01-02-14-28-22/yipu/da/42/09/02/21800005/10000978/4209022180000510000978-F-0001_wm.jpg
https://www.museumschina.cn/collection/details?id=a2828521d71c44b268e225fc9ec83ed4d,http://www.museumschina.cn/img/waterMark/2019-01-02-14-28-22/yipu/da/63/02/25/21800001/10000129/6302252180000110000129-A-0001_wm.jpg,新石器时代马家窑文化马家窑类型涡纹内彩陶盆,青海省海东市循化撒拉族自治县数字博物馆,陶器,新石器时代,一级,1985,单一/无机质/陶,http://www.museumschina.cn/img/waterMark/2019-01-02-14-28-22/yipu/da/63/02/25/21800001/10000129/6302252180000110000129-A-0001_wm.jpg|http://www.museumschina.cn/img/waterMark/2019-01-02-14-28-22/yipu/da/63/02/25/21800001/10000129/6302252180000110000129-A-0002_wm.jpg|http://www.museumschina.cn/img/waterMark/2019-01-02-14-28-22/yipu/da/63/02/25/21800001/10000129/6302252180000110000129-A-0003_wm.jpg|http://www.museumschina.cn/img/waterMark/2019-01-02-14-28-22/yipu/da/63/02/25/21800001/10000129/6302252180000110000129-A-0004_wm.jpg|http://www.museumschina.cn/img/waterMark/2019-01-02-14-28-22/yipu/da/63/02/25/21800001/10000129/6302252180000110000129-A-0005_wm.jpg|http://www.museumschina.cn/img/waterMark/2019-01-02-14-28-22/yipu/da/63/02/25/21800001/10000129/6302252180000110000129-A-0006_wm.jpg|http://www.museumschina.cn/img/waterMark/2019-01-02-14-28-22/yipu/da/63/02/25/21800001/10000129/6302252180000110000129-A-0007_wm.jpg|http://www.museumschina.cn/img/waterMark/2019-01-02-14-28-22/yipu/da/63/02/25/21800001/10000129/6302252180000110000129-A-0008_wm.jpg|http://www.museumschina.cn/img/waterMark/2019-01-02-14-28-22/yipu/da/63/02/25/21800001/10000129/6302252180000110000129-A-0009_wm.jpg|http://www.museumschina.cn/img/waterMark/2019-01-02-14-28-22/yipu/da/63/02/25/21800001/10000129/6302252180000110000129-A-0010_wm.jpg|http://www.museumschina.cn/img/waterMark/2019-01-02-14-28-22/yipu/da/63/02/25/21800001/10000129/6302252180000110000129-A-0011_wm.jpg|http://www.museumschina.cn/img/waterMark/2019-01-02-14-28-22/yipu/da/63/02/25/21800001/10000129/6302252180000110000129-A-0012_wm.jpg
https://www.museumschina.cn/collection/details?id=a27FB474F079B4675B0E583B8461F0FDF,http://www.museumschina.cn/img/waterMark/2019-01-02-14-28-22/yipu/da/37/05/21/21800003/00000346/3705212180000300000346-A-0001_wm.jpg,新石器时代彩绘陶罐,垦利县博物馆,陶器,新石器时代,未定级,2012,单一/无机质/陶,http://www.museumschina.cn/img/waterMark/2019-01-02-14-28-22/yipu/da/37/05/21/21800003/00000346/3705212180000300000346-A-0001_wm.jpg|http://www.museumschina.cn/img/waterMark/2019-01-02-14-28-22/yipu/da/37/05/21/21800003/00000346/3705212180000300000346-A-0002_wm.jpg|http://www.museumschina.cn/img/waterMark/2019-01-02-14-28-22/yipu/da/37/05/21/21800003/00000346/3705212180000300000346-A-0003_wm.jpg|http://www.museumschina.cn/img/waterMark/2019-01-02-14-28-22/yipu/da/37/05/21/21800003/00000346/3705212180000300000346-A-0004_wm.jpg|http://www.museumschina.cn/img/waterMark/2019-01-02-14-28-22/yipu/da/37/05/21/21800003/00000346/3705212180000300000346-B-0001_wm.jpg|http://www.museumschina.cn/img/waterMark/2019-01-02-14-28-22/yipu/da/37/05/21/21800003/00000346/3705212180000300000346-F-0001_wm.jpg
https://www.museumschina.cn/collection/details?id=a27d2f38268a644eba7f385b513a6730b,http://www.museumschina.cn/img/waterMark/2019-01-02-14-28-22/yipu/da/41/13/28/21800002/10001447/4113282180000210001447-A-0001_wm.jpg,新石器时代红陶球,唐河县博物馆,陶器,新石器时代,二级,1958,单一/无机质/陶,http://www.museumschina.cn/img/waterMark/2019-01-02-14-28-22/yipu/da/41/13/28/21800002/10001447/4113282180000210001447-A-0001_wm.jpg
https://www.museumschina.cn/collection/details?id=a27b6d90a49134984ac28eb31fd0e1773,http://www.museumschina.cn/img/waterMark/2019-01-02-14-28-22/yipu/da/43/07/21/21800001/10000071/4307212180000110000071-A-0001_wm.jpg,新石器时代链带纹白衣红陶盘,湖南省常德市安乡县数字博物馆,陶器,新石器时代,三级,,单一/无机质/陶,http://www.museumschina.cn/img/waterMark/2019-01-02-14-28-22/yipu/da/43/07/21/21800001/10000071/4307212180000110000071-A-0001_wm.jpg|http://www.museumschina.cn/img/waterMark/2019-01-02-14-28-22/yipu/da/43/07/21/21800001/10000071/4307212180000110000071-A-0002_wm.jpg|http://www.museumschina.cn/img/waterMark/2019-01-02-14-28-22/yipu/da/43/07/21/21800001/10000071/4307212180000110000071-A-0003_wm.jpg|http://www.museumschina.cn/img/waterMark/2019-01-02-14-28-22/yipu/da/43/07/21/21800001/10000071/4307212180000110000071-A-0004_wm.jpg|http://www.museumschina.cn/img/waterMark/2019-01-02-14-28-22/yipu/da/43/07/21/21800001/10000071/4307212180000110000071-A-0005_wm.jpg
https://www.museumschina.cn/collection/details?id=a26ee7e85dafd4d4f9a49bfb93bb7ccc8,http://www.museumschina.cn/img/waterMark/2019-01-02-14-28-22/yipu/da/34/08/24/21800001/10002429/3408242180000110002429-A-0001_wm.jpg,新石器时代薛家岗文化素面灰陶球,潜山县博物馆,陶器,新石器时代,三级,1981,单一/无机质/陶,http://www.museumschina.cn/img/waterMark/2019-01-02-14-28-22/yipu/da/34/08/24/21800001/10002429/3408242180000110002429-A-0001_wm.jpg|http://www.museumschina.cn/img/waterMark/2019-01-02-14-28-22/yipu/da/34/08/24/21800001/10002429/3408242180000110002429-A-0002_wm.jpg|http://www.museumschina.cn/img/waterMark/2019-01-02-14-28-22/yipu/da/34/08/24/21800001/10002429/3408242180000110002429-A-0003_wm.jpg
https://www.museumschina.cn/collection/details?id=a259b60ccb6454099ac316a3ac57afe48,http://www.museumschina.cn/img/waterMark/2019-01-02-14-28-22/yipu/da/42/11/82/21800003/10006539/4211822180000310006539-A-0001_wm.jpg,新石器时代陶盘,武穴市博物馆,陶器,新石器时代,三级,2006,单一/无机质/陶,http://www.museumschina.cn/img/waterMark/2019-01-02-14-28-22/yipu/da/42/11/82/21800003/10006539/4211822180000310006539-A-0001_wm.jpg|http://www.museumschina.cn/img/waterMark/2019-01-02-14-28-22/yipu/da/42/11/82/21800003/10006539/4211822180000310006539-B-0001_wm.jpg|http://www.museumschina.cn/img/waterMark/2019-01-02-14-28-22/yipu/da/42/11/82/21800003/10006539/4211822180000310006539-F-0001_wm.jpg
https://www.museumschina.cn/collection/details?id=a2053f5abcb5e4bd6a76eed9c72861a30,http://www.museumschina.cn/img/waterMark/2019-01-02-14-28-22/yipu/da/41/14/24/21800002/10000404/4114242180000210000404-A-0001_wm.jpg,新石器平底折肩敞口灰陶罐,柘城县博物馆,陶器,新石器时代,三级,1983,单一/无机质/陶,http://www.museumschina.cn/img/waterMark/2019-01-02-14-28-22/yipu/da/41/14/24/21800002/10000404/4114242180000210000404-A-0001_wm.jpg|http://www.museumschina.cn/img/waterMark/2019-01-02-14-28-22/yipu/da/41/14/24/21800002/10000404/4114242180000210000404-A-0002_wm.jpg|http://www.museumschina.cn/img/waterMark/2019-01-02-14-28-22/yipu/da/41/14/24/21800002/10000404/4114242180000210000404-A-0003_wm.jpg|http://www.museumschina.cn/img/waterMark/2019-01-02-14-28-22/yipu/da/41/14/24/21800002/10000404/4114242180000210000404-C-0001_wm.jpg
https://www.museumschina.cn/collection/details?id=a1ff9f558097740f9956b643cdfea4d5a,http://www.museumschina.cn/img/waterMark/2019-01-02-14-28-22/yipu/da/36/10/25/21800002/10001617/3610252180000210001617-A-0001_wm.jpg,新石器时代陶纺轮,乐安县博物馆,陶器,新石器时代,一般,2011,单一/无机质/陶,http://www.museumschina.cn/img/waterMark/2019-01-02-14-28-22/yipu/da/36/10/25/21800002/10001617/3610252180000210001617-A-0001_wm.jpg|http://www.museumschina.cn/img/waterMark/2019-01-02-14-28-22/yipu/da/36/10/25/21800002/10001617/3610252180000210001617-A-0002_wm.jpg|http://www.museumschina.cn/img/waterMark/2019-01-02-14-28-22/yipu/da/36/10/25/21800002/10001617/3610252180000210001617-A-0003_wm.jpg
https://www.museumschina.cn/collection/details?id=a1fc9b83c27f446e08da487eca7a9d0b8,http://www.museumschina.cn/img/waterMark/2019-01-02-14-28-22/yipu/da/43/12/81/21900001/10000109/4312812190000110000109-A-0001_wm.jpg,新石器时代高庙文化戳印鸟纹圈足陶盘,湖南省怀化市洪江市数字博物馆,陶器,新石器时代,三级,,单一/无机质/陶,http://www.museumschina.cn/img/waterMark/2019-01-02-14-28-22/yipu/da/43/12/81/21900001/10000109/4312812190000110000109-A-0001_wm.jpg|http://www.museumschina.cn/img/waterMark/2019-01-02-14-28-22/yipu/da/43/12/81/21900001/10000109/4312812190000110000109-A-0002_wm.jpg|http://www.museumschina.cn/img/waterMark/2019-01-02-14-28-22/yipu/da/43/12/81/21900001/10000109/4312812190000110000109-A-0003_wm.jpg
https://www.museumschina.cn/collection/details?id=a1FC3490626194BB0B05AD76148EDFB0E,http://www.museumschina.cn/img/waterMark/2019-01-02-14-28-22/yipu/da/61/06/24/21800076/00001802/6106242180007600001802-A-0001_wm.jpg,新石器时代双鍪大口陶斝,陕西省数字博物馆,陶器,新石器时代,二级,1991,单一/无机质/陶,http://www.museumschina.cn/img/waterMark/2019-01-02-14-28-22/yipu/da/61/06/24/21800076/00001802/6106242180007600001802-A-0001_wm.jpg|http://www.museumschina.cn/img/waterMark/2019-01-02-14-28-22/yipu/da/61/06/24/21800076/00001802/6106242180007600001802-B-0001_wm.jpg|http://www.museumschina.cn/img/waterMark/2019-01-02-14-28-22/yipu/da/61/06/24/21800076/00001802/6106242180007600001802-C-0001_wm.jpg
https://www.museumschina.cn/collection/details?id=a1F9B5390842C4A2C8262ECF37377EE5A,http://www.museumschina.cn/img/waterMark/2019-01-02-14-28-22/yipu/da/61/06/26/11800116/00000056/6106261180011600000056-A-0001_wm.jpg,新石器时代双耳灰陶罐,陕西省数字博物馆,陶器,新石器时代,三级,1986,单一/无机质/陶,http://www.museumschina.cn/img/waterMark/2019-01-02-14-28-22/yipu/da/61/06/26/11800116/00000056/6106261180011600000056-A-0001_wm.jpg|http://www.museumschina.cn/img/waterMark/2019-01-02-14-28-22/yipu/da/61/06/26/11800116/00000056/6106261180011600000056-C-0001_wm.jpg|http://www.museumschina.cn/img/waterMark/2019-01-02-14-28-22/yipu/da/61/06/26/11800116/00000056/6106261180011600000056-D-0001_wm.jpg|http://www.museumschina.cn/img/waterMark/2019-01-02-14-28-22/yipu/da/61/06/26/11800116/00000056/6106261180011600000056-E-0001_wm.jpg
https://www.museumschina.cn/collection/details?id=a1F313293F58E4F6DBE35C457C19BCDFF,http://www.museumschina.cn/img/waterMark/2019-01-02-14-28-22/yipu/da/37/13/25/21800002/00013877/3713252180000200013877-A-0001_wm.jpg,新石器时代大汶口文化白陶杯,费县博物馆,陶器,新石器时代,二级,2002,单一/无机质/陶,http://www.museumschina.cn/img/waterMark/2019-01-02-14-28-22/yipu/da/37/13/25/21800002/00013877/3713252180000200013877-A-0001_wm.jpg|http://www.museumschina.cn/img/waterMark/2019-01-02-14-28-22/yipu/da/37/13/25/21800002/00013877/3713252180000200013877-B-0001_wm.jpg|http://www.museumschina.cn/img/waterMark/2019-01-02-14-28-22/yipu/da/37/13/25/21800002/00013877/3713252180000200013877-C-0001_wm.jpg|http://www.museumschina.cn/img/waterMark/2019-01-02-14-28-22/yipu/da/37/13/25/21800002/00013877/3713252180000200013877-C-0002_wm.jpg|http://www.museumschina.cn/img/waterMark/2019-01-02-14-28-22/yipu/da/37/13/25/21800002/00013877/3713252180000200013877-E-0001_wm.jpg|http://www.museumschina.cn/img/waterMark/2019-01-02-14-28-22/yipu/da/37/13/25/21800002/00013877/3713252180000200013877-F-0001_wm.jpg
https://www.museumschina.cn/collection/details?id=a1e062d46bb604a03bd11334d74fc8060,http://www.museumschina.cn/img/waterMark/2019-01-02-14-28-22/yipu/da/42/11/27/21800011/10001646/4211272180001110001646-A-0001_wm.jpg,新石器时代黄鳝嘴文化圜底陶罐,黄梅县博物馆,陶器,新石器时代,未定级,1985,单一/无机质/陶,http://www.museumschina.cn/img/waterMark/2019-01-02-14-28-22/yipu/da/42/11/27/21800011/10001646/4211272180001110001646-A-0001_wm.jpg|http://www.museumschina.cn/img/waterMark/2019-01-02-14-28-22/yipu/da/42/11/27/21800011/10001646/4211272180001110001646-B-0001_wm.jpg|http://www.museumschina.cn/img/waterMark/2019-01-02-14-28-22/yipu/da/42/11/27/21800011/10001646/4211272180001110001646-F-0001_wm.jpg
https://www.museumschina.cn/collection/details?id=a1c9c815530174695b27b408af06a2562,http://www.museumschina.cn/img/waterMark/2019-01-02-14-28-22/yipu/da/43/06/23/21800001/10000574/4306232180000110000574-A-0001_wm.jpg,新石器时代镂空高圈足陶豆,湖南省岳阳市华容县数字博物馆,陶器,新石器时代,三级,2000,单一/无机质/泥,http://www.museumschina.cn/img/waterMark/2019-01-02-14-28-22/yipu/da/43/06/23/21800001/10000574/4306232180000110000574-A-0001_wm.jpg|http://www.museumschina.cn/img/waterMark/2019-01-02-14-28-22/yipu/da/43/06/23/21800001/10000574/4306232180000110000574-A-0002_wm.jpg|http://www.museumschina.cn/img/waterMark/2019-01-02-14-28-22/yipu/da/43/06/23/21800001/10000574/4306232180000110000574-A-0003_wm.jpg|http://www.museumschina.cn/img/waterMark/2019-01-02-14-28-22/yipu/da/43/06/23/21800001/10000574/4306232180000110000574-A-0004_wm.jpg
https://www.museumschina.cn/collection/details?id=a1bf980e02d364f108636f6d87f14d3c3,http://www.museumschina.cn/img/waterMark/2019-01-02-14-28-22/yipu/da/43/06/23/21800001/10000247/4306232180000110000247-A-0001_wm.jpg,新石器时代曲腹陶杯,湖南省岳阳市华容县数字博物馆,陶器,新石器时代,三级,2000,单一/无机质/泥,http://www.museumschina.cn/img/waterMark/2019-01-02-14-28-22/yipu/da/43/06/23/21800001/10000247/4306232180000110000247-A-0001_wm.jpg|http://www.museumschina.cn/img/waterMark/2019-01-02-14-28-22/yipu/da/43/06/23/21800001/10000247/4306232180000110000247-A-0002_wm.jpg|http://www.museumschina.cn/img/waterMark/2019-01-02-14-28-22/yipu/da/43/06/23/21800001/10000247/4306232180000110000247-A-0003_wm.jpg|http://www.museumschina.cn/img/waterMark/2019-01-02-14-28-22/yipu/da/43/06/23/21800001/10000247/4306232180000110000247-A-0004_wm.jpg
https://www.museumschina.cn/collection/details?id=a1BA0BAD680C940FB81F54079DF4C7F6A,http://www.museumschina.cn/img/waterMark/2019-01-02-14-28-22/yipu/da/37/06/12/21800002/00003475/3706122180000200003475-A-0001_wm.jpg,新石器时代大汶口文化灰陶鼎,烟台市牟平区博物馆,陶器,新石器时代,未定级,1965,单一/无机质/陶,http://www.museumschina.cn/img/waterMark/2019-01-02-14-28-22/yipu/da/37/06/12/21800002/00003475/3706122180000200003475-A-0001_wm.jpg|http://www.museumschina.cn/img/waterMark/2019-01-02-14-28-22/yipu/da/37/06/12/21800002/00003475/3706122180000200003475-A-0002_wm.jpg|http://www.museumschina.cn/img/waterMark/2019-01-02-14-28-22/yipu/da/37/06/12/21800002/00003475/3706122180000200003475-A-0003_wm.jpg|http://www.museumschina.cn/img/waterMark/2019-01-02-14-28-22/yipu/da/37/06/12/21800002/00003475/3706122180000200003475-B-0001_wm.jpg|http://www.museumschina.cn/img/waterMark/2019-01-02-14-28-22/yipu/da/37/06/12/21800002/00003475/3706122180000200003475-F-0001_wm.jpg
https://www.museumschina.cn/collection/details?id=a1b8ca1ccd5f54cbbaa8021c456d3262e,http://www.museumschina.cn/img/waterMark/2019-01-02-14-28-22/yipu/da/41/13/24/21800001/10000061/4113242180000110000061-A-0001_wm.jpg,新石器时代黑彩红陶敞口钵,河南省南阳市镇平县数字博物馆,陶器,新石器时代,二级,1974,单一/无机质/陶,http://www.museumschina.cn/img/waterMark/2019-01-02-14-28-22/yipu/da/41/13/24/21800001/10000061/4113242180000110000061-A-0001_wm.jpg|http://www.museumschina.cn/img/waterMark/2019-01-02-14-28-22/yipu/da/41/13/24/21800001/10000061/4113242180000110000061-B-0001_wm.jpg|http://www.museumschina.cn/img/waterMark/2019-01-02-14-28-22/yipu/da/41/13/24/21800001/10000061/4113242180000110000061-C-0001_wm.jpg|http://www.museumschina.cn/img/waterMark/2019-01-02-14-28-22/yipu/da/41/13/24/21800001/10000061/4113242180000110000061-C-0002_wm.jpg|http://www.museumschina.cn/img/waterMark/2019-01-02-14-28-22/yipu/da/41/13/24/21800001/10000061/4113242180000110000061-C-0003_wm.jpg|http://www.museumschina.cn/img/waterMark/2019-01-02-14-28-22/yipu/da/41/13/24/21800001/10000061/4113242180000110000061-E-0001_wm.jpg|http://www.museumschina.cn/img/waterMark/2019-01-02-14-28-22/yipu/da/41/13/24/21800001/10000061/4113242180000110000061-F-0001_wm.jpg
https://www.museumschina.cn/collection/details?id=a1B25EA0456AE4A9E8BAEBC75D501BE4E,http://www.museumschina.cn/img/waterMark/2019-01-02-14-28-22/yipu/da/37/13/25/21800002/00013016/3713252180000200013016-A-0001_wm.jpg,新石器时代龙山文化镂孔高柄杯,费县博物馆,陶器,新石器时代,二级,2002,单一/无机质/陶,http://www.museumschina.cn/img/waterMark/2019-01-02-14-28-22/yipu/da/37/13/25/21800002/00013016/3713252180000200013016-A-0001_wm.jpg|http://www.museumschina.cn/img/waterMark/2019-01-02-14-28-22/yipu/da/37/13/25/21800002/00013016/3713252180000200013016-C-0001_wm.jpg|http://www.museumschina.cn/img/waterMark/2019-01-02-14-28-22/yipu/da/37/13/25/21800002/00013016/3713252180000200013016-E-0001_wm.jpg|http://www.museumschina.cn/img/waterMark/2019-01-02-14-28-22/yipu/da/37/13/25/21800002/00013016/3713252180000200013016-F-0001_wm.jpg
https://www.museumschina.cn/collection/details?id=a205df7973f984705943b239a8633f7d8,http://www.museumschina.cn/img/waterMark/2019-01-02-14-28-22/yipu/da/34/08/27/21800006/10000093/3408272180000610000093-A-0002_wm.jpg,新石器时代晚期灰陶网坠,望江县博物馆,陶器,新石器时代,三级,1983,单一/无机质/陶,http://www.museumschina.cn/img/waterMark/2019-01-02-14-28-22/yipu/da/34/08/27/21800006/10000093/3408272180000610000093-A-0002_wm.jpg|http://www.museumschina.cn/img/waterMark/2019-01-02-14-28-22/yipu/da/34/08/27/21800006/10000093/3408272180000610000093-C-0001_wm.jpg|http://www.museumschina.cn/img/waterMark/2019-01-02-14-28-22/yipu/da/34/08/27/21800006/10000093/3408272180000610000093-C-0002_wm.jpg|http://www.museumschina.cn/img/waterMark/2019-01-02-14-28-22/yipu/da/34/08/27/21800006/10000093/3408272180000610000093-F-0001_wm.jpg
https://www.museumschina.cn/collection/details?id=a20df544baf8441c8b1add6a906cce285,http://www.museumschina.cn/img/waterMark/2019-01-02-14-28-22/yipu/da/64/03/24/21800001/10000408/6403242180000110000408-A-0001_wm.jpg,新石器时代菜园文化网格纹双系彩陶罐,宁夏回族自治区吴忠市同心县数字博物馆,陶器,新石器时代,三级,,单一/无机质/陶,http://www.museumschina.cn/img/waterMark/2019-01-02-14-28-22/yipu/da/64/03/24/21800001/10000408/6403242180000110000408-A-0001_wm.jpg|http://www.museumschina.cn/img/waterMark/2019-01-02-14-28-22/yipu/da/64/03/24/21800001/10000408/6403242180000110000408-A-0002_wm.jpg|http://www.museumschina.cn/img/waterMark/2019-01-02-14-28-22/yipu/da/64/03/24/21800001/10000408/6403242180000110000408-B-0001_wm.jpg|http://www.museumschina.cn/img/waterMark/2019-01-02-14-28-22/yipu/da/64/03/24/21800001/10000408/6403242180000110000408-D-0001_wm.jpg|http://www.museumschina.cn/img/waterMark/2019-01-02-14-28-22/yipu/da/64/03/24/21800001/10000408/6403242180000110000408-E-0001_wm.jpg|http://www.museumschina.cn/img/waterMark/2019-01-02-14-28-22/yipu/da/64/03/24/21800001/10000408/6403242180000110000408-F-0001_wm.jpg
https://www.museumschina.cn/collection/details?id=a20e24ab643cd4a1e8c83be21c976b84f,http://www.museumschina.cn/img/waterMark/2019-01-02-14-28-22/yipu/da/36/11/21/21800002/10000131/3611212180000210000131-A-0001_wm.jpg,新石器晚期陶豆,上饶县博物馆,陶器,新石器时代,三级,1989,单一/无机质/陶,http://www.museumschina.cn/img/waterMark/2019-01-02-14-28-22/yipu/da/36/11/21/21800002/10000131/3611212180000210000131-A-0001_wm.jpg|http://www.museumschina.cn/img/waterMark/2019-01-02-14-28-22/yipu/da/36/11/21/21800002/10000131/3611212180000210000131-A-0002_wm.jpg|http://www.museumschina.cn/img/waterMark/2019-01-02-14-28-22/yipu/da/36/11/21/21800002/10000131/3611212180000210000131-B-0001_wm.jpg|http://www.museumschina.cn/img/waterMark/2019-01-02-14-28-22/yipu/da/36/11/21/21800002/10000131/3611212180000210000131-C-0001_wm.jpg|http://www.museumschina.cn/img/waterMark/2019-01-02-14-28-22/yipu/da/36/11/21/21800002/10000131/3611212180000210000131-F-0001_wm.jpg
https://www.museumschina.cn/collection/details?id=a2134f146e4cd48e79affb200cc64d288,http://www.museumschina.cn/img/waterMark/2019-01-02-14-28-22/yipu/da/41/04/25/21800001/10001236/4104252180000110001236-A-0001_wm.jpg,新石器时代裴李岗文化双系红陶壶,河南省平顶山市数字博物馆,陶器,新石器时代,二级,1985,单一/无机质/陶,http://www.museumschina.cn/img/waterMark/2019-01-02-14-28-22/yipu/da/41/04/25/21800001/10001236/4104252180000110001236-A-0001_wm.jpg|http://www.museumschina.cn/img/waterMark/2019-01-02-14-28-22/yipu/da/41/04/25/21800001/10001236/4104252180000110001236-A-0002_wm.jpg|http://www.museumschina.cn/img/waterMark/2019-01-02-14-28-22/yipu/da/41/04/25/21800001/10001236/4104252180000110001236-A-0003_wm.jpg|http://www.museumschina.cn/img/waterMark/2019-01-02-14-28-22/yipu/da/41/04/25/21800001/10001236/4104252180000110001236-A-0004_wm.jpg|http://www.museumschina.cn/img/waterMark/2019-01-02-14-28-22/yipu/da/41/04/25/21800001/10001236/4104252180000110001236-A-0005_wm.jpg|http://www.museumschina.cn/img/waterMark/2019-01-02-14-28-22/yipu/da/41/04/25/21800001/10001236/4104252180000110001236-A-0006_wm.jpg
https://www.museumschina.cn/collection/details?id=a21896e57d02f41de97ad0d83e8e79b65,http://www.museumschina.cn/img/waterMark/2019-01-02-14-28-22/yipu/da/34/13/22/21800001/10002448/3413222180000110002448-A-0001_wm.jpg,新石器时代红陶锉,萧县博物馆,陶器,新石器时代,三级,1987,单一/无机质/陶,http://www.museumschina.cn/img/waterMark/2019-01-02-14-28-22/yipu/da/34/13/22/21800001/10002448/3413222180000110002448-A-0001_wm.jpg|http://www.museumschina.cn/img/waterMark/2019-01-02-14-28-22/yipu/da/34/13/22/21800001/10002448/3413222180000110002448-A-0002_wm.jpg
https://www.museumschina.cn/collection/details?id=a2212d62d482a4e6b982efd477aacbcaf,http://www.museumschina.cn/img/waterMark/2019-01-02-14-28-22/yipu/da/22/01/12/21800001/10000522/2201122180000110000522-B-0001_wm.jpg,新石器时代亚腰石斧,长春市双阳区博物馆,陶器,新石器时代,未定级,2009,单一/无机质/陶,http://www.museumschina.cn/img/waterMark/2019-01-02-14-28-22/yipu/da/22/01/12/21800001/10000522/2201122180000110000522-B-0001_wm.jpg|http://www.museumschina.cn/img/waterMark/2019-01-02-14-28-22/yipu/da/22/01/12/21800001/10000522/2201122180000110000522-F-0001_wm.jpg
https://www.museumschina.cn/collection/details?id=a13ef9b8fd9074afcb1fceff66f660a28,http://www.museumschina.cn/img/waterMark/2019-01-02-14-28-22/yipu/da/43/12/29/21900001/10002959/4312292190000110002959-A-0001_wm.jpg,新石器时代斗篷坡文化席纹陶方钵,湖南省怀化市靖州苗族侗族自治县数字博物馆,陶器,新石器时代,二级,,单一/无机质/陶,http://www.museumschina.cn/img/waterMark/2019-01-02-14-28-22/yipu/da/43/12/29/21900001/10002959/4312292190000110002959-A-0001_wm.jpg|http://www.museumschina.cn/img/waterMark/2019-01-02-14-28-22/yipu/da/43/12/29/21900001/10002959/4312292190000110002959-A-0002_wm.jpg|http://www.museumschina.cn/img/waterMark/2019-01-02-14-28-22/yipu/da/43/12/29/21900001/10002959/4312292190000110002959-A-0003_wm.jpg|http://www.museumschina.cn/img/waterMark/2019-01-02-14-28-22/yipu/da/43/12/29/21900001/10002959/4312292190000110002959-A-0004_wm.jpg|http://www.museumschina.cn/img/waterMark/2019-01-02-14-28-22/yipu/da/43/12/29/21900001/10002959/4312292190000110002959-A-0005_wm.jpg|http://www.museumschina.cn/img/waterMark/2019-01-02-14-28-22/yipu/da/43/12/29/21900001/10002959/4312292190000110002959-A-0006_wm.jpg|http://www.museumschina.cn/img/waterMark/2019-01-02-14-28-22/yipu/da/43/12/29/21900001/10002959/4312292190000110002959-A-0007_wm.jpg
https://www.museumschina.cn/collection/details?id=a14acf7cdddda4aa2957de112a357e390,http://www.museumschina.cn/img/waterMark/2019-01-02-14-28-22/yipu/da/41/12/24/21800001/10003086/4112242180000110003086-A-0001_wm.jpg,新石器时代仰韶文化红陶釜,河南省三门峡市卢氏县数字博物馆,陶器,新石器时代,二级,,单一/无机质/陶,http://www.museumschina.cn/img/waterMark/2019-01-02-14-28-22/yipu/da/41/12/24/21800001/10003086/4112242180000110003086-A-0001_wm.jpg|http://www.museumschina.cn/img/waterMark/2019-01-02-14-28-22/yipu/da/41/12/24/21800001/10003086/4112242180000110003086-B-0001_wm.jpg|http://www.museumschina.cn/img/waterMark/2019-01-02-14-28-22/yipu/da/41/12/24/21800001/10003086/4112242180000110003086-F-0001_wm.jpg
https://www.museumschina.cn/collection/details?id=a14ca003745ce41bcbb816651e6d5d36c,http://www.museumschina.cn/img/waterMark/2019-01-02-14-28-22/yipu/da/42/11/23/21800005/10007797/4211232180000510007797-A-0001_wm.jpg,新石器时代灰陶纺轮,罗田县博物馆,陶器,新石器时代,三级,1991,单一/无机质/陶,http://www.museumschina.cn/img/waterMark/2019-01-02-14-28-22/yipu/da/42/11/23/21800005/10007797/4211232180000510007797-A-0001_wm.jpg|http://www.museumschina.cn/img/waterMark/2019-01-02-14-28-22/yipu/da/42/11/23/21800005/10007797/4211232180000510007797-A-0002_wm.jpg|http://www.museumschina.cn/img/waterMark/2019-01-02-14-28-22/yipu/da/42/11/23/21800005/10007797/4211232180000510007797-C-0001_wm.jpg|http://www.museumschina.cn/img/waterMark/2019-01-02-14-28-22/yipu/da/42/11/23/21800005/10007797/4211232180000510007797-D-0001_wm.jpg
https://www.museumschina.cn/collection/details?id=a15b221f1e4bd4fd5a78ec39b977cddca,http://www.museumschina.cn/img/waterMark/2019-01-02-14-28-22/yipu/da/64/05/22/21800001/10000420/6405222180000110000420-A-0001_wm.jpg,新石器时代马家窑文化绳纹夹砂红陶匜,宁夏回族自治区中卫市海原县数字博物馆,陶器,新石器时代,三级,1992,单一/无机质/陶,http://www.museumschina.cn/img/waterMark/2019-01-02-14-28-22/yipu/da/64/05/22/21800001/10000420/6405222180000110000420-A-0001_wm.jpg|http://www.museumschina.cn/img/waterMark/2019-01-02-14-28-22/yipu/da/64/05/22/21800001/10000420/6405222180000110000420-B-0001_wm.jpg|http://www.museumschina.cn/img/waterMark/2019-01-02-14-28-22/yipu/da/64/05/22/21800001/10000420/6405222180000110000420-C-0001_wm.jpg|http://www.museumschina.cn/img/waterMark/2019-01-02-14-28-22/yipu/da/64/05/22/21800001/10000420/6405222180000110000420-C-0002_wm.jpg|http://www.museumschina.cn/img/waterMark/2019-01-02-14-28-22/yipu/da/64/05/22/21800001/10000420/6405222180000110000420-C-0003_wm.jpg|http://www.museumschina.cn/img/waterMark/2019-01-02-14-28-22/yipu/da/64/05/22/21800001/10000420/6405222180000110000420-F-0001_wm.jpg
https://www.museumschina.cn/collection/details?id=a15e9714c7c6241ab9c8e166766fed383,http://www.museumschina.cn/img/waterMark/2019-01-02-14-28-22/yipu/da/41/15/25/21800001/10001671/4115252180000110001671-A-0001_wm.jpg,新石器时代陶网坠,固始县博物馆,陶器,新石器时代,三级,,单一/无机质/陶,http://www.museumschina.cn/img/waterMark/2019-01-02-14-28-22/yipu/da/41/15/25/21800001/10001671/4115252180000110001671-A-0001_wm.jpg|http://www.museumschina.cn/img/waterMark/2019-01-02-14-28-22/yipu/da/41/15/25/21800001/10001671/4115252180000110001671-A-0002_wm.jpg|http://www.museumschina.cn/img/waterMark/2019-01-02-14-28-22/yipu/da/41/15/25/21800001/10001671/4115252180000110001671-C-0001_wm.jpg|http://www.museumschina.cn/img/waterMark/2019-01-02-14-28-22/yipu/da/41/15/25/21800001/10001671/4115252180000110001671-C-0002_wm.jpg|http://www.museumschina.cn/img/waterMark/2019-01-02-14-28-22/yipu/da/41/15/25/21800001/10001671/4115252180000110001671-F-0001_wm.jpg
https://www.museumschina.cn/collection/details?id=a168c33c4948641c59d93d1b4d0a2b88d,http://www.museumschina.cn/img/waterMark/2019-01-02-14-28-22/yipu/da/42/06/82/21800002/10000518/4206822180000210000518-A-0001_wm.jpg,新石器时代红陶杯,-,陶器,新石器时代,三级,1995,单一/无机质/陶,http://www.museumschina.cn/img/waterMark/2019-01-02-14-28-22/yipu/da/42/06/82/21800002/10000518/4206822180000210000518-A-0001_wm.jpg|http://www.museumschina.cn/img/waterMark/2019-01-02-14-28-22/yipu/da/42/06/82/21800002/10000518/4206822180000210000518-B-0001_wm.jpg|http://www.museumschina.cn/img/waterMark/2019-01-02-14-28-22/yipu/da/42/06/82/21800002/10000518/4206822180000210000518-F-0001_wm.jpg
https://www.museumschina.cn/collection/details?id=a172cbfe6cc214f8bb82a977935409abd,http://www.museumschina.cn/img/waterMark/2019-01-02-14-28-22/yipu/da/32/09/23/21800003/00000922/3209232180000300000922-A-0001_wm.jpg,新石器时代陶网坠,阜宁县博物馆,陶器,新石器时代,未定级,1985,单一/无机质/陶,http://www.museumschina.cn/img/waterMark/2019-01-02-14-28-22/yipu/da/32/09/23/21800003/00000922/3209232180000300000922-A-0001_wm.jpg|http://www.museumschina.cn/img/waterMark/2019-01-02-14-28-22/yipu/da/32/09/23/21800003/00000922/3209232180000300000922-A-0002_wm.jpg|http://www.museumschina.cn/img/waterMark/2019-01-02-14-28-22/yipu/da/32/09/23/21800003/00000922/3209232180000300000922-A-0003_wm.jpg|http://www.museumschina.cn/img/waterMark/2019-01-02-14-28-22/yipu/da/32/09/23/21800003/00000922/3209232180000300000922-A-0004_wm.jpg|http://www.museumschina.cn/img/waterMark/2019-01-02-14-28-22/yipu/da/32/09/23/21800003/00000922/3209232180000300000922-A-0005_wm.jpg|http://www.museumschina.cn/img/waterMark/2019-01-02-14-28-22/yipu/da/32/09/23/21800003/00000922/3209232180000300000922-A-0006_wm.jpg
https://www.museumschina.cn/collection/details?id=a17438c5e174c4517b293d7f0bbffd555,http://www.museumschina.cn/img/waterMark/2019-01-02-14-28-22/yipu/da/42/09/02/21800002/10001130/4209022180000210001130-A-0001_wm.jpg,新石器时代屈家岭文化陶罐,-,陶器,新石器时代,一般,,单一/无机质/陶,http://www.museumschina.cn/img/waterMark/2019-01-02-14-28-22/yipu/da/42/09/02/21800002/10001130/4209022180000210001130-A-0001_wm.jpg|http://www.museumschina.cn/img/waterMark/2019-01-02-14-28-22/yipu/da/42/09/02/21800002/10001130/4209022180000210001130-B-0001_wm.jpg|http://www.museumschina.cn/img/waterMark/2019-01-02-14-28-22/yipu/da/42/09/02/21800002/10001130/4209022180000210001130-F-0001_wm.jpg
https://www.museumschina.cn/collection/details?id=a18243b854f50404199e23761c4e21c67,http://www.museumschina.cn/img/waterMark/2019-01-02-14-28-22/yipu/da/32/04/82/21800001/10005958/3204822180000110005958-A-0001_wm.jpg,新石器时代马家浜文化中晚期彩陶尊,金坛市博物馆,陶器,新石器时代,二级,2003,单一/无机质/陶,http://www.museumschina.cn/img/waterMark/2019-01-02-14-28-22/yipu/da/32/04/82/21800001/10005958/3204822180000110005958-A-0001_wm.jpg|http://www.museumschina.cn/img/waterMark/2019-01-02-14-28-22/yipu/da/32/04/82/21800001/10005958/3204822180000110005958-A-0002_wm.jpg|http://www.museumschina.cn/img/waterMark/2019-01-02-14-28-22/yipu/da/32/04/82/21800001/10005958/3204822180000110005958-A-0003_wm.jpg|http://www.museumschina.cn/img/waterMark/2019-01-02-14-28-22/yipu/da/32/04/82/21800001/10005958/3204822180000110005958-A-0004_wm.jpg|http://www.museumschina.cn/img/waterMark/2019-01-02-14-28-22/yipu/da/32/04/82/21800001/10005958/3204822180000110005958-A-0005_wm.jpg|http://www.museumschina.cn/img/waterMark/2019-01-02-14-28-22/yipu/da/32/04/82/21800001/10005958/3204822180000110005958-A-0006_wm.jpg|http://www.museumschina.cn/img/waterMark/2019-01-02-14-28-22/yipu/da/32/04/82/21800001/10005958/3204822180000110005958-A-0007_wm.jpg
https://www.museumschina.cn/collection/details?id=a18859c32137d4ac998ac3a5b912251aa,http://www.museumschina.cn/img/waterMark/2019-01-02-14-28-22/yipu/da/63/02/21/21800001/10000077/6302212180000110000077-A-0001_wm.jpg,新石器时代马家窑文化马厂类型锯齿纹双耳彩陶罐,青海省海东市平安县数字博物馆,陶器,新石器时代,二级,1989,单一/无机质/陶,http://www.museumschina.cn/img/waterMark/2019-01-02-14-28-22/yipu/da/63/02/21/21800001/10000077/6302212180000110000077-A-0001_wm.jpg|http://www.museumschina.cn/img/waterMark/2019-01-02-14-28-22/yipu/da/63/02/21/21800001/10000077/6302212180000110000077-A-0002_wm.jpg|http://www.museumschina.cn/img/waterMark/2019-01-02-14-28-22/yipu/da/63/02/21/21800001/10000077/6302212180000110000077-A-0003_wm.jpg|http://www.museumschina.cn/img/waterMark/2019-01-02-14-28-22/yipu/da/63/02/21/21800001/10000077/6302212180000110000077-A-0004_wm.jpg|http://www.museumschina.cn/img/waterMark/2019-01-02-14-28-22/yipu/da/63/02/21/21800001/10000077/6302212180000110000077-A-0005_wm.jpg|http://www.museumschina.cn/img/waterMark/2019-01-02-14-28-22/yipu/da/63/02/21/21800001/10000077/6302212180000110000077-A-0006_wm.jpg
https://www.museumschina.cn/collection/details?id=a18e07f755e484d94b461faff3b0fe751,http://www.museumschina.cn/img/waterMark/2019-01-02-14-28-22/yipu/da/63/02/22/21800001/10000293/6302222180000110000293-A-0001_wm.jpg,新石器时代马家窑文化马厂类型四大圆圈纹双耳彩陶壶,民和回族土族自治县博物馆,陶器,新石器时代,一级,2008,单一/无机质/陶,http://www.museumschina.cn/img/waterMark/2019-01-02-14-28-22/yipu/da/63/02/22/21800001/10000293/6302222180000110000293-A-0001_wm.jpg|http://www.museumschina.cn/img/waterMark/2019-01-02-14-28-22/yipu/da/63/02/22/21800001/10000293/6302222180000110000293-A-0002_wm.jpg|http://www.museumschina.cn/img/waterMark/2019-01-02-14-28-22/yipu/da/63/02/22/21800001/10000293/6302222180000110000293-A-0003_wm.jpg|http://www.museumschina.cn/img/waterMark/2019-01-02-14-28-22/yipu/da/63/02/22/21800001/10000293/6302222180000110000293-A-0004_wm.jpg|http://www.museumschina.cn/img/waterMark/2019-01-02-14-28-22/yipu/da/63/02/22/21800001/10000293/6302222180000110000293-A-0005_wm.jpg|http://www.museumschina.cn/img/waterMark/2019-01-02-14-28-22/yipu/da/63/02/22/21800001/10000293/6302222180000110000293-A-0006_wm.jpg
https://www.museumschina.cn/collection/details?id=a19833a6d746f41c09baf29afdb4fcefa,http://www.museumschina.cn/img/waterMark/2019-01-02-14-28-22/yipu/da/63/02/22/21800001/10000002/6302222180000110000002-A-0001_wm.jpg,新石器时代马家窑文化马厂类型菱形网纹双耳彩陶罐,民和回族土族自治县博物馆,陶器,新石器时代,一级,1985,单一/无机质/陶,http://www.museumschina.cn/img/waterMark/2019-01-02-14-28-22/yipu/da/63/02/22/21800001/10000002/6302222180000110000002-A-0001_wm.jpg|http://www.museumschina.cn/img/waterMark/2019-01-02-14-28-22/yipu/da/63/02/22/21800001/10000002/6302222180000110000002-A-0002_wm.jpg|http://www.museumschina.cn/img/waterMark/2019-01-02-14-28-22/yipu/da/63/02/22/21800001/10000002/6302222180000110000002-A-0003_wm.jpg|http://www.museumschina.cn/img/waterMark/2019-01-02-14-28-22/yipu/da/63/02/22/21800001/10000002/6302222180000110000002-A-0004_wm.jpg|http://www.museumschina.cn/img/waterMark/2019-01-02-14-28-22/yipu/da/63/02/22/21800001/10000002/6302222180000110000002-A-0005_wm.jpg|http://www.museumschina.cn/img/waterMark/2019-01-02-14-28-22/yipu/da/63/02/22/21800001/10000002/6302222180000110000002-A-0006_wm.jpg|http://www.museumschina.cn/img/waterMark/2019-01-02-14-28-22/yipu/da/63/02/22/21800001/10000002/6302222180000110000002-A-0007_wm.jpg|http://www.museumschina.cn/img/waterMark/2019-01-02-14-28-22/yipu/da/63/02/22/21800001/10000002/6302222180000110000002-A-0008_wm.jpg|http://www.museumschina.cn/img/waterMark/2019-01-02-14-28-22/yipu/da/63/02/22/21800001/10000002/6302222180000110000002-A-0009_wm.jpg|http://www.museumschina.cn/img/waterMark/2019-01-02-14-28-22/yipu/da/63/02/22/21800001/10000002/6302222180000110000002-A-0010_wm.jpg|http://www.museumschina.cn/img/waterMark/2019-01-02-14-28-22/yipu/da/63/02/22/21800001/10000002/6302222180000110000002-A-0011_wm.jpg|http://www.museumschina.cn/img/waterMark/2019-01-02-14-28-22/yipu/da/63/02/22/21800001/10000002/6302222180000110000002-A-0012_wm.jpg
https://www.museumschina.cn/collection/details?id=a1989076eb05345d18bf812f45b1fb0dd,http://www.museumschina.cn/img/waterMark/2019-01-02-14-28-22/yipu/da/32/04/82/21800001/10005983/3204822180000110005983-A-0001_wm.jpg,新石器时代陶罐,金坛市博物馆,陶器,新石器时代,三级,2003,单一/无机质/陶,http://www.museumschina.cn/img/waterMark/2019-01-02-14-28-22/yipu/da/32/04/82/21800001/10005983/3204822180000110005983-A-0001_wm.jpg
https://www.museumschina.cn/collection/details?id=a1a295a54859840b3ae76acbb665db796,http://www.museumschina.cn/img/waterMark/2019-01-02-14-28-22/yipu/da/34/16/22/21800004/10002498/3416222180000410002498-A-0001_wm.jpg,新石器时代陶长颈壶,安徽省亳州市蒙城县数字博物馆,陶器,新石器时代,二级,1985,单一/无机质/陶,http://www.museumschina.cn/img/waterMark/2019-01-02-14-28-22/yipu/da/34/16/22/21800004/10002498/3416222180000410002498-A-0001_wm.jpg|http://www.museumschina.cn/img/waterMark/2019-01-02-14-28-22/yipu/da/34/16/22/21800004/10002498/3416222180000410002498-A-0002_wm.jpg|http://www.museumschina.cn/img/waterMark/2019-01-02-14-28-22/yipu/da/34/16/22/21800004/10002498/3416222180000410002498-A-0003_wm.jpg|http://www.museumschina.cn/img/waterMark/2019-01-02-14-28-22/yipu/da/34/16/22/21800004/10002498/3416222180000410002498-A-0004_wm.jpg
https://www.museumschina.cn/collection/details?id=a1a2cebf5764e4a67b1ecf5520f86e41d,http://www.museumschina.cn/img/waterMark/2019-01-02-14-28-22/yipu/da/45/12/81/21800004/10000451/4512812180000410000451-A-0001_wm.jpg,新石器时代陶仿轮,广西壮族自治区河池市宜州市数字博物馆,陶器,新石器时代,三级,1999,单一/无机质/陶,http://www.museumschina.cn/img/waterMark/2019-01-02-14-28-22/yipu/da/45/12/81/21800004/10000451/4512812180000410000451-A-0001_wm.jpg|http://www.museumschina.cn/img/waterMark/2019-01-02-14-28-22/yipu/da/45/12/81/21800004/10000451/4512812180000410000451-A-0002_wm.jpg|http://www.museumschina.cn/img/waterMark/2019-01-02-14-28-22/yipu/da/45/12/81/21800004/10000451/4512812180000410000451-A-0003_wm.jpg|http://www.museumschina.cn/img/waterMark/2019-01-02-14-28-22/yipu/da/45/12/81/21800004/10000451/4512812180000410000451-A-0004_wm.jpg
https://www.museumschina.cn/collection/details?id=a1aebc4f63b764268b0111b9ec5b43a05,http://www.museumschina.cn/img/waterMark/2019-01-02-14-28-22/yipu/da/42/13/21/21800009/10000088/4213212180000910000088-A-0001_wm.jpg,新石器时代红陶纺轮,随县博物馆（随县考古队）,陶器,新石器时代,一般,2013,单一/无机质/陶,http://www.museumschina.cn/img/waterMark/2019-01-02-14-28-22/yipu/da/42/13/21/21800009/10000088/4213212180000910000088-A-0001_wm.jpg|http://www.museumschina.cn/img/waterMark/2019-01-02-14-28-22/yipu/da/42/13/21/21800009/10000088/4213212180000910000088-C-0001_wm.jpg
https://www.museumschina.cn/collection/details?id=a1af2b91219e64e6c8557a3987fa6e4ce,http://www.museumschina.cn/img/waterMark/2019-01-02-14-28-22/yipu/da/42/90/06/21800002/10003262/4290062180000210003262-A-0001_wm.jpg,新石器时代陶杯,-,陶器,新石器时代,三级,1988,单一/无机质/陶,http://www.museumschina.cn/img/waterMark/2019-01-02-14-28-22/yipu/da/42/90/06/21800002/10003262/4290062180000210003262-A-0001_wm.jpg|http://www.museumschina.cn/img/waterMark/2019-01-02-14-28-22/yipu/da/42/90/06/21800002/10003262/4290062180000210003262-C-0001_wm.jpg|http://www.museumschina.cn/img/waterMark/2019-01-02-14-28-22/yipu/da/42/90/06/21800002/10003262/4290062180000210003262-D-0001_wm.jpg|http://www.museumschina.cn/img/waterMark/2019-01-02-14-28-22/yipu/da/42/90/06/21800002/10003262/4290062180000210003262-F-0001_wm.jpg
https://www.museumschina.cn/collection/details?id=a0c78024626934e90a9dae476265e2f59,http://www.museumschina.cn/img/waterMark/2019-01-02-14-28-22/yipu/da/41/13/21/21800001/10000840/4113212180000110000840-A-0001_wm.jpg,新石器时代网纹单耳红陶壶,南召猿人博物馆,陶器,新石器时代,二级,1985,单一/无机质/陶,http://www.museumschina.cn/img/waterMark/2019-01-02-14-28-22/yipu/da/41/13/21/21800001/10000840/4113212180000110000840-A-0001_wm.jpg|http://www.museumschina.cn/img/waterMark/2019-01-02-14-28-22/yipu/da/41/13/21/21800001/10000840/4113212180000110000840-C-0001_wm.jpg|http://www.museumschina.cn/img/waterMark/2019-01-02-14-28-22/yipu/da/41/13/21/21800001/10000840/4113212180000110000840-E-0001_wm.jpg|http://www.museumschina.cn/img/waterMark/2019-01-02-14-28-22/yipu/da/41/13/21/21800001/10000840/4113212180000110000840-F-0001_wm.jpg
https://www.museumschina.cn/collection/details?id=a0c94127c255a4f418e0f95c40b79d352,http://www.museumschina.cn/img/waterMark/2019-01-02-14-28-22/yipu/da/43/07/21/21800001/10000069/4307212180000110000069-A-0001_wm.jpg,新石器时代刻划纹红陶盘,湖南省常德市安乡县数字博物馆,陶器,新石器时代,三级,,单一/无机质/陶,http://www.museumschina.cn/img/waterMark/2019-01-02-14-28-22/yipu/da/43/07/21/21800001/10000069/4307212180000110000069-A-0001_wm.jpg|http://www.museumschina.cn/img/waterMark/2019-01-02-14-28-22/yipu/da/43/07/21/21800001/10000069/4307212180000110000069-A-0002_wm.jpg|http://www.museumschina.cn/img/waterMark/2019-01-02-14-28-22/yipu/da/43/07/21/21800001/10000069/4307212180000110000069-A-0003_wm.jpg|http://www.museumschina.cn/img/waterMark/2019-01-02-14-28-22/yipu/da/43/07/21/21800001/10000069/4307212180000110000069-A-0004_wm.jpg|http://www.museumschina.cn/img/waterMark/2019-01-02-14-28-22/yipu/da/43/07/21/21800001/10000069/4307212180000110000069-A-0005_wm.jpg
https://www.museumschina.cn/collection/details?id=a0c99db7bb9dc49e294ae6c012d6557c4,http://www.museumschina.cn/img/waterMark/2019-01-02-14-28-22/yipu/da/42/10/22/21800002/10000247/4210222180000210000247-D-0001_wm.jpg,新石器时代灰陶环,公安县博物馆,陶器,新石器时代,三级,1986,单一/无机质/陶,http://www.museumschina.cn/img/waterMark/2019-01-02-14-28-22/yipu/da/42/10/22/21800002/10000247/4210222180000210000247-D-0001_wm.jpg
https://www.museumschina.cn/collection/details?id=a0cb921ab966a4ccdab63542eaa2f94d5,http://www.museumschina.cn/img/waterMark/2019-01-02-14-28-22/yipu/da/34/08/27/21800006/10001433/3408272180000610001433-A-0001_wm.jpg,新石器时代晚期灰陶纺轮,望江县博物馆,陶器,新石器时代,三级,1982,单一/无机质/陶,http://www.museumschina.cn/img/waterMark/2019-01-02-14-28-22/yipu/da/34/08/27/21800006/10001433/3408272180000610001433-A-0001_wm.jpg|http://www.museumschina.cn/img/waterMark/2019-01-02-14-28-22/yipu/da/34/08/27/21800006/10001433/3408272180000610001433-C-0001_wm.jpg|http://www.museumschina.cn/img/waterMark/2019-01-02-14-28-22/yipu/da/34/08/27/21800006/10001433/3408272180000610001433-F-0001_wm.jpg
https://www.museumschina.cn/collection/details?id=a0cba9d6f5974477c910676b262490f21,http://www.museumschina.cn/img/waterMark/2019-01-02-14-28-22/yipu/da/41/11/22/21800003/10000723/4111222180000310000723-A-0001_wm.jpg,新石器时代陶网坠,河南省漯河市临颍县数字博物馆,陶器,新石器时代,三级,1977,单一/无机质/陶,http://www.museumschina.cn/img/waterMark/2019-01-02-14-28-22/yipu/da/41/11/22/21800003/10000723/4111222180000310000723-A-0001_wm.jpg|http://www.museumschina.cn/img/waterMark/2019-01-02-14-28-22/yipu/da/41/11/22/21800003/10000723/4111222180000310000723-A-0002_wm.jpg|http://www.museumschina.cn/img/waterMark/2019-01-02-14-28-22/yipu/da/41/11/22/21800003/10000723/4111222180000310000723-C-0001_wm.jpg
https://www.museumschina.cn/collection/details?id=a0e378b01ae104dffa119f1103f1b7e4a,http://www.museumschina.cn/img/waterMark/2019-01-02-14-28-22/yipu/da/45/03/29/21800001/10001114/4503292180000110001114-A-0001_wm.jpg,新石器时代晓锦遗址乳突形陶纺轮,广西壮族自治区桂林市资源县数字博物馆,陶器,新石器时代,三级,,单一/无机质/陶,http://www.museumschina.cn/img/waterMark/2019-01-02-14-28-22/yipu/da/45/03/29/21800001/10001114/4503292180000110001114-A-0001_wm.jpg|http://www.museumschina.cn/img/waterMark/2019-01-02-14-28-22/yipu/da/45/03/29/21800001/10001114/4503292180000110001114-A-0002_wm.jpg|http://www.museumschina.cn/img/waterMark/2019-01-02-14-28-22/yipu/da/45/03/29/21800001/10001114/4503292180000110001114-A-0003_wm.jpg
https://www.museumschina.cn/collection/details?id=a0f1fe4e8dc2e4e67bf511f97967e1ac8,http://www.museumschina.cn/img/waterMark/2019-01-02-14-28-22/yipu/da/41/13/25/21800001/10000919/4113252180000110000919-A-0001_wm.jpg,新石器几何纹彩陶钵,内乡县衙博物馆,陶器,新石器时代,二级,1988,单一/无机质/陶,http://www.museumschina.cn/img/waterMark/2019-01-02-14-28-22/yipu/da/41/13/25/21800001/10000919/4113252180000110000919-A-0001_wm.jpg|http://www.museumschina.cn/img/waterMark/2019-01-02-14-28-22/yipu/da/41/13/25/21800001/10000919/4113252180000110000919-A-0002_wm.jpg
https://www.museumschina.cn/collection/details?id=a10536ec53aa3468eb3bd53ce604e21f9,http://www.museumschina.cn/img/waterMark/2019-01-02-14-28-22/yipu/da/63/25/23/21800023/10000041/6325232180002310000041-A-0001_wm.jpg,新石器时代马家窑文化马厂类型波折纹双耳彩陶罐,贵德县博物馆,陶器,新石器时代,未定级,,单一/无机质/陶,http://www.museumschina.cn/img/waterMark/2019-01-02-14-28-22/yipu/da/63/25/23/21800023/10000041/6325232180002310000041-A-0001_wm.jpg|http://www.museumschina.cn/img/waterMark/2019-01-02-14-28-22/yipu/da/63/25/23/21800023/10000041/6325232180002310000041-A-0002_wm.jpg|http://www.museumschina.cn/img/waterMark/2019-01-02-14-28-22/yipu/da/63/25/23/21800023/10000041/6325232180002310000041-A-0003_wm.jpg|http://www.museumschina.cn/img/waterMark/2019-01-02-14-28-22/yipu/da/63/25/23/21800023/10000041/6325232180002310000041-A-0004_wm.jpg
https://www.museumschina.cn/collection/details?id=a1108d085caeb41c78979896baa55adae,http://www.museumschina.cn/img/waterMark/2019-01-02-14-28-22/yipu/da/64/04/23/21800001/10000026/6404232180000110000026-A-0001_wm.jpg,新石器时代红陶钵,宁夏回族自治区固原市隆德县数字博物馆,陶器,新石器时代,二级,1986,单一/无机质/陶,http://www.museumschina.cn/img/waterMark/2019-01-02-14-28-22/yipu/da/64/04/23/21800001/10000026/6404232180000110000026-A-0001_wm.jpg|http://www.museumschina.cn/img/waterMark/2019-01-02-14-28-22/yipu/da/64/04/23/21800001/10000026/6404232180000110000026-B-0001_wm.jpg|http://www.museumschina.cn/img/waterMark/2019-01-02-14-28-22/yipu/da/64/04/23/21800001/10000026/6404232180000110000026-C-0001_wm.jpg|http://www.museumschina.cn/img/waterMark/2019-01-02-14-28-22/yipu/da/64/04/23/21800001/10000026/6404232180000110000026-D-0001_wm.jpg|http://www.museumschina.cn/img/waterMark/2019-01-02-14-28-22/yipu/da/64/04/23/21800001/10000026/6404232180000110000026-E-0001_wm.jpg|http://www.museumschina.cn/img/waterMark/2019-01-02-14-28-22/yipu/da/64/04/23/21800001/10000026/6404232180000110000026-F-0001_wm.jpg
https://www.museumschina.cn/collection/details?id=a12DE76EBD33643C1B7EB9FD5C01B278B,http://www.museumschina.cn/img/waterMark/2019-01-02-14-28-22/yipu/da/22/24/24/21800001/00000631/2224242180000100000631-A-0001_wm.jpg,新石器时代纹饰陶罐,汪清县博物馆,陶器,新石器时代,三级,1999,单一/无机质/陶,http://www.museumschina.cn/img/waterMark/2019-01-02-14-28-22/yipu/da/22/24/24/21800001/00000631/2224242180000100000631-A-0001_wm.jpg|http://www.museumschina.cn/img/waterMark/2019-01-02-14-28-22/yipu/da/22/24/24/21800001/00000631/2224242180000100000631-A-0002_wm.jpg|http://www.museumschina.cn/img/waterMark/2019-01-02-14-28-22/yipu/da/22/24/24/21800001/00000631/2224242180000100000631-A-0003_wm.jpg|http://www.museumschina.cn/img/waterMark/2019-01-02-14-28-22/yipu/da/22/24/24/21800001/00000631/2224242180000100000631-A-0004_wm.jpg|http://www.museumschina.cn/img/waterMark/2019-01-02-14-28-22/yipu/da/22/24/24/21800001/00000631/2224242180000100000631-A-0005_wm.jpg
https://www.museumschina.cn/collection/details?id=a1330c1b20bb245e7b6abd7d8ae56703b,http://www.museumschina.cn/img/waterMark/2019-01-02-14-28-22/yipu/da/42/13/21/21800009/10000091/4213212180000910000091-A-0001_wm.jpg,新石器时代黑陶纺轮,随县博物馆（随县考古队）,陶器,新石器时代,一般,2013,单一/无机质/陶,http://www.museumschina.cn/img/waterMark/2019-01-02-14-28-22/yipu/da/42/13/21/21800009/10000091/4213212180000910000091-A-0001_wm.jpg|http://www.museumschina.cn/img/waterMark/2019-01-02-14-28-22/yipu/da/42/13/21/21800009/10000091/4213212180000910000091-C-0001_wm.jpg
https://www.museumschina.cn/collection/details?id=a134919a491184bf79a96cbd23ba5db15,http://www.museumschina.cn/img/waterMark/2019-01-02-14-28-22/yipu/da/42/00/00/21800001/10011799/4200002180000110011799-A-0001_wm.jpg,新石器时代屈家岭文化黑陶鼎,-,陶器,新石器时代,一级,,单一/无机质/陶,http://www.museumschina.cn/img/waterMark/2019-01-02-14-28-22/yipu/da/42/00/00/21800001/10011799/4200002180000110011799-A-0001_wm.jpg|http://www.museumschina.cn/img/waterMark/2019-01-02-14-28-22/yipu/da/42/00/00/21800001/10011799/4200002180000110011799-B-0001_wm.jpg|http://www.museumschina.cn/img/waterMark/2019-01-02-14-28-22/yipu/da/42/00/00/21800001/10011799/4200002180000110011799-F-0001_wm.jpg
https://www.museumschina.cn/collection/details?id=a1359c609fccc4a82a782ab0f57cf107b,http://www.museumschina.cn/img/waterMark/2019-01-02-14-28-22/yipu/da/41/01/84/21800002/10008781/4101842180000210008781-A-0001_wm.jpg,新石器时代仰韶文化红陶瓮,新郑市博物馆,陶器,新石器时代,三级,1978,单一/无机质/陶,http://www.museumschina.cn/img/waterMark/2019-01-02-14-28-22/yipu/da/41/01/84/21800002/10008781/4101842180000210008781-A-0001_wm.jpg|http://www.museumschina.cn/img/waterMark/2019-01-02-14-28-22/yipu/da/41/01/84/21800002/10008781/4101842180000210008781-A-0002_wm.jpg|http://www.museumschina.cn/img/waterMark/2019-01-02-14-28-22/yipu/da/41/01/84/21800002/10008781/4101842180000210008781-A-0003_wm.jpg|http://www.museumschina.cn/img/waterMark/2019-01-02-14-28-22/yipu/da/41/01/84/21800002/10008781/4101842180000210008781-A-0004_wm.jpg|http://www.museumschina.cn/img/waterMark/2019-01-02-14-28-22/yipu/da/41/01/84/21800002/10008781/4101842180000210008781-A-0005_wm.jpg|http://www.museumschina.cn/img/waterMark/2019-01-02-14-28-22/yipu/da/41/01/84/21800002/10008781/4101842180000210008781-A-0006_wm.jpg
https://www.museumschina.cn/collection/details?id=a06aa985235c94d12b44e28d50ab3d93d,http://www.museumschina.cn/img/waterMark/2019-01-02-14-28-22/yipu/da/64/03/81/21800001/10000022/6403812180000110000022-A-0001_wm.jpg,新石器时代戳印纹红陶罐,宁夏回族自治区吴忠市青铜峡市数字博物馆,陶器,新石器时代,一般,2013,单一/无机质/陶,http://www.museumschina.cn/img/waterMark/2019-01-02-14-28-22/yipu/da/64/03/81/21800001/10000022/6403812180000110000022-A-0001_wm.jpg|http://www.museumschina.cn/img/waterMark/2019-01-02-14-28-22/yipu/da/64/03/81/21800001/10000022/6403812180000110000022-B-0001_wm.jpg|http://www.museumschina.cn/img/waterMark/2019-01-02-14-28-22/yipu/da/64/03/81/21800001/10000022/6403812180000110000022-E-0001_wm.jpg
https://www.museumschina.cn/collection/details?id=a06aae263d9624dc781b3bd00e2ef410d,http://www.museumschina.cn/img/waterMark/2019-01-02-14-28-22/yipu/da/42/11/27/21800011/10001893/4211272180001110001893-A-0001_wm.jpg,新石器时代黄鳝嘴文化陶纺轮,黄梅县博物馆,陶器,新石器时代,未定级,2013,单一/无机质/陶,http://www.museumschina.cn/img/waterMark/2019-01-02-14-28-22/yipu/da/42/11/27/21800011/10001893/4211272180001110001893-A-0001_wm.jpg|http://www.museumschina.cn/img/waterMark/2019-01-02-14-28-22/yipu/da/42/11/27/21800011/10001893/4211272180001110001893-C-0001_wm.jpg|http://www.museumschina.cn/img/waterMark/2019-01-02-14-28-22/yipu/da/42/11/27/21800011/10001893/4211272180001110001893-F-0001_wm.jpg
https://www.museumschina.cn/collection/details?id=a06e40aff847447f5aaffdf22a27c613e,http://www.museumschina.cn/img/waterMark/2019-01-02-14-28-22/yipu/da/41/16/23/21800001/10000279/4116232180000110000279-A-0001_wm.jpg,新石器时代灰陶纺轮,河南省周口市商水县数字博物馆,陶器,新石器时代,三级,1988,单一/无机质/陶,http://www.museumschina.cn/img/waterMark/2019-01-02-14-28-22/yipu/da/41/16/23/21800001/10000279/4116232180000110000279-A-0001_wm.jpg|http://www.museumschina.cn/img/waterMark/2019-01-02-14-28-22/yipu/da/41/16/23/21800001/10000279/4116232180000110000279-A-0002_wm.jpg
https://www.museumschina.cn/collection/details?id=a07ce0cdd9d054799815f9d2096d50e32,http://www.museumschina.cn/img/waterMark/2019-01-02-14-28-22/yipu/da/22/08/22/21800001/10000926/2208222180000110000926-A-0001_wm.jpg,新石器时代红陶碗,通榆县博物馆,陶器,新石器时代,三级,2006,单一/无机质/陶,http://www.museumschina.cn/img/waterMark/2019-01-02-14-28-22/yipu/da/22/08/22/21800001/10000926/2208222180000110000926-A-0001_wm.jpg|http://www.museumschina.cn/img/waterMark/2019-01-02-14-28-22/yipu/da/22/08/22/21800001/10000926/2208222180000110000926-A-0002_wm.jpg|http://www.museumschina.cn/img/waterMark/2019-01-02-14-28-22/yipu/da/22/08/22/21800001/10000926/2208222180000110000926-A-0003_wm.jpg
https://www.museumschina.cn/collection/details?id=a09F18B31E90D4BBE836027DBCE84392F,http://www.museumschina.cn/img/waterMark/2019-01-02-14-28-22/yipu/da/37/02/14/21800002/00000004/3702142180000200000004-A-0001_wm.jpg,新石器时代马家窑文化双耳彩陶罐,山东省青岛市城阳区数字博物馆,陶器,新石器时代,二级,,单一/无机质/陶,http://www.museumschina.cn/img/waterMark/2019-01-02-14-28-22/yipu/da/37/02/14/21800002/00000004/3702142180000200000004-A-0001_wm.jpg|http://www.museumschina.cn/img/waterMark/2019-01-02-14-28-22/yipu/da/37/02/14/21800002/00000004/3702142180000200000004-B-0001_wm.jpg|http://www.museumschina.cn/img/waterMark/2019-01-02-14-28-22/yipu/da/37/02/14/21800002/00000004/3702142180000200000004-C-0001_wm.jpg
https://www.museumschina.cn/collection/details?id=a09f37c72bab44515aebc5f0a4cd3a03e,http://www.museumschina.cn/img/waterMark/2019-01-02-14-28-22/yipu/da/34/08/27/21800006/10000315/3408272180000610000315-A-0001_wm.jpg,新石器时代灰陶纺轮,望江县博物馆,陶器,新石器时代,三级,2001,单一/无机质/陶,http://www.museumschina.cn/img/waterMark/2019-01-02-14-28-22/yipu/da/34/08/27/21800006/10000315/3408272180000610000315-A-0001_wm.jpg|http://www.museumschina.cn/img/waterMark/2019-01-02-14-28-22/yipu/da/34/08/27/21800006/10000315/3408272180000610000315-C-0001_wm.jpg|http://www.museumschina.cn/img/waterMark/2019-01-02-14-28-22/yipu/da/34/08/27/21800006/10000315/3408272180000610000315-F-0001_wm.jpg
https://www.museumschina.cn/collection/details?id=a0A57E1730AD94EBDBDE0E7C883703FA8,http://www.museumschina.cn/img/waterMark/2019-01-02-14-28-22/yipu/da/37/15/23/21800002/00000720/3715232180000200000720-A-0001_wm.jpg,新石器时代大汶口文化陶杯,山东省聊城市茌平县数字博物馆,陶器,新石器时代,三级,1976,单一/无机质/陶,http://www.museumschina.cn/img/waterMark/2019-01-02-14-28-22/yipu/da/37/15/23/21800002/00000720/3715232180000200000720-A-0001_wm.jpg|http://www.museumschina.cn/img/waterMark/2019-01-02-14-28-22/yipu/da/37/15/23/21800002/00000720/3715232180000200000720-B-0001_wm.jpg|http://www.museumschina.cn/img/waterMark/2019-01-02-14-28-22/yipu/da/37/15/23/21800002/00000720/3715232180000200000720-C-0001_wm.jpg|http://www.museumschina.cn/img/waterMark/2019-01-02-14-28-22/yipu/da/37/15/23/21800002/00000720/3715232180000200000720-E-0001_wm.jpg|http://www.museumschina.cn/img/waterMark/2019-01-02-14-28-22/yipu/da/37/15/23/21800002/00000720/3715232180000200000720-F-0001_wm.jpg
https://www.museumschina.cn/collection/details?id=a0a5c989c28a445d8b71b7d47c1aee995,http://www.museumschina.cn/img/waterMark/2019-01-02-14-28-22/yipu/da/63/02/21/21800001/10000088/6302212180000110000088-A-0001_wm.jpg,新石器时代马家窑文化马厂类型蛙纹双耳彩陶壶,青海省海东市平安县数字博物馆,陶器,新石器时代,二级,1989,单一/无机质/陶,http://www.museumschina.cn/img/waterMark/2019-01-02-14-28-22/yipu/da/63/02/21/21800001/10000088/6302212180000110000088-A-0001_wm.jpg|http://www.museumschina.cn/img/waterMark/2019-01-02-14-28-22/yipu/da/63/02/21/21800001/10000088/6302212180000110000088-A-0002_wm.jpg|http://www.museumschina.cn/img/waterMark/2019-01-02-14-28-22/yipu/da/63/02/21/21800001/10000088/6302212180000110000088-A-0003_wm.jpg|http://www.museumschina.cn/img/waterMark/2019-01-02-14-28-22/yipu/da/63/02/21/21800001/10000088/6302212180000110000088-A-0004_wm.jpg|http://www.museumschina.cn/img/waterMark/2019-01-02-14-28-22/yipu/da/63/02/21/21800001/10000088/6302212180000110000088-A-0005_wm.jpg|http://www.museumschina.cn/img/waterMark/2019-01-02-14-28-22/yipu/da/63/02/21/21800001/10000088/6302212180000110000088-A-0006_wm.jpg|http://www.museumschina.cn/img/waterMark/2019-01-02-14-28-22/yipu/da/63/02/21/21800001/10000088/6302212180000110000088-A-0007_wm.jpg
https://www.museumschina.cn/collection/details?id=a0a7821f69c6945b4b0b646bb024733b2,http://www.museumschina.cn/img/waterMark/2019-01-02-14-28-22/yipu/da/63/25/23/21800023/10000205/6325232180002310000205-A-0001_wm.jpg,青铜时代卡约文化双耳夹砂陶罐,贵德县博物馆,陶器,新石器时代,未定级,,单一/无机质/陶,http://www.museumschina.cn/img/waterMark/2019-01-02-14-28-22/yipu/da/63/25/23/21800023/10000205/6325232180002310000205-A-0001_wm.jpg|http://www.museumschina.cn/img/waterMark/2019-01-02-14-28-22/yipu/da/63/25/23/21800023/10000205/6325232180002310000205-A-0002_wm.jpg|http://www.museumschina.cn/img/waterMark/2019-01-02-14-28-22/yipu/da/63/25/23/21800023/10000205/6325232180002310000205-A-0003_wm.jpg
https://www.museumschina.cn/collection/details?id=a0A83D08F928B4E399BAEA5023DAF6276,http://www.museumschina.cn/img/waterMark/2019-01-02-14-28-22/yipu/da/42/10/03/21800005/20096445/4210032180000520096445-A-0001_wm.jpg,新石器时代水波纹红陶壶,-,陶器,新石器时代,一级,,复合或组合/有机无机复合或组合/其他植物质,http://www.museumschina.cn/img/waterMark/2019-01-02-14-28-22/yipu/da/42/10/03/21800005/20096445/4210032180000520096445-A-0001_wm.jpg|http://www.museumschina.cn/img/waterMark/2019-01-02-14-28-22/yipu/da/42/10/03/21800005/20096445/4210032180000520096445-B-0001_wm.jpg|http://www.museumschina.cn/img/waterMark/2019-01-02-14-28-22/yipu/da/42/10/03/21800005/20096445/4210032180000520096445-C-0001_wm.jpg|http://www.museumschina.cn/img/waterMark/2019-01-02-14-28-22/yipu/da/42/10/03/21800005/20096445/4210032180000520096445-C-0002_wm.jpg|http://www.museumschina.cn/img/waterMark/2019-01-02-14-28-22/yipu/da/42/10/03/21800005/20096445/4210032180000520096445-F-0001_wm.jpg
https://www.museumschina.cn/collection/details?id=a0b3567a0ae354854b8ded1f5956976d6,http://www.museumschina.cn/img/waterMark/2019-01-02-14-28-22/yipu/da/32/09/81/21800001/00000120/3209812180000100000120-A-0001_wm.jpg,新石器时代灰陶豆,东台市博物馆,陶器,新石器时代,一般,1991,单一/无机质/陶,http://www.museumschina.cn/img/waterMark/2019-01-02-14-28-22/yipu/da/32/09/81/21800001/00000120/3209812180000100000120-A-0001_wm.jpg
https://www.museumschina.cn/collection/details?id=a0c0b1e2d80b640629770c74240b5c08f,http://www.museumschina.cn/img/waterMark/2019-01-02-14-28-22/yipu/da/42/11/82/21800003/10005616/4211822180000310005616-A-0001_wm.jpg,新石器时代陶钵,武穴市博物馆,陶器,新石器时代,三级,2006,单一/无机质/陶,http://www.museumschina.cn/img/waterMark/2019-01-02-14-28-22/yipu/da/42/11/82/21800003/10005616/4211822180000310005616-A-0001_wm.jpg|http://www.museumschina.cn/img/waterMark/2019-01-02-14-28-22/yipu/da/42/11/82/21800003/10005616/4211822180000310005616-B-0001_wm.jpg|http://www.museumschina.cn/img/waterMark/2019-01-02-14-28-22/yipu/da/42/11/82/21800003/10005616/4211822180000310005616-F-0001_wm.jpg
https://www.museumschina.cn/collection/details?id=a0c24fac36d364f8fb6556ebfde909039,http://www.museumschina.cn/img/waterMark/2019-01-02-14-28-22/yipu/da/45/13/02/21800002/10000613/4513022180000210000613-A-0001_wm.jpg,新石器时代陶片,广西壮族自治区来宾市兴宾区数字博物馆,陶器,新石器时代,一般,1981,单一/无机质/陶,http://www.museumschina.cn/img/waterMark/2019-01-02-14-28-22/yipu/da/45/13/02/21800002/10000613/4513022180000210000613-A-0001_wm.jpg|http://www.museumschina.cn/img/waterMark/2019-01-02-14-28-22/yipu/da/45/13/02/21800002/10000613/4513022180000210000613-A-0002_wm.jpg|http://www.museumschina.cn/img/waterMark/2019-01-02-14-28-22/yipu/da/45/13/02/21800002/10000613/4513022180000210000613-A-0003_wm.jpg|http://www.museumschina.cn/img/waterMark/2019-01-02-14-28-22/yipu/da/45/13/02/21800002/10000613/4513022180000210000613-A-0004_wm.jpg
https://www.museumschina.cn/collection/details?id=a007614a42b2645c392efcc2ac5ecbc31,http://www.museumschina.cn/img/waterMark/2019-01-02-14-28-22/yipu/da/41/01/83/21800001/10000318/4101832180000110000318-A-0001_wm.jpg,新石器时代红陶片,新密市博物馆,陶器,新石器时代,一般,1992,单一/无机质/陶,http://www.museumschina.cn/img/waterMark/2019-01-02-14-28-22/yipu/da/41/01/83/21800001/10000318/4101832180000110000318-A-0001_wm.jpg|http://www.museumschina.cn/img/waterMark/2019-01-02-14-28-22/yipu/da/41/01/83/21800001/10000318/4101832180000110000318-A-0002_wm.jpg
https://www.museumschina.cn/collection/details?id=a01093d489cfe4bf88fd1b7d607fa8b13,http://www.museumschina.cn/img/waterMark/2019-01-02-14-28-22/yipu/da/43/07/23/21800001/10002915/4307232180000110002915-A-0001_wm.jpg,新石器时代屈家岭文化镂孔黑陶壶,常德市澧县博物馆,陶器,新石器时代,二级,2005,单一/无机质/陶,http://www.museumschina.cn/img/waterMark/2019-01-02-14-28-22/yipu/da/43/07/23/21800001/10002915/4307232180000110002915-A-0001_wm.jpg|http://www.museumschina.cn/img/waterMark/2019-01-02-14-28-22/yipu/da/43/07/23/21800001/10002915/4307232180000110002915-A-0002_wm.jpg|http://www.museumschina.cn/img/waterMark/2019-01-02-14-28-22/yipu/da/43/07/23/21800001/10002915/4307232180000110002915-A-0003_wm.jpg|http://www.museumschina.cn/img/waterMark/2019-01-02-14-28-22/yipu/da/43/07/23/21800001/10002915/4307232180000110002915-A-0004_wm.jpg|http://www.museumschina.cn/img/waterMark/2019-01-02-14-28-22/yipu/da/43/07/23/21800001/10002915/4307232180000110002915-A-0005_wm.jpg|http://www.museumschina.cn/img/waterMark/2019-01-02-14-28-22/yipu/da/43/07/23/21800001/10002915/4307232180000110002915-A-0006_wm.jpg|http://www.museumschina.cn/img/waterMark/2019-01-02-14-28-22/yipu/da/43/07/23/21800001/10002915/4307232180000110002915-A-0007_wm.jpg
https://www.museumschina.cn/collection/details?id=a0195BADDA07D42DFADA2AD64DAD4313B,http://www.museumschina.cn/img/waterMark/2019-01-02-14-28-22/yipu/da/37/02/14/21800002/00000040/3702142180000200000040-A-0001_wm.jpg,新石器时代龙山文化单耳黑陶杯,山东省青岛市城阳区数字博物馆,陶器,新石器时代,三级,1979,单一/无机质/陶,http://www.museumschina.cn/img/waterMark/2019-01-02-14-28-22/yipu/da/37/02/14/21800002/00000040/3702142180000200000040-A-0001_wm.jpg|http://www.museumschina.cn/img/waterMark/2019-01-02-14-28-22/yipu/da/37/02/14/21800002/00000040/3702142180000200000040-B-0001_wm.jpg|http://www.museumschina.cn/img/waterMark/2019-01-02-14-28-22/yipu/da/37/02/14/21800002/00000040/3702142180000200000040-C-0001_wm.jpg
https://www.museumschina.cn/collection/details?id=a01bed861afee4295bee7e287283d165b,http://www.museumschina.cn/img/waterMark/2019-01-02-14-28-22/yipu/da/22/06/23/21800001/10000340/2206232180000110000340-A-0001_wm.jpg,新石器时代陶网坠,吉林省白山市长白朝鲜族自治县数字博物馆,陶器,新石器时代,一般,1997,单一/无机质/陶,http://www.museumschina.cn/img/waterMark/2019-01-02-14-28-22/yipu/da/22/06/23/21800001/10000340/2206232180000110000340-A-0001_wm.jpg|http://www.museumschina.cn/img/waterMark/2019-01-02-14-28-22/yipu/da/22/06/23/21800001/10000340/2206232180000110000340-A-0002_wm.jpg
https://www.museumschina.cn/collection/details?id=a039e35a4a4604745abdd3ed3c58b54d4,http://www.museumschina.cn/img/waterMark/2019-01-02-14-28-22/yipu/da/42/01/16/21800036/10000884/4201162180003610000884-A-0001_wm.jpg,新石器时代陶纺轮,-,陶器,新石器时代,三级,2000,单一/无机质/陶,http://www.museumschina.cn/img/waterMark/2019-01-02-14-28-22/yipu/da/42/01/16/21800036/10000884/4201162180003610000884-A-0001_wm.jpg|http://www.museumschina.cn/img/waterMark/2019-01-02-14-28-22/yipu/da/42/01/16/21800036/10000884/4201162180003610000884-C-0001_wm.jpg|http://www.museumschina.cn/img/waterMark/2019-01-02-14-28-22/yipu/da/42/01/16/21800036/10000884/4201162180003610000884-C-0002_wm.jpg|http://www.museumschina.cn/img/waterMark/2019-01-02-14-28-22/yipu/da/42/01/16/21800036/10000884/4201162180003610000884-D-0001_wm.jpg|http://www.museumschina.cn/img/waterMark/2019-01-02-14-28-22/yipu/da/42/01/16/21800036/10000884/4201162180003610000884-F-0001_wm.jpg
https://www.museumschina.cn/collection/details?id=a03c27b406d304f98a3e0b8e2b58e4e8d,http://www.museumschina.cn/img/waterMark/2019-01-02-14-28-22/yipu/da/41/10/24/21800002/10001016/4110242180000210001016-A-0001_wm.jpg,新石器时代仰韶文化网纹彩陶背壶,河南省许昌市鄢陵县数字博物馆,陶器,新石器时代,二级,1998,单一/无机质/陶,http://www.museumschina.cn/img/waterMark/2019-01-02-14-28-22/yipu/da/41/10/24/21800002/10001016/4110242180000210001016-A-0001_wm.jpg|http://www.museumschina.cn/img/waterMark/2019-01-02-14-28-22/yipu/da/41/10/24/21800002/10001016/4110242180000210001016-A-0002_wm.jpg|http://www.museumschina.cn/img/waterMark/2019-01-02-14-28-22/yipu/da/41/10/24/21800002/10001016/4110242180000210001016-B-0001_wm.jpg|http://www.museumschina.cn/img/waterMark/2019-01-02-14-28-22/yipu/da/41/10/24/21800002/10001016/4110242180000210001016-C-0001_wm.jpg|http://www.museumschina.cn/img/waterMark/2019-01-02-14-28-22/yipu/da/41/10/24/21800002/10001016/4110242180000210001016-C-0002_wm.jpg|http://www.museumschina.cn/img/waterMark/2019-01-02-14-28-22/yipu/da/41/10/24/21800002/10001016/4110242180000210001016-F-0001_wm.jpg
https://www.museumschina.cn/collection/details?id=a0496350b0df9401d8ead927fda2ac7ab,http://www.museumschina.cn/img/waterMark/2019-01-02-14-28-22/yipu/da/42/06/82/21800002/10002937/4206822180000210002937-A-0001_wm.jpg,新石器时代红陶纺轮,-,陶器,新石器时代,三级,2000,单一/无机质/陶,http://www.museumschina.cn/img/waterMark/2019-01-02-14-28-22/yipu/da/42/06/82/21800002/10002937/4206822180000210002937-A-0001_wm.jpg|http://www.museumschina.cn/img/waterMark/2019-01-02-14-28-22/yipu/da/42/06/82/21800002/10002937/4206822180000210002937-C-0001_wm.jpg|http://www.museumschina.cn/img/waterMark/2019-01-02-14-28-22/yipu/da/42/06/82/21800002/10002937/4206822180000210002937-E-0001_wm.jpg|http://www.museumschina.cn/img/waterMark/2019-01-02-14-28-22/yipu/da/42/06/82/21800002/10002937/4206822180000210002937-F-0001_wm.jpg
https://www.museumschina.cn/collection/details?id=a05054f0fb1b44f1da1fa24dec9a2307f,http://www.museumschina.cn/img/waterMark/2019-01-02-14-28-22/yipu/da/63/02/21/21800001/10000002/6302212180000110000002-A-0001_wm.jpg,新石器时代马家窑文化马厂类型方格纹双耳彩陶罐,青海省海东市平安县数字博物馆,陶器,新石器时代,二级,1989,单一/无机质/陶,http://www.museumschina.cn/img/waterMark/2019-01-02-14-28-22/yipu/da/63/02/21/21800001/10000002/6302212180000110000002-A-0001_wm.jpg|http://www.museumschina.cn/img/waterMark/2019-01-02-14-28-22/yipu/da/63/02/21/21800001/10000002/6302212180000110000002-A-0002_wm.jpg|http://www.museumschina.cn/img/waterMark/2019-01-02-14-28-22/yipu/da/63/02/21/21800001/10000002/6302212180000110000002-A-0003_wm.jpg|http://www.museumschina.cn/img/waterMark/2019-01-02-14-28-22/yipu/da/63/02/21/21800001/10000002/6302212180000110000002-A-0004_wm.jpg|http://www.museumschina.cn/img/waterMark/2019-01-02-14-28-22/yipu/da/63/02/21/21800001/10000002/6302212180000110000002-A-0005_wm.jpg|http://www.museumschina.cn/img/waterMark/2019-01-02-14-28-22/yipu/da/63/02/21/21800001/10000002/6302212180000110000002-A-0006_wm.jpg|http://www.museumschina.cn/img/waterMark/2019-01-02-14-28-22/yipu/da/63/02/21/21800001/10000002/6302212180000110000002-A-0007_wm.jpg|http://www.museumschina.cn/img/waterMark/2019-01-02-14-28-22/yipu/da/63/02/21/21800001/10000002/6302212180000110000002-A-0008_wm.jpg|http://www.museumschina.cn/img/waterMark/2019-01-02-14-28-22/yipu/da/63/02/21/21800001/10000002/6302212180000110000002-A-0009_wm.jpg|http://www.museumschina.cn/img/waterMark/2019-01-02-14-28-22/yipu/da/63/02/21/21800001/10000002/6302212180000110000002-A-0010_wm.jpg
https://www.museumschina.cn/collection/details?id=a055a74af57834d72aa7be8e3334d48c9,http://www.museumschina.cn/img/waterMark/2019-01-02-14-28-22/yipu/da/43/03/81/21800002/10000224/4303812180000210000224-A-0001_wm.jpg,新石器时代灰陶高足豆,湘乡市博物馆,陶器,新石器时代,三级,1983,单一/无机质/陶,http://www.museumschina.cn/img/waterMark/2019-01-02-14-28-22/yipu/da/43/03/81/21800002/10000224/4303812180000210000224-A-0001_wm.jpg|http://www.museumschina.cn/img/waterMark/2019-01-02-14-28-22/yipu/da/43/03/81/21800002/10000224/4303812180000210000224-A-0002_wm.jpg|http://www.museumschina.cn/img/waterMark/2019-01-02-14-28-22/yipu/da/43/03/81/21800002/10000224/4303812180000210000224-A-0003_wm.jpg|http://www.museumschina.cn/img/waterMark/2019-01-02-14-28-22/yipu/da/43/03/81/21800002/10000224/4303812180000210000224-A-0004_wm.jpg|http://www.museumschina.cn/img/waterMark/2019-01-02-14-28-22/yipu/da/43/03/81/21800002/10000224/4303812180000210000224-A-0005_wm.jpg|http://www.museumschina.cn/img/waterMark/2019-01-02-14-28-22/yipu/da/43/03/81/21800002/10000224/4303812180000210000224-A-0006_wm.jpg
https://www.museumschina.cn/collection/details?id=a05a12463b3c844d6bf33446d68a1f748,http://www.museumschina.cn/img/waterMark/2019-01-02-14-28-22/yipu/da/45/13/02/21800002/10000126/4513022180000210000126-A-0001_wm.jpg,新石器时代夹砂红陶片,广西壮族自治区来宾市兴宾区数字博物馆,陶器,新石器时代,一般,1981,单一/无机质/陶,http://www.museumschina.cn/img/waterMark/2019-01-02-14-28-22/yipu/da/45/13/02/21800002/10000126/4513022180000210000126-A-0001_wm.jpg|http://www.museumschina.cn/img/waterMark/2019-01-02-14-28-22/yipu/da/45/13/02/21800002/10000126/4513022180000210000126-A-0002_wm.jpg
https://www.museumschina.cn/collection/details?id=a50e1163efa4410a9c7f695908e991b0,http://www.museumschina.cn/img/waterMark/2019-01-02-14-28-22/yipu/da/41/16/26/21800001/10004527/4116262180000110004527-A-0001_wm.jpg,新石器时代灰陶纺轮,淮阳县博物馆,陶器,新石器时代,三级,1985,单一/无机质/陶,http://www.museumschina.cn/img/waterMark/2019-01-02-14-28-22/yipu/da/41/16/26/21800001/10004527/4116262180000110004527-A-0001_wm.jpg|http://www.museumschina.cn/img/waterMark/2019-01-02-14-28-22/yipu/da/41/16/26/21800001/10004527/4116262180000110004527-A-0002_wm.jpg
https://www.museumschina.cn/collection/details?id=FE73F0711A0F4AC888861D8CF0198B5C,http://www.museumschina.cn/img/waterMark/2019-01-02-14-28-22/yipu/da/23/12/81/21800002/00000079/2312812180000200000079-A-0001_wm.jpg,新石器时代篦点纹陶片,黑龙江省绥化市安达市数字博物馆,陶器,新石器时代,一般,2002,单一/无机质/陶,http://www.museumschina.cn/img/waterMark/2019-01-02-14-28-22/yipu/da/23/12/81/21800002/00000079/2312812180000200000079-A-0001_wm.jpg
https://www.museumschina.cn/collection/details?id=fd438b905cb7443bb24673232951391f,http://www.museumschina.cn/img/waterMark/2019-01-02-14-28-22/yipu/da/62/04/23/21800005/00000761/6204232180000500000761-A-0001_wm.jpg,新石器时代·单耳附加堆纹夹砂陶罐,景泰县博物馆,陶器,新石器时代,三级,1975,单一/无机质/陶,http://www.museumschina.cn/img/waterMark/2019-01-02-14-28-22/yipu/da/62/04/23/21800005/00000761/6204232180000500000761-A-0001_wm.jpg|http://www.museumschina.cn/img/waterMark/2019-01-02-14-28-22/yipu/da/62/04/23/21800005/00000761/6204232180000500000761-A-0003_wm.jpg|http://www.museumschina.cn/img/waterMark/2019-01-02-14-28-22/yipu/da/62/04/23/21800005/00000761/6204232180000500000761-B-0001_wm.jpg|http://www.museumschina.cn/img/waterMark/2019-01-02-14-28-22/yipu/da/62/04/23/21800005/00000761/6204232180000500000761-C-0001_wm.jpg|http://www.museumschina.cn/img/waterMark/2019-01-02-14-28-22/yipu/da/62/04/23/21800005/00000761/6204232180000500000761-C-0002_wm.jpg|http://www.museumschina.cn/img/waterMark/2019-01-02-14-28-22/yipu/da/62/04/23/21800005/00000761/6204232180000500000761-F-0001_wm.jpg
https://www.museumschina.cn/collection/details?id=FE4AC74176CD49D19E5A89DD81F6A572,http://www.museumschina.cn/img/waterMark/2019-01-02-14-28-22/yipu/da/31/01/18/21800002/00002632/3101182180000200002632-A-0001_wm.jpg,黑烟陶壶,青浦区博物馆,陶器,新石器时代,二级,1989,单一/无机质/陶,http://www.museumschina.cn/img/waterMark/2019-01-02-14-28-22/yipu/da/31/01/18/21800002/00002632/3101182180000200002632-A-0001_wm.jpg|http://www.museumschina.cn/img/waterMark/2019-01-02-14-28-22/yipu/da/31/01/18/21800002/00002632/3101182180000200002632-B-0001_wm.jpg
https://www.museumschina.cn/collection/details?id=FDC0E63D8BBB4E299070C07578D6A633,http://www.museumschina.cn/img/waterMark/2019-01-02-14-28-22/yipu/da/62/06/23/21800001/00000546/6206232180000100000546-A-0001_wm.jpg,新石器时代马家窑文化马厂类型菱格网纹双耳彩陶罐,天祝藏族自治县博物馆,陶器,新石器时代,三级,2009,单一/无机质/陶,http://www.museumschina.cn/img/waterMark/2019-01-02-14-28-22/yipu/da/62/06/23/21800001/00000546/6206232180000100000546-A-0001_wm.jpg|http://www.museumschina.cn/img/waterMark/2019-01-02-14-28-22/yipu/da/62/06/23/21800001/00000546/6206232180000100000546-A-0002_wm.jpg|http://www.museumschina.cn/img/waterMark/2019-01-02-14-28-22/yipu/da/62/06/23/21800001/00000546/6206232180000100000546-B-0001_wm.jpg|http://www.museumschina.cn/img/waterMark/2019-01-02-14-28-22/yipu/da/62/06/23/21800001/00000546/6206232180000100000546-C-0001_wm.jpg|http://www.museumschina.cn/img/waterMark/2019-01-02-14-28-22/yipu/da/62/06/23/21800001/00000546/6206232180000100000546-C-0002_wm.jpg|http://www.museumschina.cn/img/waterMark/2019-01-02-14-28-22/yipu/da/62/06/23/21800001/00000546/6206232180000100000546-F-0001_wm.jpg
https://www.museumschina.cn/collection/details?id=fd6d6eb3a48348dba959d407b25d15a5,http://www.museumschina.cn/img/waterMark/2019-01-02-14-28-22/yipu/da/62/29/25/21800002/00000020/6229252180000200000020-A-0001_wm.jpg,新石器时代齐家文化垂腹红陶罐,甘肃省临夏回族自治州和政县数字博物馆,陶器,新石器时代,未定级,1982,单一/无机质/陶,http://www.museumschina.cn/img/waterMark/2019-01-02-14-28-22/yipu/da/62/29/25/21800002/00000020/6229252180000200000020-A-0001_wm.jpg|http://www.museumschina.cn/img/waterMark/2019-01-02-14-28-22/yipu/da/62/29/25/21800002/00000020/6229252180000200000020-A-0002_wm.jpg|http://www.museumschina.cn/img/waterMark/2019-01-02-14-28-22/yipu/da/62/29/25/21800002/00000020/6229252180000200000020-F-0001_wm.jpg
https://www.museumschina.cn/collection/details?id=FD60182CB2A34EAD9D306D4777C23C3F,http://www.museumschina.cn/img/waterMark/2019-01-02-14-28-22/yipu/da/31/01/16/21800002/00002352/3101162180000200002352-A-0001_wm.jpg,良渚文化黑陶带把甑,上海金山区博物馆,陶器,新石器时代,二级,2007,单一/无机质/陶,http://www.museumschina.cn/img/waterMark/2019-01-02-14-28-22/yipu/da/31/01/16/21800002/00002352/3101162180000200002352-A-0001_wm.jpg|http://www.museumschina.cn/img/waterMark/2019-01-02-14-28-22/yipu/da/31/01/16/21800002/00002352/3101162180000200002352-B-0001_wm.jpg
https://www.museumschina.cn/collection/details?id=F46A3BDBDDD941A4AD006031C401C4DF,http://www.museumschina.cn/img/waterMark/2019-01-02-14-28-22/yipu/da/53/09/27/21800001/00000175/5309272180000100000175-A-0001_wm.jpg,新石器时代沧源崖画八号点褐色陶片,云南省临沧市沧源佤族自治县数字博物馆,陶器,新石器时代,一般,2005,单一/无机质/陶,http://www.museumschina.cn/img/waterMark/2019-01-02-14-28-22/yipu/da/53/09/27/21800001/00000175/5309272180000100000175-A-0001_wm.jpg|http://www.museumschina.cn/img/waterMark/2019-01-02-14-28-22/yipu/da/53/09/27/21800001/00000175/5309272180000100000175-D-0001_wm.jpg
https://www.museumschina.cn/collection/details?id=F814692373DE4459B181E9C838FA3A6A,http://www.museumschina.cn/img/waterMark/2019-01-02-14-28-22/yipu/da/31/01/16/21800002/00002476/3101162180000200002476-A-0001_wm.jpg,半山神人纹鸟形壶,上海金山区博物馆,陶器,新石器时代,二级,2007,单一/无机质/陶,http://www.museumschina.cn/img/waterMark/2019-01-02-14-28-22/yipu/da/31/01/16/21800002/00002476/3101162180000200002476-A-0001_wm.jpg|http://www.museumschina.cn/img/waterMark/2019-01-02-14-28-22/yipu/da/31/01/16/21800002/00002476/3101162180000200002476-B-0001_wm.jpg|http://www.museumschina.cn/img/waterMark/2019-01-02-14-28-22/yipu/da/31/01/16/21800002/00002476/3101162180000200002476-C-0001_wm.jpg|http://www.museumschina.cn/img/waterMark/2019-01-02-14-28-22/yipu/da/31/01/16/21800002/00002476/3101162180000200002476-C-0002_wm.jpg|http://www.museumschina.cn/img/waterMark/2019-01-02-14-28-22/yipu/da/31/01/16/21800002/00002476/3101162180000200002476-F-0001_wm.jpg
https://www.museumschina.cn/collection/details?id=F544B6A573C3430CA325EE97F4B45804,http://www.museumschina.cn/img/waterMark/2019-01-02-14-28-22/yipu/da/62/29/01/21800004/00001160/6229012180000400001160-A-0001_wm.jpg,新石器时代马家窑文化网格纹双耳彩陶罐,临夏市博物馆,陶器,新石器时代,一级,1992,单一/无机质/陶,http://www.museumschina.cn/img/waterMark/2019-01-02-14-28-22/yipu/da/62/29/01/21800004/00001160/6229012180000400001160-A-0001_wm.jpg|http://www.museumschina.cn/img/waterMark/2019-01-02-14-28-22/yipu/da/62/29/01/21800004/00001160/6229012180000400001160-B-0001_wm.jpg|http://www.museumschina.cn/img/waterMark/2019-01-02-14-28-22/yipu/da/62/29/01/21800004/00001160/6229012180000400001160-C-0001_wm.jpg|http://www.museumschina.cn/img/waterMark/2019-01-02-14-28-22/yipu/da/62/29/01/21800004/00001160/6229012180000400001160-F-0001_wm.jpg
https://www.museumschina.cn/collection/details?id=F547BB0F9B92469A971F85D3D54E40F2,http://www.museumschina.cn/img/waterMark/2019-01-02-14-28-22/yipu/da/23/11/23/21800001/00000286/2311232180000100000286-A-0001_wm.jpg,新石器时代黑褐色方格纹陶片,逊克县鄂伦春民族博物馆,陶器,新石器时代,一般,2009,单一/无机质/陶,http://www.museumschina.cn/img/waterMark/2019-01-02-14-28-22/yipu/da/23/11/23/21800001/00000286/2311232180000100000286-A-0001_wm.jpg|http://www.museumschina.cn/img/waterMark/2019-01-02-14-28-22/yipu/da/23/11/23/21800001/00000286/2311232180000100000286-A-0002_wm.jpg
https://www.museumschina.cn/collection/details?id=F647AFFEED1546FDAA139A377F72CCA0,http://www.museumschina.cn/img/waterMark/2019-01-02-14-28-22/yipu/da/44/02/29/21800001/00000368/4402292180000100000368-A-0001_wm.jpg,新石器时代陶纺轮,翁源县博物馆,陶器,新石器时代,一般,1985,单一/无机质/陶,http://www.museumschina.cn/img/waterMark/2019-01-02-14-28-22/yipu/da/44/02/29/21800001/00000368/4402292180000100000368-A-0001_wm.jpg|http://www.museumschina.cn/img/waterMark/2019-01-02-14-28-22/yipu/da/44/02/29/21800001/00000368/4402292180000100000368-B-0001_wm.jpg|http://www.museumschina.cn/img/waterMark/2019-01-02-14-28-22/yipu/da/44/02/29/21800001/00000368/4402292180000100000368-F-0001_wm.jpg
https://www.museumschina.cn/collection/details?id=F4670154B2FC4F63A9025DA8A7C91D33,http://www.museumschina.cn/img/waterMark/2019-01-02-14-28-22/yipu/da/31/01/15/21800004/00002072/3101152180000400002072-A-0032_wm.jpg,红陶杯,上海市浦东新区数字博物馆,陶器,新石器时代,未定级,2001,单一/无机质/陶,http://www.museumschina.cn/img/waterMark/2019-01-02-14-28-22/yipu/da/31/01/15/21800004/00002072/3101152180000400002072-A-0032_wm.jpg|http://www.museumschina.cn/img/waterMark/2019-01-02-14-28-22/yipu/da/31/01/15/21800004/00002072/3101152180000400002072-D-0015_wm.jpg|http://www.museumschina.cn/img/waterMark/2019-01-02-14-28-22/yipu/da/31/01/15/21800004/00002072/3101152180000400002072-F-0031_wm.jpg
https://www.museumschina.cn/collection/details?id=F8129CE472C7498C899DFC1A8E4E8F50,http://www.museumschina.cn/img/waterMark/2019-01-02-14-28-22/yipu/da/33/10/24/21800001/00000020/3310242180000100000020-A-0001_wm.jpg,新石器时代下汤遗址陶纺轮,浙江省台州市仙居县数字博物馆,陶器,新石器时代,未定级,,单一/无机质/陶,http://www.museumschina.cn/img/waterMark/2019-01-02-14-28-22/yipu/da/33/10/24/21800001/00000020/3310242180000100000020-A-0001_wm.jpg|http://www.museumschina.cn/img/waterMark/2019-01-02-14-28-22/yipu/da/33/10/24/21800001/00000020/3310242180000100000020-F-0001_wm.jpg
https://www.museumschina.cn/collection/details?id=F54E678D8B824AACA1C87D16EFFEB40F,http://www.museumschina.cn/img/waterMark/2019-01-02-14-28-22/yipu/da/14/10/21/21800005/00000722/1410212180000500000722-A-0001_wm.jpg,新石器时代绳纹双鋬袋足夹砂灰陶鬲,曲沃县博物馆,陶器,新石器时代,三级,2003,单一/无机质/陶,http://www.museumschina.cn/img/waterMark/2019-01-02-14-28-22/yipu/da/14/10/21/21800005/00000722/1410212180000500000722-A-0001_wm.jpg|http://www.museumschina.cn/img/waterMark/2019-01-02-14-28-22/yipu/da/14/10/21/21800005/00000722/1410212180000500000722-A-0002_wm.jpg|http://www.museumschina.cn/img/waterMark/2019-01-02-14-28-22/yipu/da/14/10/21/21800005/00000722/1410212180000500000722-B-0001_wm.jpg|http://www.museumschina.cn/img/waterMark/2019-01-02-14-28-22/yipu/da/14/10/21/21800005/00000722/1410212180000500000722-B-0002_wm.jpg|http://www.museumschina.cn/img/waterMark/2019-01-02-14-28-22/yipu/da/14/10/21/21800005/00000722/1410212180000500000722-C-0001_wm.jpg|http://www.museumschina.cn/img/waterMark/2019-01-02-14-28-22/yipu/da/14/10/21/21800005/00000722/1410212180000500000722-E-0001_wm.jpg|http://www.museumschina.cn/img/waterMark/2019-01-02-14-28-22/yipu/da/14/10/21/21800005/00000722/1410212180000500000722-E-0002_wm.jpg|http://www.museumschina.cn/img/waterMark/2019-01-02-14-28-22/yipu/da/14/10/21/21800005/00000722/1410212180000500000722-E-0003_wm.jpg|http://www.museumschina.cn/img/waterMark/2019-01-02-14-28-22/yipu/da/14/10/21/21800005/00000722/1410212180000500000722-E-0004_wm.jpg|http://www.museumschina.cn/img/waterMark/2019-01-02-14-28-22/yipu/da/14/10/21/21800005/00000722/1410212180000500000722-E-0005_wm.jpg|http://www.museumschina.cn/img/waterMark/2019-01-02-14-28-22/yipu/da/14/10/21/21800005/00000722/1410212180000500000722-E-0006_wm.jpg|http://www.museumschina.cn/img/waterMark/2019-01-02-14-28-22/yipu/da/14/10/21/21800005/00000722/1410212180000500000722-F-0001_wm.jpg
https://www.museumschina.cn/collection/details?id=F56E0EF6E54B4FD882CB69E13B000F5C,http://www.museumschina.cn/img/waterMark/2019-01-02-14-28-22/yipu/da/44/01/83/21800002/00000127/4401832180000200000127-A-0001_wm.jpg,新石器时代组合纹双系彩陶罐,增城市博物馆,陶器,新石器时代,三级,2000,单一/无机质/陶,http://www.museumschina.cn/img/waterMark/2019-01-02-14-28-22/yipu/da/44/01/83/21800002/00000127/4401832180000200000127-A-0001_wm.jpg|http://www.museumschina.cn/img/waterMark/2019-01-02-14-28-22/yipu/da/44/01/83/21800002/00000127/4401832180000200000127-B-0001_wm.jpg|http://www.museumschina.cn/img/waterMark/2019-01-02-14-28-22/yipu/da/44/01/83/21800002/00000127/4401832180000200000127-D-0001_wm.jpg|http://www.museumschina.cn/img/waterMark/2019-01-02-14-28-22/yipu/da/44/01/83/21800002/00000127/4401832180000200000127-E-0001_wm.jpg|http://www.museumschina.cn/img/waterMark/2019-01-02-14-28-22/yipu/da/44/01/83/21800002/00000127/4401832180000200000127-E-0002_wm.jpg|http://www.museumschina.cn/img/waterMark/2019-01-02-14-28-22/yipu/da/44/01/83/21800002/00000127/4401832180000200000127-E-0003_wm.jpg|http://www.museumschina.cn/img/waterMark/2019-01-02-14-28-22/yipu/da/44/01/83/21800002/00000127/4401832180000200000127-F-0001_wm.jpg
https://www.museumschina.cn/collection/details?id=F6B41E6E58564C6694871BA66B286890,http://www.museumschina.cn/img/waterMark/2019-01-02-14-28-22/yipu/da/53/29/28/21800003/00000896/5329282180000300000896-A-0001_wm.jpg,新石器时代新光遗址船形带孔陶器,云南省大理白族自治州永平县数字博物馆,陶器,新石器时代,一般,1997,单一/无机质/陶,http://www.museumschina.cn/img/waterMark/2019-01-02-14-28-22/yipu/da/53/29/28/21800003/00000896/5329282180000300000896-A-0001_wm.jpg
https://www.museumschina.cn/collection/details?id=F7933A2CC12249C687CBE137E795176C,http://www.museumschina.cn/img/waterMark/2019-01-02-14-28-22/yipu/da/44/18/23/21800001/00000004/4418232180000100000004-A-0001_wm.jpg,新石器时代四大圆圈双耳彩陶罐,阳山县博物馆,陶器,新石器时代,二级,1998,单一/无机质/陶,http://www.museumschina.cn/img/waterMark/2019-01-02-14-28-22/yipu/da/44/18/23/21800001/00000004/4418232180000100000004-A-0001_wm.jpg|http://www.museumschina.cn/img/waterMark/2019-01-02-14-28-22/yipu/da/44/18/23/21800001/00000004/4418232180000100000004-B-0001_wm.jpg|http://www.museumschina.cn/img/waterMark/2019-01-02-14-28-22/yipu/da/44/18/23/21800001/00000004/4418232180000100000004-C-0001_wm.jpg|http://www.museumschina.cn/img/waterMark/2019-01-02-14-28-22/yipu/da/44/18/23/21800001/00000004/4418232180000100000004-C-0002_wm.jpg|http://www.museumschina.cn/img/waterMark/2019-01-02-14-28-22/yipu/da/44/18/23/21800001/00000004/4418232180000100000004-D-0001_wm.jpg|http://www.museumschina.cn/img/waterMark/2019-01-02-14-28-22/yipu/da/44/18/23/21800001/00000004/4418232180000100000004-F-0001_wm.jpg
https://www.museumschina.cn/collection/details?id=F42C10FBE297471E8C1231BC9A721629,http://www.museumschina.cn/img/waterMark/2019-01-02-14-28-22/yipu/da/53/09/27/21800001/00000177/5309272180000100000177-A-0001_wm.jpg,新石器时代沧源崖画八号点黑褐色点线兰纹陶片,云南省临沧市沧源佤族自治县数字博物馆,陶器,新石器时代,一般,2005,单一/无机质/陶,http://www.museumschina.cn/img/waterMark/2019-01-02-14-28-22/yipu/da/53/09/27/21800001/00000177/5309272180000100000177-A-0001_wm.jpg|http://www.museumschina.cn/img/waterMark/2019-01-02-14-28-22/yipu/da/53/09/27/21800001/00000177/5309272180000100000177-D-0001_wm.jpg|http://www.museumschina.cn/img/waterMark/2019-01-02-14-28-22/yipu/da/53/09/27/21800001/00000177/5309272180000100000177-E-0001_wm.jpg
https://www.museumschina.cn/collection/details?id=F6A0616E1A2B4D169107173EBD971240,http://www.museumschina.cn/img/waterMark/2019-01-02-14-28-22/yipu/da/44/07/85/21800001/00000181/4407852180000100000181-A-0001_wm.jpg,新石器半山型胡芦网纹大彩陶罐,恩平市博物馆,陶器,新石器时代,二级,1991,单一/无机质/陶,http://www.museumschina.cn/img/waterMark/2019-01-02-14-28-22/yipu/da/44/07/85/21800001/00000181/4407852180000100000181-A-0001_wm.jpg|http://www.museumschina.cn/img/waterMark/2019-01-02-14-28-22/yipu/da/44/07/85/21800001/00000181/4407852180000100000181-B-0001_wm.jpg|http://www.museumschina.cn/img/waterMark/2019-01-02-14-28-22/yipu/da/44/07/85/21800001/00000181/4407852180000100000181-C-0001_wm.jpg|http://www.museumschina.cn/img/waterMark/2019-01-02-14-28-22/yipu/da/44/07/85/21800001/00000181/4407852180000100000181-F-0001_wm.jpg
https://www.museumschina.cn/collection/details?id=F583DE47AB5A41B7AE025D1907407064,http://www.museumschina.cn/img/waterMark/2019-01-02-14-28-22/yipu/da/14/10/33/21800006/00000221/1410332180000600000221-A-0001_wm.jpg,新石器时代绳纹灰陶鬲,山西省临汾市蒲县数字博物馆,陶器,新石器时代,二级,1981,单一/无机质/陶,http://www.museumschina.cn/img/waterMark/2019-01-02-14-28-22/yipu/da/14/10/33/21800006/00000221/1410332180000600000221-A-0001_wm.jpg|http://www.museumschina.cn/img/waterMark/2019-01-02-14-28-22/yipu/da/14/10/33/21800006/00000221/1410332180000600000221-A-0002_wm.jpg|http://www.museumschina.cn/img/waterMark/2019-01-02-14-28-22/yipu/da/14/10/33/21800006/00000221/1410332180000600000221-C-0001_wm.jpg|http://www.museumschina.cn/img/waterMark/2019-01-02-14-28-22/yipu/da/14/10/33/21800006/00000221/1410332180000600000221-C-0002_wm.jpg|http://www.museumschina.cn/img/waterMark/2019-01-02-14-28-22/yipu/da/14/10/33/21800006/00000221/1410332180000600000221-F-0001_wm.jpg|http://www.museumschina.cn/img/waterMark/2019-01-02-14-28-22/yipu/da/14/10/33/21800006/00000221/1410332180000600000221-F-0002_wm.jpg
https://www.museumschina.cn/collection/details?id=F7933A2CC12249C687CBE137E795176C,http://www.museumschina.cn/img/waterMark/2019-01-02-14-28-22/yipu/da/44/18/23/21800001/00000004/4418232180000100000004-A-0001_wm.jpg,新石器时代四大圆圈双耳彩陶罐,阳山县博物馆,陶器,新石器时代,二级,1998,单一/无机质/陶,http://www.museumschina.cn/img/waterMark/2019-01-02-14-28-22/yipu/da/44/18/23/21800001/00000004/4418232180000100000004-A-0001_wm.jpg|http://www.museumschina.cn/img/waterMark/2019-01-02-14-28-22/yipu/da/44/18/23/21800001/00000004/4418232180000100000004-B-0001_wm.jpg|http://www.museumschina.cn/img/waterMark/2019-01-02-14-28-22/yipu/da/44/18/23/21800001/00000004/4418232180000100000004-C-0001_wm.jpg|http://www.museumschina.cn/img/waterMark/2019-01-02-14-28-22/yipu/da/44/18/23/21800001/00000004/4418232180000100000004-C-0002_wm.jpg|http://www.museumschina.cn/img/waterMark/2019-01-02-14-28-22/yipu/da/44/18/23/21800001/00000004/4418232180000100000004-D-0001_wm.jpg|http://www.museumschina.cn/img/waterMark/2019-01-02-14-28-22/yipu/da/44/18/23/21800001/00000004/4418232180000100000004-F-0001_wm.jpg
https://www.museumschina.cn/collection/details?id=F544B6A573C3430CA325EE97F4B45804,http://www.museumschina.cn/img/waterMark/2019-01-02-14-28-22/yipu/da/62/29/01/21800004/00001160/6229012180000400001160-A-0001_wm.jpg,新石器时代马家窑文化网格纹双耳彩陶罐,临夏市博物馆,陶器,新石器时代,一级,1992,单一/无机质/陶,http://www.museumschina.cn/img/waterMark/2019-01-02-14-28-22/yipu/da/62/29/01/21800004/00001160/6229012180000400001160-A-0001_wm.jpg|http://www.museumschina.cn/img/waterMark/2019-01-02-14-28-22/yipu/da/62/29/01/21800004/00001160/6229012180000400001160-B-0001_wm.jpg|http://www.museumschina.cn/img/waterMark/2019-01-02-14-28-22/yipu/da/62/29/01/21800004/00001160/6229012180000400001160-C-0001_wm.jpg|http://www.museumschina.cn/img/waterMark/2019-01-02-14-28-22/yipu/da/62/29/01/21800004/00001160/6229012180000400001160-F-0001_wm.jpg
https://www.museumschina.cn/collection/details?id=f747294c33f642828561d75ff97f7afa,http://www.museumschina.cn/img/waterMark/2019-01-02-14-28-22/yipu/da/44/12/83/21800001/00000102/4412832180000100000102-A-0001_wm.jpg,新石器时代马家窑文化彩绘齿边三角纹单系陶罐,高要市博物馆,陶器,新石器时代,三级,1987,单一/无机质/陶,http://www.museumschina.cn/img/waterMark/2019-01-02-14-28-22/yipu/da/44/12/83/21800001/00000102/4412832180000100000102-A-0001_wm.jpg|http://www.museumschina.cn/img/waterMark/2019-01-02-14-28-22/yipu/da/44/12/83/21800001/00000102/4412832180000100000102-B-0001_wm.jpg|http://www.museumschina.cn/img/waterMark/2019-01-02-14-28-22/yipu/da/44/12/83/21800001/00000102/4412832180000100000102-C-0001_wm.jpg|http://www.museumschina.cn/img/waterMark/2019-01-02-14-28-22/yipu/da/44/12/83/21800001/00000102/4412832180000100000102-C-0002_wm.jpg|http://www.museumschina.cn/img/waterMark/2019-01-02-14-28-22/yipu/da/44/12/83/21800001/00000102/4412832180000100000102-C-0003_wm.jpg|http://www.museumschina.cn/img/waterMark/2019-01-02-14-28-22/yipu/da/44/12/83/21800001/00000102/4412832180000100000102-F-0001_wm.jpg
https://www.museumschina.cn/collection/details?id=FC55066D963A41149A7B2EA3681670D1,http://www.museumschina.cn/img/waterMark/2019-01-02-14-28-22/yipu/da/53/09/27/21800001/00000164/5309272180000100000164-A-0001_wm.jpg,新石器时代沧源崖画八号点点线纹黑褐色陶片,云南省临沧市沧源佤族自治县数字博物馆,陶器,新石器时代,一般,2005,单一/无机质/陶,http://www.museumschina.cn/img/waterMark/2019-01-02-14-28-22/yipu/da/53/09/27/21800001/00000164/5309272180000100000164-A-0001_wm.jpg|http://www.museumschina.cn/img/waterMark/2019-01-02-14-28-22/yipu/da/53/09/27/21800001/00000164/5309272180000100000164-D-0001_wm.jpg|http://www.museumschina.cn/img/waterMark/2019-01-02-14-28-22/yipu/da/53/09/27/21800001/00000164/5309272180000100000164-E-0001_wm.jpg
https://www.museumschina.cn/collection/details?id=F4670154B2FC4F63A9025DA8A7C91D33,http://www.museumschina.cn/img/waterMark/2019-01-02-14-28-22/yipu/da/31/01/15/21800004/00002072/3101152180000400002072-A-0032_wm.jpg,红陶杯,上海市浦东新区数字博物馆,陶器,新石器时代,未定级,2001,单一/无机质/陶,http://www.museumschina.cn/img/waterMark/2019-01-02-14-28-22/yipu/da/31/01/15/21800004/00002072/3101152180000400002072-A-0032_wm.jpg|http://www.museumschina.cn/img/waterMark/2019-01-02-14-28-22/yipu/da/31/01/15/21800004/00002072/3101152180000400002072-D-0015_wm.jpg|http://www.museumschina.cn/img/waterMark/2019-01-02-14-28-22/yipu/da/31/01/15/21800004/00002072/3101152180000400002072-F-0031_wm.jpg
https://www.museumschina.cn/collection/details?id=FBE179C12C2741F88863941563A979B2,http://www.museumschina.cn/img/waterMark/2019-01-02-14-28-22/yipu/da/53/09/27/21800001/00000140/5309272180000100000140-A-0001_wm.jpg,新石器时代沧源崖画八号点褐色陶碗,云南省临沧市沧源佤族自治县数字博物馆,陶器,新石器时代,一般,2005,单一/无机质/陶,http://www.museumschina.cn/img/waterMark/2019-01-02-14-28-22/yipu/da/53/09/27/21800001/00000140/5309272180000100000140-A-0001_wm.jpg|http://www.museumschina.cn/img/waterMark/2019-01-02-14-28-22/yipu/da/53/09/27/21800001/00000140/5309272180000100000140-A-0002_wm.jpg|http://www.museumschina.cn/img/waterMark/2019-01-02-14-28-22/yipu/da/53/09/27/21800001/00000140/5309272180000100000140-F-0001_wm.jpg|http://www.museumschina.cn/img/waterMark/2019-01-02-14-28-22/yipu/da/53/09/27/21800001/00000140/5309272180000100000140-F-0002_wm.jpg
https://www.museumschina.cn/collection/details?id=FA68435B31244FE48841435EEBD5C398,http://www.museumschina.cn/img/waterMark/2019-01-02-14-28-22/yipu/da/53/23/28/21800010/00000206/5323282180001000000206-A-0001_wm.jpg,新石器时代敞口单耳陶罐,元谋县博物馆,陶器,新石器时代,未定级,1999,单一/无机质/陶,http://www.museumschina.cn/img/waterMark/2019-01-02-14-28-22/yipu/da/53/23/28/21800010/00000206/5323282180001000000206-A-0001_wm.jpg|http://www.museumschina.cn/img/waterMark/2019-01-02-14-28-22/yipu/da/53/23/28/21800010/00000206/5323282180001000000206-B-0001_wm.jpg|http://www.museumschina.cn/img/waterMark/2019-01-02-14-28-22/yipu/da/53/23/28/21800010/00000206/5323282180001000000206-C-0001_wm.jpg
https://www.museumschina.cn/collection/details?id=F547BB0F9B92469A971F85D3D54E40F2,http://www.museumschina.cn/img/waterMark/2019-01-02-14-28-22/yipu/da/23/11/23/21800001/00000286/2311232180000100000286-A-0001_wm.jpg,新石器时代黑褐色方格纹陶片,逊克县鄂伦春民族博物馆,陶器,新石器时代,一般,2009,单一/无机质/陶,http://www.museumschina.cn/img/waterMark/2019-01-02-14-28-22/yipu/da/23/11/23/21800001/00000286/2311232180000100000286-A-0001_wm.jpg|http://www.museumschina.cn/img/waterMark/2019-01-02-14-28-22/yipu/da/23/11/23/21800001/00000286/2311232180000100000286-A-0002_wm.jpg
https://www.museumschina.cn/collection/details?id=fcda88fd463848edb40305d73de5cf00,http://www.museumschina.cn/img/waterMark/2019-01-02-14-28-22/yipu/da/62/29/23/21800003/00001365/6229232180000300001365-A-0001_wm.jpg,新石器时代马家窑文化半山类型四大圈双耳彩陶罐,永靖县博物馆,陶器,新石器时代,一级,1977,单一/无机质/陶,http://www.museumschina.cn/img/waterMark/2019-01-02-14-28-22/yipu/da/62/29/23/21800003/00001365/6229232180000300001365-A-0001_wm.jpg|http://www.museumschina.cn/img/waterMark/2019-01-02-14-28-22/yipu/da/62/29/23/21800003/00001365/6229232180000300001365-A-0002_wm.jpg|http://www.museumschina.cn/img/waterMark/2019-01-02-14-28-22/yipu/da/62/29/23/21800003/00001365/6229232180000300001365-A-0003_wm.jpg
https://www.museumschina.cn/collection/details?id=FA53700A1F344E95932B32BF8FA34598,http://www.museumschina.cn/img/waterMark/2019-01-02-14-28-22/yipu/da/44/18/23/21800001/00000172/4418232180000100000172-A-0001_wm.jpg,新石器时代双孔彩陶豆,阳山县博物馆,陶器,新石器时代,三级,1998,单一/无机质/陶,http://www.museumschina.cn/img/waterMark/2019-01-02-14-28-22/yipu/da/44/18/23/21800001/00000172/4418232180000100000172-A-0001_wm.jpg|http://www.museumschina.cn/img/waterMark/2019-01-02-14-28-22/yipu/da/44/18/23/21800001/00000172/4418232180000100000172-B-0001_wm.jpg|http://www.museumschina.cn/img/waterMark/2019-01-02-14-28-22/yipu/da/44/18/23/21800001/00000172/4418232180000100000172-C-0001_wm.jpg|http://www.museumschina.cn/img/waterMark/2019-01-02-14-28-22/yipu/da/44/18/23/21800001/00000172/4418232180000100000172-C-0002_wm.jpg|http://www.museumschina.cn/img/waterMark/2019-01-02-14-28-22/yipu/da/44/18/23/21800001/00000172/4418232180000100000172-C-0003_wm.jpg|http://www.museumschina.cn/img/waterMark/2019-01-02-14-28-22/yipu/da/44/18/23/21800001/00000172/4418232180000100000172-F-0001_wm.jpg
https://www.museumschina.cn/collection/details?id=F42C10FBE297471E8C1231BC9A721629,http://www.museumschina.cn/img/waterMark/2019-01-02-14-28-22/yipu/da/53/09/27/21800001/00000177/5309272180000100000177-A-0001_wm.jpg,新石器时代沧源崖画八号点黑褐色点线兰纹陶片,云南省临沧市沧源佤族自治县数字博物馆,陶器,新石器时代,一般,2005,单一/无机质/陶,http://www.museumschina.cn/img/waterMark/2019-01-02-14-28-22/yipu/da/53/09/27/21800001/00000177/5309272180000100000177-A-0001_wm.jpg|http://www.museumschina.cn/img/waterMark/2019-01-02-14-28-22/yipu/da/53/09/27/21800001/00000177/5309272180000100000177-D-0001_wm.jpg|http://www.museumschina.cn/img/waterMark/2019-01-02-14-28-22/yipu/da/53/09/27/21800001/00000177/5309272180000100000177-E-0001_wm.jpg
https://www.museumschina.cn/collection/details?id=F953E6091F404AA6B6ABE40C67F215E6,http://www.museumschina.cn/img/waterMark/2019-01-02-14-28-22/yipu/da/23/02/05/21800001/00002130/2302052180000100002130-A-0001_wm.jpg,新石器时代附加堆纹带孔陶器口沿残片,昂昂溪遗址博物馆,陶器,新石器时代,一般,2002,单一/无机质/陶,http://www.museumschina.cn/img/waterMark/2019-01-02-14-28-22/yipu/da/23/02/05/21800001/00002130/2302052180000100002130-A-0001_wm.jpg
https://www.museumschina.cn/collection/details?id=F6A0616E1A2B4D169107173EBD971240,http://www.museumschina.cn/img/waterMark/2019-01-02-14-28-22/yipu/da/44/07/85/21800001/00000181/4407852180000100000181-A-0001_wm.jpg,新石器半山型胡芦网纹大彩陶罐,恩平市博物馆,陶器,新石器时代,二级,1991,单一/无机质/陶,http://www.museumschina.cn/img/waterMark/2019-01-02-14-28-22/yipu/da/44/07/85/21800001/00000181/4407852180000100000181-A-0001_wm.jpg|http://www.museumschina.cn/img/waterMark/2019-01-02-14-28-22/yipu/da/44/07/85/21800001/00000181/4407852180000100000181-B-0001_wm.jpg|http://www.museumschina.cn/img/waterMark/2019-01-02-14-28-22/yipu/da/44/07/85/21800001/00000181/4407852180000100000181-C-0001_wm.jpg|http://www.museumschina.cn/img/waterMark/2019-01-02-14-28-22/yipu/da/44/07/85/21800001/00000181/4407852180000100000181-F-0001_wm.jpg
https://www.museumschina.cn/collection/details?id=F814692373DE4459B181E9C838FA3A6A,http://www.museumschina.cn/img/waterMark/2019-01-02-14-28-22/yipu/da/31/01/16/21800002/00002476/3101162180000200002476-A-0001_wm.jpg,半山神人纹鸟形壶,上海金山区博物馆,陶器,新石器时代,二级,2007,单一/无机质/陶,http://www.museumschina.cn/img/waterMark/2019-01-02-14-28-22/yipu/da/31/01/16/21800002/00002476/3101162180000200002476-A-0001_wm.jpg|http://www.museumschina.cn/img/waterMark/2019-01-02-14-28-22/yipu/da/31/01/16/21800002/00002476/3101162180000200002476-B-0001_wm.jpg|http://www.museumschina.cn/img/waterMark/2019-01-02-14-28-22/yipu/da/31/01/16/21800002/00002476/3101162180000200002476-C-0001_wm.jpg|http://www.museumschina.cn/img/waterMark/2019-01-02-14-28-22/yipu/da/31/01/16/21800002/00002476/3101162180000200002476-C-0002_wm.jpg|http://www.museumschina.cn/img/waterMark/2019-01-02-14-28-22/yipu/da/31/01/16/21800002/00002476/3101162180000200002476-F-0001_wm.jpg
https://www.museumschina.cn/collection/details?id=f62cfcc686fe471694acccbd6c972ed1,http://www.museumschina.cn/img/waterMark/2019-01-02-14-28-22/yipu/da/62/08/26/21800001/00002343/6208262180000100002343-A-0001_wm.jpg,石岭下型旋涡纹彩陶罐,静宁县博物馆,陶器,新石器时代,一级,1990,单一/无机质/陶,http://www.museumschina.cn/img/waterMark/2019-01-02-14-28-22/yipu/da/62/08/26/21800001/00002343/6208262180000100002343-A-0001_wm.jpg|http://www.museumschina.cn/img/waterMark/2019-01-02-14-28-22/yipu/da/62/08/26/21800001/00002343/6208262180000100002343-B-0001_wm.jpg
https://www.museumschina.cn/collection/details?id=F8D01A634B6946B48C65AC2939E0AC0B,http://www.museumschina.cn/img/waterMark/2019-01-02-14-28-22/yipu/da/62/10/22/21800003/00002000/6210222180000300002000-A-0001_wm.jpg,新石器时代折腹红陶罐,环县博物馆,陶器,新石器时代,二级,,单一/无机质/陶,http://www.museumschina.cn/img/waterMark/2019-01-02-14-28-22/yipu/da/62/10/22/21800003/00002000/6210222180000300002000-A-0001_wm.jpg|http://www.museumschina.cn/img/waterMark/2019-01-02-14-28-22/yipu/da/62/10/22/21800003/00002000/6210222180000300002000-F-0001_wm.jpg
https://www.museumschina.cn/collection/details?id=F46A3BDBDDD941A4AD006031C401C4DF,http://www.museumschina.cn/img/waterMark/2019-01-02-14-28-22/yipu/da/53/09/27/21800001/00000175/5309272180000100000175-A-0001_wm.jpg,新石器时代沧源崖画八号点褐色陶片,云南省临沧市沧源佤族自治县数字博物馆,陶器,新石器时代,一般,2005,单一/无机质/陶,http://www.museumschina.cn/img/waterMark/2019-01-02-14-28-22/yipu/da/53/09/27/21800001/00000175/5309272180000100000175-A-0001_wm.jpg|http://www.museumschina.cn/img/waterMark/2019-01-02-14-28-22/yipu/da/53/09/27/21800001/00000175/5309272180000100000175-D-0001_wm.jpg
https://www.museumschina.cn/collection/details?id=f6676021444d47dfadbd1c944b3a0f9d,http://www.museumschina.cn/img/waterMark/2019-01-02-14-28-22/yipu/da/62/29/26/21800001/00000017/6229262180000100000017-A-0001_wm.jpg,新石器时代马家窑文化马厂类型蛙纹双耳彩陶罐,东乡族自治县民族博物馆,陶器,新石器时代,二级,1982,单一/无机质/陶,http://www.museumschina.cn/img/waterMark/2019-01-02-14-28-22/yipu/da/62/29/26/21800001/00000017/6229262180000100000017-A-0001_wm.jpg|http://www.museumschina.cn/img/waterMark/2019-01-02-14-28-22/yipu/da/62/29/26/21800001/00000017/6229262180000100000017-C-0001_wm.jpg|http://www.museumschina.cn/img/waterMark/2019-01-02-14-28-22/yipu/da/62/29/26/21800001/00000017/6229262180000100000017-E-0001_wm.jpg|http://www.museumschina.cn/img/waterMark/2019-01-02-14-28-22/yipu/da/62/29/26/21800001/00000017/6229262180000100000017-E-0002_wm.jpg|http://www.museumschina.cn/img/waterMark/2019-01-02-14-28-22/yipu/da/62/29/26/21800001/00000017/6229262180000100000017-F-0001_wm.jpg
https://www.museumschina.cn/collection/details?id=F647AFFEED1546FDAA139A377F72CCA0,http://www.museumschina.cn/img/waterMark/2019-01-02-14-28-22/yipu/da/44/02/29/21800001/00000368/4402292180000100000368-A-0001_wm.jpg,新石器时代陶纺轮,翁源县博物馆,陶器,新石器时代,一般,1985,单一/无机质/陶,http://www.museumschina.cn/img/waterMark/2019-01-02-14-28-22/yipu/da/44/02/29/21800001/00000368/4402292180000100000368-A-0001_wm.jpg|http://www.museumschina.cn/img/waterMark/2019-01-02-14-28-22/yipu/da/44/02/29/21800001/00000368/4402292180000100000368-B-0001_wm.jpg|http://www.museumschina.cn/img/waterMark/2019-01-02-14-28-22/yipu/da/44/02/29/21800001/00000368/4402292180000100000368-F-0001_wm.jpg
https://www.museumschina.cn/collection/details?id=FA72D1CEBBFF41D19901EF24EBFDFF03,http://www.museumschina.cn/img/waterMark/2019-01-02-14-28-22/yipu/da/46/90/02/21800001/00000669/4690022180000100000669-A-0017_wm.jpg,新石器时代彩陶双耳陶小罐,琼海市博物馆,陶器,新石器时代,三级,1987,单一/无机质/陶,http://www.museumschina.cn/img/waterMark/2019-01-02-14-28-22/yipu/da/46/90/02/21800001/00000669/4690022180000100000669-A-0017_wm.jpg|http://www.museumschina.cn/img/waterMark/2019-01-02-14-28-22/yipu/da/46/90/02/21800001/00000669/4690022180000100000669-B-0008_wm.jpg|http://www.museumschina.cn/img/waterMark/2019-01-02-14-28-22/yipu/da/46/90/02/21800001/00000669/4690022180000100000669-C-0008_wm.jpg|http://www.museumschina.cn/img/waterMark/2019-01-02-14-28-22/yipu/da/46/90/02/21800001/00000669/4690022180000100000669-F-0017_wm.jpg
https://www.museumschina.cn/collection/details?id=ED261AB47A694B18832E3C7DD23B0965,http://www.museumschina.cn/img/waterMark/2019-01-02-14-28-22/yipu/da/33/10/81/21800004/00000384/3310812180000400000384-A-0001_wm.jpg,新石器时代马家窑文化水波纹彩陶双耳壶,浙江省台州市温岭市数字博物馆,陶器,新石器时代,未定级,2009,单一/无机质/陶,http://www.museumschina.cn/img/waterMark/2019-01-02-14-28-22/yipu/da/33/10/81/21800004/00000384/3310812180000400000384-A-0001_wm.jpg|http://www.museumschina.cn/img/waterMark/2019-01-02-14-28-22/yipu/da/33/10/81/21800004/00000384/3310812180000400000384-B-0001_wm.jpg|http://www.museumschina.cn/img/waterMark/2019-01-02-14-28-22/yipu/da/33/10/81/21800004/00000384/3310812180000400000384-D-0001_wm.jpg|http://www.museumschina.cn/img/waterMark/2019-01-02-14-28-22/yipu/da/33/10/81/21800004/00000384/3310812180000400000384-F-0001_wm.jpg
https://www.museumschina.cn/collection/details?id=F0B605D045A240F5BDBB841D5011274E,http://www.museumschina.cn/img/waterMark/2019-01-02-14-28-22/yipu/da/62/03/21/21800001/00000695/6203212180000100000695-A-0001_wm.jpg,新石器时代单耳素陶杯,永昌县博物馆,陶器,新石器时代,三级,1974,单一/无机质/陶,http://www.museumschina.cn/img/waterMark/2019-01-02-14-28-22/yipu/da/62/03/21/21800001/00000695/6203212180000100000695-A-0001_wm.jpg
https://www.museumschina.cn/collection/details?id=ee845ac1544b459c889d1af026f587fe,http://www.museumschina.cn/img/waterMark/2019-01-02-14-28-22/yipu/da/62/01/11/21800001/00000469/6201112180000100000469-A-0001_wm.jpg,双鋬耳彩陶盆,红古区博物馆,陶器,新石器时代,未定级,,单一/无机质/陶,http://www.museumschina.cn/img/waterMark/2019-01-02-14-28-22/yipu/da/62/01/11/21800001/00000469/6201112180000100000469-A-0001_wm.jpg|http://www.museumschina.cn/img/waterMark/2019-01-02-14-28-22/yipu/da/62/01/11/21800001/00000469/6201112180000100000469-A-0002_wm.jpg|http://www.museumschina.cn/img/waterMark/2019-01-02-14-28-22/yipu/da/62/01/11/21800001/00000469/6201112180000100000469-B-0001_wm.jpg|http://www.museumschina.cn/img/waterMark/2019-01-02-14-28-22/yipu/da/62/01/11/21800001/00000469/6201112180000100000469-C-0001_wm.jpg|http://www.museumschina.cn/img/waterMark/2019-01-02-14-28-22/yipu/da/62/01/11/21800001/00000469/6201112180000100000469-C-0002_wm.jpg|http://www.museumschina.cn/img/waterMark/2019-01-02-14-28-22/yipu/da/62/01/11/21800001/00000469/6201112180000100000469-F-0001_wm.jpg
https://www.museumschina.cn/collection/details?id=eee7ac6ef70245d38b4e921f79955f5c,http://www.museumschina.cn/img/waterMark/2019-01-02-14-28-22/yipu/da/62/05/21/21800001/00001105/6205212180000100001105-A-0001_wm.jpg,齐家文化高领划纹鬲,清水县博物馆,陶器,新石器时代,三级,1955,单一/无机质/陶,http://www.museumschina.cn/img/waterMark/2019-01-02-14-28-22/yipu/da/62/05/21/21800001/00001105/6205212180000100001105-A-0001_wm.jpg
https://www.museumschina.cn/collection/details?id=EC3E2037298B4055B0F170DC6056A037,http://www.museumschina.cn/img/waterMark/2019-01-02-14-28-22/yipu/da/33/02/81/21800002/00002375/3302812180000200002375-A-0001_wm.jpg,新石器时代河姆渡文化夹碳红陶双耳罐,余姚市河姆渡遗址博物馆,陶器,新石器时代,二级,1992,单一/无机质/陶,http://www.museumschina.cn/img/waterMark/2019-01-02-14-28-22/yipu/da/33/02/81/21800002/00002375/3302812180000200002375-A-0001_wm.jpg|http://www.museumschina.cn/img/waterMark/2019-01-02-14-28-22/yipu/da/33/02/81/21800002/00002375/3302812180000200002375-A-0002_wm.jpg|http://www.museumschina.cn/img/waterMark/2019-01-02-14-28-22/yipu/da/33/02/81/21800002/00002375/3302812180000200002375-A-0003_wm.jpg|http://www.museumschina.cn/img/waterMark/2019-01-02-14-28-22/yipu/da/33/02/81/21800002/00002375/3302812180000200002375-A-0004_wm.jpg|http://www.museumschina.cn/img/waterMark/2019-01-02-14-28-22/yipu/da/33/02/81/21800002/00002375/3302812180000200002375-B-0001_wm.jpg|http://www.museumschina.cn/img/waterMark/2019-01-02-14-28-22/yipu/da/33/02/81/21800002/00002375/3302812180000200002375-E-0001_wm.jpg|http://www.museumschina.cn/img/waterMark/2019-01-02-14-28-22/yipu/da/33/02/81/21800002/00002375/3302812180000200002375-E-0002_wm.jpg|http://www.museumschina.cn/img/waterMark/2019-01-02-14-28-22/yipu/da/33/02/81/21800002/00002375/3302812180000200002375-F-0001_wm.jpg
https://www.museumschina.cn/collection/details?id=EB781BD24E05475F9AEB4D5E27A75AF7,http://www.museumschina.cn/img/waterMark/2019-01-02-14-28-22/yipu/da/62/29/24/21800001/00000051/6229242180000100000051-A-0001_wm.jpg,新石器时代齐家文化刻划纹素陶罐,广河县齐家文化博物馆,陶器,新石器时代,二级,1985,单一/无机质/陶,http://www.museumschina.cn/img/waterMark/2019-01-02-14-28-22/yipu/da/62/29/24/21800001/00000051/6229242180000100000051-A-0001_wm.jpg|http://www.museumschina.cn/img/waterMark/2019-01-02-14-28-22/yipu/da/62/29/24/21800001/00000051/6229242180000100000051-B-0001_wm.jpg|http://www.museumschina.cn/img/waterMark/2019-01-02-14-28-22/yipu/da/62/29/24/21800001/00000051/6229242180000100000051-C-0001_wm.jpg|http://www.museumschina.cn/img/waterMark/2019-01-02-14-28-22/yipu/da/62/29/24/21800001/00000051/6229242180000100000051-F-0001_wm.jpg
https://www.museumschina.cn/collection/details?id=F388B2AEEC97438E920871D8D4CF0ED0,http://www.museumschina.cn/img/waterMark/2019-01-02-14-28-22/yipu/da/53/06/21/21800002/00000686/5306212180000200000686-A-0001_wm.jpg,新石器时代马厂遗址小口细长颈单耳鼓腹小平底灰陶瓶,云南省昭通市鲁甸县数字博物馆,陶器,新石器时代,一般,1999,单一/无机质/陶,http://www.museumschina.cn/img/waterMark/2019-01-02-14-28-22/yipu/da/53/06/21/21800002/00000686/5306212180000200000686-A-0001_wm.jpg|http://www.museumschina.cn/img/waterMark/2019-01-02-14-28-22/yipu/da/53/06/21/21800002/00000686/5306212180000200000686-E-0001_wm.jpg|http://www.museumschina.cn/img/waterMark/2019-01-02-14-28-22/yipu/da/53/06/21/21800002/00000686/5306212180000200000686-E-0002_wm.jpg|http://www.museumschina.cn/img/waterMark/2019-01-02-14-28-22/yipu/da/53/06/21/21800002/00000686/5306212180000200000686-F-0001_wm.jpg
https://www.museumschina.cn/collection/details?id=EF37A13F64914B45888F84CC9C4E3DB2,http://www.museumschina.cn/img/waterMark/2019-01-02-14-28-22/yipu/da/33/02/25/21800001/00000274/3302252180000100000274-A-0001_wm.jpg,新石器时代河姆渡文化泥质夹炭陶单把罐,浙江省宁波市象山县数字博物馆,陶器,新石器时代,一级,1998,单一/无机质/陶,http://www.museumschina.cn/img/waterMark/2019-01-02-14-28-22/yipu/da/33/02/25/21800001/00000274/3302252180000100000274-A-0001_wm.jpg|http://www.museumschina.cn/img/waterMark/2019-01-02-14-28-22/yipu/da/33/02/25/21800001/00000274/3302252180000100000274-B-0001_wm.jpg|http://www.museumschina.cn/img/waterMark/2019-01-02-14-28-22/yipu/da/33/02/25/21800001/00000274/3302252180000100000274-C-0001_wm.jpg|http://www.museumschina.cn/img/waterMark/2019-01-02-14-28-22/yipu/da/33/02/25/21800001/00000274/3302252180000100000274-C-0002_wm.jpg|http://www.museumschina.cn/img/waterMark/2019-01-02-14-28-22/yipu/da/33/02/25/21800001/00000274/3302252180000100000274-E-0001_wm.jpg|http://www.museumschina.cn/img/waterMark/2019-01-02-14-28-22/yipu/da/33/02/25/21800001/00000274/3302252180000100000274-F-0001_wm.jpg
https://www.museumschina.cn/collection/details?id=f2d5b83125b94a10ba77a44f7729cd12,http://www.museumschina.cn/img/waterMark/2019-01-02-14-28-22/yipu/da/62/30/24/21800001/00000035/6230242180000100000035-A-0001_wm.jpg,新石器时代·平口红陶罐,甘肃省甘南藏族自治州迭部县数字博物馆,陶器,新石器时代,未定级,1987,单一/无机质/陶,http://www.museumschina.cn/img/waterMark/2019-01-02-14-28-22/yipu/da/62/30/24/21800001/00000035/6230242180000100000035-A-0001_wm.jpg
https://www.museumschina.cn/collection/details?id=EB62E3D07F1045FE9BDDD9126DBE8B03,http://www.museumschina.cn/img/waterMark/2019-01-02-14-28-22/yipu/da/44/07/85/21800001/00000173/4407852180000100000173-A-0001_wm.jpg,新石器半山型双耳四大圆圈纹大彩陶罐,恩平市博物馆,陶器,新石器时代,二级,1991,单一/无机质/陶,http://www.museumschina.cn/img/waterMark/2019-01-02-14-28-22/yipu/da/44/07/85/21800001/00000173/4407852180000100000173-A-0001_wm.jpg|http://www.museumschina.cn/img/waterMark/2019-01-02-14-28-22/yipu/da/44/07/85/21800001/00000173/4407852180000100000173-B-0001_wm.jpg|http://www.museumschina.cn/img/waterMark/2019-01-02-14-28-22/yipu/da/44/07/85/21800001/00000173/4407852180000100000173-C-0001_wm.jpg|http://www.museumschina.cn/img/waterMark/2019-01-02-14-28-22/yipu/da/44/07/85/21800001/00000173/4407852180000100000173-F-0001_wm.jpg
https://www.museumschina.cn/collection/details?id=EF6D7362CAD44AC59888B223FF83C334,http://www.museumschina.cn/img/waterMark/2019-01-02-14-28-22/yipu/da/31/01/15/21800004/00002120/3101152180000400002120-A-0027_wm.jpg,灰陶带把陶簋,上海市浦东新区数字博物馆,陶器,新石器时代,未定级,2001,单一/无机质/陶,http://www.museumschina.cn/img/waterMark/2019-01-02-14-28-22/yipu/da/31/01/15/21800004/00002120/3101152180000400002120-A-0027_wm.jpg|http://www.museumschina.cn/img/waterMark/2019-01-02-14-28-22/yipu/da/31/01/15/21800004/00002120/3101152180000400002120-B-0029_wm.jpg|http://www.museumschina.cn/img/waterMark/2019-01-02-14-28-22/yipu/da/31/01/15/21800004/00002120/3101152180000400002120-C-0030_wm.jpg|http://www.museumschina.cn/img/waterMark/2019-01-02-14-28-22/yipu/da/31/01/15/21800004/00002120/3101152180000400002120-F-0026_wm.jpg
https://www.museumschina.cn/collection/details?id=F22EE123A59B473C846EC90461047403,http://www.museumschina.cn/img/waterMark/2019-01-02-14-28-22/yipu/da/62/29/01/21800004/00002010/6229012180000400002010-A-0001_wm.jpg,新石器时代马家窑文化半山类型漩涡纹双耳彩陶壶,临夏市博物馆,陶器,新石器时代,一级,1992,单一/无机质/陶,http://www.museumschina.cn/img/waterMark/2019-01-02-14-28-22/yipu/da/62/29/01/21800004/00002010/6229012180000400002010-A-0001_wm.jpg|http://www.museumschina.cn/img/waterMark/2019-01-02-14-28-22/yipu/da/62/29/01/21800004/00002010/6229012180000400002010-A-0002_wm.jpg|http://www.museumschina.cn/img/waterMark/2019-01-02-14-28-22/yipu/da/62/29/01/21800004/00002010/6229012180000400002010-A-0003_wm.jpg|http://www.museumschina.cn/img/waterMark/2019-01-02-14-28-22/yipu/da/62/29/01/21800004/00002010/6229012180000400002010-A-0004_wm.jpg
https://www.museumschina.cn/collection/details?id=F1C38349A59B45ABB54A690CF9C40E44,http://www.museumschina.cn/img/waterMark/2019-01-02-14-28-22/yipu/da/62/11/02/21800002/00001164/6211022180000200001164-A-0002_wm.jpg,新石器时代马家窑文化四大圆圈纹菱格纹彩陶双耳罐,安定区博物馆,陶器,新石器时代,一级,1976,单一/无机质/陶,http://www.museumschina.cn/img/waterMark/2019-01-02-14-28-22/yipu/da/62/11/02/21800002/00001164/6211022180000200001164-A-0002_wm.jpg
https://www.museumschina.cn/collection/details?id=F07DCDAF83ED48BEB313CF13ADBE9E6F,http://www.museumschina.cn/img/waterMark/2019-01-02-14-28-22/yipu/da/53/23/28/21800010/00001716/5323282180001000001716-A-0001_wm.jpg,新石器时代陶器（陶耳）,元谋县博物馆,陶器,新石器时代,未定级,1999,单一/无机质/陶,http://www.museumschina.cn/img/waterMark/2019-01-02-14-28-22/yipu/da/53/23/28/21800010/00001716/5323282180001000001716-A-0001_wm.jpg|http://www.museumschina.cn/img/waterMark/2019-01-02-14-28-22/yipu/da/53/23/28/21800010/00001716/5323282180001000001716-B-0001_wm.jpg|http://www.museumschina.cn/img/waterMark/2019-01-02-14-28-22/yipu/da/53/23/28/21800010/00001716/5323282180001000001716-C-0001_wm.jpg|http://www.museumschina.cn/img/waterMark/2019-01-02-14-28-22/yipu/da/53/23/28/21800010/00001716/5323282180001000001716-D-0001_wm.jpg
https://www.museumschina.cn/collection/details?id=ed1b3743ce2e434fac46f407d2660655,http://www.museumschina.cn/img/waterMark/2019-01-02-14-28-22/yipu/da/35/09/81/21800004/10000106/3509812180000410000106-A-0001_wm.jpg,新石器时代昙石山文化泥质灰陶豆,福建省昙石山遗址博物馆,陶器,新石器时代,一级,2001,单一/无机质/陶,http://www.museumschina.cn/img/waterMark/2019-01-02-14-28-22/yipu/da/35/09/81/21800004/10000106/3509812180000410000106-A-0001_wm.jpg|http://www.museumschina.cn/img/waterMark/2019-01-02-14-28-22/yipu/da/35/09/81/21800004/10000106/3509812180000410000106-B-0001_wm.jpg|http://www.museumschina.cn/img/waterMark/2019-01-02-14-28-22/yipu/da/35/09/81/21800004/10000106/3509812180000410000106-E-0001_wm.jpg|http://www.museumschina.cn/img/waterMark/2019-01-02-14-28-22/yipu/da/35/09/81/21800004/10000106/3509812180000410000106-F-0001_wm.jpg
https://www.museumschina.cn/collection/details?id=F051966650904B7A89132D5A8DED8717,http://www.museumschina.cn/img/waterMark/2019-01-02-14-28-22/yipu/da/23/05/24/21800001/00000001/2305242180000100000001-A-0001_wm.jpg,新石器时代水波纹陶罐,饶河博物馆,陶器,新石器时代,一般,,单一/无机质/陶,http://www.museumschina.cn/img/waterMark/2019-01-02-14-28-22/yipu/da/23/05/24/21800001/00000001/2305242180000100000001-A-0001_wm.jpg
https://www.museumschina.cn/collection/details?id=ec9604f456ac442a929db7eab1003f83,http://www.museumschina.cn/img/waterMark/2019-01-02-14-28-22/yipu/da/35/01/21/21800005/10016089/3501212180000510016089-A-0001_wm.jpg,新石器时代陶纺轮,闽侯县博物馆,陶器,新石器时代,三级,1982,单一/无机质/陶,http://www.museumschina.cn/img/waterMark/2019-01-02-14-28-22/yipu/da/35/01/21/21800005/10016089/3501212180000510016089-A-0001_wm.jpg|http://www.museumschina.cn/img/waterMark/2019-01-02-14-28-22/yipu/da/35/01/21/21800005/10016089/3501212180000510016089-B-0001_wm.jpg
https://www.museumschina.cn/collection/details?id=F0FAC9E0BDF54660AB110842FD5893D5,http://www.museumschina.cn/img/waterMark/2019-01-02-14-28-22/yipu/da/44/08/82/21800001/00002017/4408822180000100002017-A-0001_wm.jpg,新石器时代涡纹双耳彩陶罐,雷州市博物馆,陶器,新石器时代,二级,1988,单一/无机质/陶,http://www.museumschina.cn/img/waterMark/2019-01-02-14-28-22/yipu/da/44/08/82/21800001/00002017/4408822180000100002017-A-0001_wm.jpg|http://www.museumschina.cn/img/waterMark/2019-01-02-14-28-22/yipu/da/44/08/82/21800001/00002017/4408822180000100002017-B-0001_wm.jpg|http://www.museumschina.cn/img/waterMark/2019-01-02-14-28-22/yipu/da/44/08/82/21800001/00002017/4408822180000100002017-C-0001_wm.jpg|http://www.museumschina.cn/img/waterMark/2019-01-02-14-28-22/yipu/da/44/08/82/21800001/00002017/4408822180000100002017-C-0002_wm.jpg|http://www.museumschina.cn/img/waterMark/2019-01-02-14-28-22/yipu/da/44/08/82/21800001/00002017/4408822180000100002017-C-0003_wm.jpg|http://www.museumschina.cn/img/waterMark/2019-01-02-14-28-22/yipu/da/44/08/82/21800001/00002017/4408822180000100002017-E-0001_wm.jpg|http://www.museumschina.cn/img/waterMark/2019-01-02-14-28-22/yipu/da/44/08/82/21800001/00002017/4408822180000100002017-E-0002_wm.jpg|http://www.museumschina.cn/img/waterMark/2019-01-02-14-28-22/yipu/da/44/08/82/21800001/00002017/4408822180000100002017-F-0001_wm.jpg
https://www.museumschina.cn/collection/details?id=f28793dcd98f41258eac8ad0397d677c,http://www.museumschina.cn/img/waterMark/2019-01-02-14-28-22/yipu/da/62/05/23/41800001/00001137/6205234180000100001137-A-0001_wm.jpg,内彩鸟鱼波纹彩陶钵,甘谷县博物馆,陶器,新石器时代,一级,,单一/无机质/陶,http://www.museumschina.cn/img/waterMark/2019-01-02-14-28-22/yipu/da/62/05/23/41800001/00001137/6205234180000100001137-A-0001_wm.jpg|http://www.museumschina.cn/img/waterMark/2019-01-02-14-28-22/yipu/da/62/05/23/41800001/00001137/6205234180000100001137-B-0001_wm.jpg
https://www.museumschina.cn/collection/details?id=E4E4DF111A4C44FC9EA4D39A216A8670,http://www.museumschina.cn/img/waterMark/2019-01-02-14-28-22/yipu/da/23/05/23/21800001/00000042/2305232180000100000042-A-0001_wm.jpg,新石器时代连体陶杯,宝清县博物馆,陶器,新石器时代,三级,2007,单一/无机质/陶,http://www.museumschina.cn/img/waterMark/2019-01-02-14-28-22/yipu/da/23/05/23/21800001/00000042/2305232180000100000042-A-0001_wm.jpg|http://www.museumschina.cn/img/waterMark/2019-01-02-14-28-22/yipu/da/23/05/23/21800001/00000042/2305232180000100000042-A-0002_wm.jpg|http://www.museumschina.cn/img/waterMark/2019-01-02-14-28-22/yipu/da/23/05/23/21800001/00000042/2305232180000100000042-B-0001_wm.jpg|http://www.museumschina.cn/img/waterMark/2019-01-02-14-28-22/yipu/da/23/05/23/21800001/00000042/2305232180000100000042-F-0001_wm.jpg
https://www.museumschina.cn/collection/details?id=E519B17456034DAC84E54DB3AB262615,http://www.museumschina.cn/img/waterMark/2019-01-02-14-28-22/yipu/da/62/05/22/21800002/00002386/6205222180000200002386-A-0001_wm.jpg,新石器时代弧线圆圈纹彩陶罐,秦安县博物馆,陶器,新石器时代,一级,1971,单一/无机质/陶,http://www.museumschina.cn/img/waterMark/2019-01-02-14-28-22/yipu/da/62/05/22/21800002/00002386/6205222180000200002386-A-0001_wm.jpg|http://www.museumschina.cn/img/waterMark/2019-01-02-14-28-22/yipu/da/62/05/22/21800002/00002386/6205222180000200002386-A-0002_wm.jpg
https://www.museumschina.cn/collection/details?id=E5F1664B73374C12B0D533D14ED867DC,http://www.museumschina.cn/img/waterMark/2019-01-02-14-28-22/yipu/da/33/10/81/21800004/00000611/3310812180000400000611-A-0001_wm.jpg,新石器时代马家窑文化锯齿纹双耳彩陶罐,浙江省台州市温岭市数字博物馆,陶器,新石器时代,未定级,2009,单一/无机质/陶,http://www.museumschina.cn/img/waterMark/2019-01-02-14-28-22/yipu/da/33/10/81/21800004/00000611/3310812180000400000611-A-0001_wm.jpg|http://www.museumschina.cn/img/waterMark/2019-01-02-14-28-22/yipu/da/33/10/81/21800004/00000611/3310812180000400000611-A-0002_wm.jpg|http://www.museumschina.cn/img/waterMark/2019-01-02-14-28-22/yipu/da/33/10/81/21800004/00000611/3310812180000400000611-B-0001_wm.jpg|http://www.museumschina.cn/img/waterMark/2019-01-02-14-28-22/yipu/da/33/10/81/21800004/00000611/3310812180000400000611-C-0001_wm.jpg|http://www.museumschina.cn/img/waterMark/2019-01-02-14-28-22/yipu/da/33/10/81/21800004/00000611/3310812180000400000611-D-0001_wm.jpg|http://www.museumschina.cn/img/waterMark/2019-01-02-14-28-22/yipu/da/33/10/81/21800004/00000611/3310812180000400000611-F-0001_wm.jpg
https://www.museumschina.cn/collection/details?id=e6f245a2a28d4f0b8660a67fe43490e0,http://www.museumschina.cn/img/waterMark/2019-01-02-14-28-22/yipu/da/33/11/26/21800003/00000350/3311262180000300000350-A-0001_wm.jpg,新石器时代陶片,庆元县廊桥博物馆,陶器,新石器时代,一般,1949,单一/无机质/陶,http://www.museumschina.cn/img/waterMark/2019-01-02-14-28-22/yipu/da/33/11/26/21800003/00000350/3311262180000300000350-A-0001_wm.jpg|http://www.museumschina.cn/img/waterMark/2019-01-02-14-28-22/yipu/da/33/11/26/21800003/00000350/3311262180000300000350-F-0001_wm.jpg
https://www.museumschina.cn/collection/details?id=e7a1f0ccceb84a95a47d834ac696bddd,http://www.museumschina.cn/img/waterMark/2019-01-02-14-28-22/yipu/da/44/14/23/21800004/80000058/4414232180000480000058-A-0001_wm.jpg,新石器晚期方格纹陶罐,丰顺县博物馆,陶器,新石器时代,二级,1960,单一/无机质/陶,http://www.museumschina.cn/img/waterMark/2019-01-02-14-28-22/yipu/da/44/14/23/21800004/80000058/4414232180000480000058-A-0001_wm.jpg|http://www.museumschina.cn/img/waterMark/2019-01-02-14-28-22/yipu/da/44/14/23/21800004/80000058/4414232180000480000058-B-0001_wm.jpg|http://www.museumschina.cn/img/waterMark/2019-01-02-14-28-22/yipu/da/44/14/23/21800004/80000058/4414232180000480000058-E-0001_wm.jpg|http://www.museumschina.cn/img/waterMark/2019-01-02-14-28-22/yipu/da/44/14/23/21800004/80000058/4414232180000480000058-F-0001_wm.jpg
https://www.museumschina.cn/collection/details?id=e7fa42fc341541b8a69671612f01a208,http://www.museumschina.cn/img/waterMark/2019-01-02-14-28-22/yipu/da/14/08/27/21800006/10007375/1408272180000610007375-A-0001_wm.jpg,新石器时代仰韶文化黑色圆点弧线回旋勾连纹敛口鼓腹红陶瓮,垣曲县自然博物馆,陶器,新石器时代,一级,2004,单一/无机质/陶,http://www.museumschina.cn/img/waterMark/2019-01-02-14-28-22/yipu/da/14/08/27/21800006/10007375/1408272180000610007375-A-0001_wm.jpg|http://www.museumschina.cn/img/waterMark/2019-01-02-14-28-22/yipu/da/14/08/27/21800006/10007375/1408272180000610007375-B-0001_wm.jpg|http://www.museumschina.cn/img/waterMark/2019-01-02-14-28-22/yipu/da/14/08/27/21800006/10007375/1408272180000610007375-C-0001_wm.jpg|http://www.museumschina.cn/img/waterMark/2019-01-02-14-28-22/yipu/da/14/08/27/21800006/10007375/1408272180000610007375-E-0001_wm.jpg|http://www.museumschina.cn/img/waterMark/2019-01-02-14-28-22/yipu/da/14/08/27/21800006/10007375/1408272180000610007375-E-0002_wm.jpg|http://www.museumschina.cn/img/waterMark/2019-01-02-14-28-22/yipu/da/14/08/27/21800006/10007375/1408272180000610007375-F-0001_wm.jpg|http://www.museumschina.cn/img/waterMark/2019-01-02-14-28-22/yipu/da/14/08/27/21800006/10007375/1408272180000610007375-F-0002_wm.jpg
https://www.museumschina.cn/collection/details?id=E3714935DCFC4F17B71B8EDD59A2350F,http://www.museumschina.cn/img/waterMark/2019-01-02-14-28-22/yipu/da/44/08/82/21800001/00002279/4408822180000100002279-A-0001_wm.jpg,新石器时代四大圆圈内圆点纹双耳彩陶罐,雷州市博物馆,陶器,新石器时代,二级,1988,单一/无机质/陶,http://www.museumschina.cn/img/waterMark/2019-01-02-14-28-22/yipu/da/44/08/82/21800001/00002279/4408822180000100002279-A-0001_wm.jpg|http://www.museumschina.cn/img/waterMark/2019-01-02-14-28-22/yipu/da/44/08/82/21800001/00002279/4408822180000100002279-B-0001_wm.jpg|http://www.museumschina.cn/img/waterMark/2019-01-02-14-28-22/yipu/da/44/08/82/21800001/00002279/4408822180000100002279-C-0001_wm.jpg|http://www.museumschina.cn/img/waterMark/2019-01-02-14-28-22/yipu/da/44/08/82/21800001/00002279/4408822180000100002279-C-0002_wm.jpg|http://www.museumschina.cn/img/waterMark/2019-01-02-14-28-22/yipu/da/44/08/82/21800001/00002279/4408822180000100002279-C-0003_wm.jpg|http://www.museumschina.cn/img/waterMark/2019-01-02-14-28-22/yipu/da/44/08/82/21800001/00002279/4408822180000100002279-E-0001_wm.jpg|http://www.museumschina.cn/img/waterMark/2019-01-02-14-28-22/yipu/da/44/08/82/21800001/00002279/4408822180000100002279-E-0002_wm.jpg|http://www.museumschina.cn/img/waterMark/2019-01-02-14-28-22/yipu/da/44/08/82/21800001/00002279/4408822180000100002279-E-0003_wm.jpg|http://www.museumschina.cn/img/waterMark/2019-01-02-14-28-22/yipu/da/44/08/82/21800001/00002279/4408822180000100002279-F-0001_wm.jpg
https://www.museumschina.cn/collection/details?id=e3da106664924cd4b838da31acfb5e36,http://www.museumschina.cn/img/waterMark/2019-01-02-14-28-22/yipu/da/62/08/23/21800001/00000401/6208232180000100000401-A-0001_wm.jpg,齐家文化斝足内模,崇信县博物馆,陶器,新石器时代,三级,1987,单一/无机质/陶,http://www.museumschina.cn/img/waterMark/2019-01-02-14-28-22/yipu/da/62/08/23/21800001/00000401/6208232180000100000401-A-0001_wm.jpg
https://www.museumschina.cn/collection/details?id=E88A6173AF2147868A48E838CC781E9C,http://www.museumschina.cn/img/waterMark/2019-01-02-14-28-22/yipu/da/31/01/16/21800002/00001865/3101162180000200001865-A-0001_wm.jpg,马家窑圆点水波纹弧线平底瓶,上海金山区博物馆,陶器,新石器时代,二级,2009,单一/无机质/陶,http://www.museumschina.cn/img/waterMark/2019-01-02-14-28-22/yipu/da/31/01/16/21800002/00001865/3101162180000200001865-A-0001_wm.jpg|http://www.museumschina.cn/img/waterMark/2019-01-02-14-28-22/yipu/da/31/01/16/21800002/00001865/3101162180000200001865-B-0001_wm.jpg|http://www.museumschina.cn/img/waterMark/2019-01-02-14-28-22/yipu/da/31/01/16/21800002/00001865/3101162180000200001865-C-0001_wm.jpg|http://www.museumschina.cn/img/waterMark/2019-01-02-14-28-22/yipu/da/31/01/16/21800002/00001865/3101162180000200001865-F-0001_wm.jpg
https://www.museumschina.cn/collection/details?id=E9005227767C4444BC35E9A435753C5A,http://www.museumschina.cn/img/waterMark/2019-01-02-14-28-22/yipu/da/62/10/22/21800003/00002042/6210222180000300002042-A-0001_wm.jpg,新石器时代宽带纹彩陶钵,环县博物馆,陶器,新石器时代,二级,,单一/无机质/陶,http://www.museumschina.cn/img/waterMark/2019-01-02-14-28-22/yipu/da/62/10/22/21800003/00002042/6210222180000300002042-A-0001_wm.jpg|http://www.museumschina.cn/img/waterMark/2019-01-02-14-28-22/yipu/da/62/10/22/21800003/00002042/6210222180000300002042-F-0001_wm.jpg
https://www.museumschina.cn/collection/details?id=e36f70ed31de46649ff3bf80e523c3d9,http://www.museumschina.cn/img/waterMark/2019-01-02-14-28-22/yipu/da/62/10/22/21800003/00004894/6210222180000300004894-A-0001_wm.jpg,新石器时代旋纹彩陶罐,环县博物馆,陶器,新石器时代,一级,,单一/无机质/陶,http://www.museumschina.cn/img/waterMark/2019-01-02-14-28-22/yipu/da/62/10/22/21800003/00004894/6210222180000300004894-A-0001_wm.jpg
https://www.museumschina.cn/collection/details?id=e42c1e03f3e84f719bc39bac45e40fdb,http://www.museumschina.cn/img/waterMark/2019-01-02-14-28-22/yipu/da/62/10/25/21800001/00000837/6210252180000100000837-A-0001_wm.jpg,新石器时代仰韶文化绳纹尖底瓶,正宁县博物馆,陶器,新石器时代,二级,1977,单一/无机质/陶,http://www.museumschina.cn/img/waterMark/2019-01-02-14-28-22/yipu/da/62/10/25/21800001/00000837/6210252180000100000837-A-0001_wm.jpg|http://www.museumschina.cn/img/waterMark/2019-01-02-14-28-22/yipu/da/62/10/25/21800001/00000837/6210252180000100000837-A-0002_wm.jpg
https://www.museumschina.cn/collection/details?id=e9ac7d65b4a24ac2aa7fe4b8ee51b71d,http://www.museumschina.cn/img/waterMark/2019-01-02-14-28-22/yipu/da/14/08/27/21800006/10007374/1408272180000610007374-A-0001_wm.jpg,新石器时代庙底沟二期文化彩绘单耳红陶壶,垣曲县自然博物馆,陶器,新石器时代,一级,,单一/无机质/陶,http://www.museumschina.cn/img/waterMark/2019-01-02-14-28-22/yipu/da/14/08/27/21800006/10007374/1408272180000610007374-A-0001_wm.jpg|http://www.museumschina.cn/img/waterMark/2019-01-02-14-28-22/yipu/da/14/08/27/21800006/10007374/1408272180000610007374-A-0002_wm.jpg|http://www.museumschina.cn/img/waterMark/2019-01-02-14-28-22/yipu/da/14/08/27/21800006/10007374/1408272180000610007374-A-0003_wm.jpg|http://www.museumschina.cn/img/waterMark/2019-01-02-14-28-22/yipu/da/14/08/27/21800006/10007374/1408272180000610007374-A-0004_wm.jpg|http://www.museumschina.cn/img/waterMark/2019-01-02-14-28-22/yipu/da/14/08/27/21800006/10007374/1408272180000610007374-E-0001_wm.jpg|http://www.museumschina.cn/img/waterMark/2019-01-02-14-28-22/yipu/da/14/08/27/21800006/10007374/1408272180000610007374-F-0001_wm.jpg
https://www.museumschina.cn/collection/details?id=E99C1625A3494A208E5C385A258B6B9F,http://www.museumschina.cn/img/waterMark/2019-01-02-14-28-22/yipu/da/33/02/25/21800001/00000262/3302252180000100000262-A-0001_wm.jpg,新石器时代河姆渡文化陶豆,浙江省宁波市象山县数字博物馆,陶器,新石器时代,二级,1998,单一/无机质/陶,http://www.museumschina.cn/img/waterMark/2019-01-02-14-28-22/yipu/da/33/02/25/21800001/00000262/3302252180000100000262-A-0001_wm.jpg|http://www.museumschina.cn/img/waterMark/2019-01-02-14-28-22/yipu/da/33/02/25/21800001/00000262/3302252180000100000262-B-0001_wm.jpg|http://www.museumschina.cn/img/waterMark/2019-01-02-14-28-22/yipu/da/33/02/25/21800001/00000262/3302252180000100000262-C-0001_wm.jpg|http://www.museumschina.cn/img/waterMark/2019-01-02-14-28-22/yipu/da/33/02/25/21800001/00000262/3302252180000100000262-C-0002_wm.jpg|http://www.museumschina.cn/img/waterMark/2019-01-02-14-28-22/yipu/da/33/02/25/21800001/00000262/3302252180000100000262-E-0001_wm.jpg|http://www.museumschina.cn/img/waterMark/2019-01-02-14-28-22/yipu/da/33/02/25/21800001/00000262/3302252180000100000262-E-0002_wm.jpg|http://www.museumschina.cn/img/waterMark/2019-01-02-14-28-22/yipu/da/33/02/25/21800001/00000262/3302252180000100000262-F-0001_wm.jpg
https://www.museumschina.cn/collection/details?id=e482b0dc908747fe9585b7a8dc57bb07,http://www.museumschina.cn/img/waterMark/2019-01-02-14-28-22/yipu/da/62/11/24/21800003/00000090/6211242180000300000090-A-0001_wm.jpg,新石器时代马家窑文化大锯齿纹彩陶双耳罐,临洮县博物馆,陶器,新石器时代,二级,,单一/无机质/陶,http://www.museumschina.cn/img/waterMark/2019-01-02-14-28-22/yipu/da/62/11/24/21800003/00000090/6211242180000300000090-A-0001_wm.jpg|http://www.museumschina.cn/img/waterMark/2019-01-02-14-28-22/yipu/da/62/11/24/21800003/00000090/6211242180000300000090-C-0001_wm.jpg|http://www.museumschina.cn/img/waterMark/2019-01-02-14-28-22/yipu/da/62/11/24/21800003/00000090/6211242180000300000090-C-0002_wm.jpg|http://www.museumschina.cn/img/waterMark/2019-01-02-14-28-22/yipu/da/62/11/24/21800003/00000090/6211242180000300000090-F-0001_wm.jpg
https://www.museumschina.cn/collection/details?id=E4E4DF111A4C44FC9EA4D39A216A8670,http://www.museumschina.cn/img/waterMark/2019-01-02-14-28-22/yipu/da/23/05/23/21800001/00000042/2305232180000100000042-A-0001_wm.jpg,新石器时代连体陶杯,宝清县博物馆,陶器,新石器时代,三级,2007,单一/无机质/陶,http://www.museumschina.cn/img/waterMark/2019-01-02-14-28-22/yipu/da/23/05/23/21800001/00000042/2305232180000100000042-A-0001_wm.jpg|http://www.museumschina.cn/img/waterMark/2019-01-02-14-28-22/yipu/da/23/05/23/21800001/00000042/2305232180000100000042-A-0002_wm.jpg|http://www.museumschina.cn/img/waterMark/2019-01-02-14-28-22/yipu/da/23/05/23/21800001/00000042/2305232180000100000042-B-0001_wm.jpg|http://www.museumschina.cn/img/waterMark/2019-01-02-14-28-22/yipu/da/23/05/23/21800001/00000042/2305232180000100000042-F-0001_wm.jpg
https://www.museumschina.cn/collection/details?id=E4F7D530F1DE43E098056E216E3ADD85,http://www.museumschina.cn/img/waterMark/2019-01-02-14-28-22/yipu/da/23/12/81/21800002/00000067/2312812180000200000067-A-0001_wm.jpg,新石器时代梳齿纹夹砂蚌陶片,黑龙江省绥化市安达市数字博物馆,陶器,新石器时代,一般,1997,单一/无机质/陶,http://www.museumschina.cn/img/waterMark/2019-01-02-14-28-22/yipu/da/23/12/81/21800002/00000067/2312812180000200000067-A-0001_wm.jpg
https://www.museumschina.cn/collection/details?id=ea56d543ee5b494aaa30696d0cd65641,http://www.museumschina.cn/img/waterMark/2019-01-02-14-28-22/yipu/da/44/14/23/21800004/80000056/4414232180000480000056-A-1006_wm.jpg,新石器时期三角纹双耳彩陶壶,丰顺县博物馆,陶器,新石器时代,二级,1990,单一/无机质/陶,http://www.museumschina.cn/img/waterMark/2019-01-02-14-28-22/yipu/da/44/14/23/21800004/80000056/4414232180000480000056-A-1006_wm.jpg
https://www.museumschina.cn/collection/details?id=eadbc27613464e16a3e42a6b38ef323c,http://www.museumschina.cn/img/waterMark/2019-01-02-14-28-22/yipu/da/62/08/26/21800001/00000241/6208262180000100000241-A-0001_wm.jpg,马家窑型弧线三角纹彩陶罐,静宁县博物馆,陶器,新石器时代,二级,1986,单一/无机质/陶,http://www.museumschina.cn/img/waterMark/2019-01-02-14-28-22/yipu/da/62/08/26/21800001/00000241/6208262180000100000241-A-0001_wm.jpg|http://www.museumschina.cn/img/waterMark/2019-01-02-14-28-22/yipu/da/62/08/26/21800001/00000241/6208262180000100000241-B-0001_wm.jpg|http://www.museumschina.cn/img/waterMark/2019-01-02-14-28-22/yipu/da/62/08/26/21800001/00000241/6208262180000100000241-F-0001_wm.jpg
https://www.museumschina.cn/collection/details?id=DBF26BF5FC994E3A86A8C031551D65EE,http://www.museumschina.cn/img/waterMark/2019-01-02-14-28-22/yipu/da/14/08/22/21800004/00000846/1408222180000400000846-A-0001_wm.jpg,新石器时代绳纹单耳陶罐,万荣县博物馆,陶器,新石器时代,一级,1980,单一/无机质/陶,http://www.museumschina.cn/img/waterMark/2019-01-02-14-28-22/yipu/da/14/08/22/21800004/00000846/1408222180000400000846-A-0001_wm.jpg|http://www.museumschina.cn/img/waterMark/2019-01-02-14-28-22/yipu/da/14/08/22/21800004/00000846/1408222180000400000846-B-0001_wm.jpg|http://www.museumschina.cn/img/waterMark/2019-01-02-14-28-22/yipu/da/14/08/22/21800004/00000846/1408222180000400000846-C-0001_wm.jpg|http://www.museumschina.cn/img/waterMark/2019-01-02-14-28-22/yipu/da/14/08/22/21800004/00000846/1408222180000400000846-D-0001_wm.jpg|http://www.museumschina.cn/img/waterMark/2019-01-02-14-28-22/yipu/da/14/08/22/21800004/00000846/1408222180000400000846-E-0001_wm.jpg|http://www.museumschina.cn/img/waterMark/2019-01-02-14-28-22/yipu/da/14/08/22/21800004/00000846/1408222180000400000846-F-0001_wm.jpg
https://www.museumschina.cn/collection/details?id=DDEE46A4DF92432682C9A219E35B6699,http://www.museumschina.cn/img/waterMark/2019-01-02-14-28-22/yipu/da/62/29/01/21800004/00001129/6229012180000400001129-A-0001_wm.jpg,新石器时代马家窑文化网格纹彩陶小罐,临夏市博物馆,陶器,新石器时代,一级,1992,单一/无机质/陶,http://www.museumschina.cn/img/waterMark/2019-01-02-14-28-22/yipu/da/62/29/01/21800004/00001129/6229012180000400001129-A-0001_wm.jpg|http://www.museumschina.cn/img/waterMark/2019-01-02-14-28-22/yipu/da/62/29/01/21800004/00001129/6229012180000400001129-B-0001_wm.jpg|http://www.museumschina.cn/img/waterMark/2019-01-02-14-28-22/yipu/da/62/29/01/21800004/00001129/6229012180000400001129-C-0001_wm.jpg|http://www.museumschina.cn/img/waterMark/2019-01-02-14-28-22/yipu/da/62/29/01/21800004/00001129/6229012180000400001129-F-0001_wm.jpg
https://www.museumschina.cn/collection/details?id=E000820B01F941F2BBE50D406D2420BC,http://www.museumschina.cn/img/waterMark/2019-01-02-14-28-22/yipu/da/44/01/83/21800002/00000301/4401832180000200000301-A-0001_wm.jpg,新石器时代几何纹双系彩陶罐,增城市博物馆,陶器,新石器时代,三级,2000,单一/无机质/陶,http://www.museumschina.cn/img/waterMark/2019-01-02-14-28-22/yipu/da/44/01/83/21800002/00000301/4401832180000200000301-A-0001_wm.jpg|http://www.museumschina.cn/img/waterMark/2019-01-02-14-28-22/yipu/da/44/01/83/21800002/00000301/4401832180000200000301-B-0001_wm.jpg|http://www.museumschina.cn/img/waterMark/2019-01-02-14-28-22/yipu/da/44/01/83/21800002/00000301/4401832180000200000301-D-0001_wm.jpg|http://www.museumschina.cn/img/waterMark/2019-01-02-14-28-22/yipu/da/44/01/83/21800002/00000301/4401832180000200000301-E-0001_wm.jpg|http://www.museumschina.cn/img/waterMark/2019-01-02-14-28-22/yipu/da/44/01/83/21800002/00000301/4401832180000200000301-E-0002_wm.jpg|http://www.museumschina.cn/img/waterMark/2019-01-02-14-28-22/yipu/da/44/01/83/21800002/00000301/4401832180000200000301-E-0003_wm.jpg|http://www.museumschina.cn/img/waterMark/2019-01-02-14-28-22/yipu/da/44/01/83/21800002/00000301/4401832180000200000301-F-0001_wm.jpg
https://www.museumschina.cn/collection/details?id=dfd25aab96bb4d4bb9329e0c94640e4c,http://www.museumschina.cn/img/waterMark/2019-01-02-14-28-22/yipu/da/62/29/23/21800003/00001370/6229232180000300001370-A-0001_wm.jpg,新石器时代马家窑文化马厂类型神人纹单鋬双耳彩陶罐,永靖县博物馆,陶器,新石器时代,一级,1984,单一/无机质/陶,http://www.museumschina.cn/img/waterMark/2019-01-02-14-28-22/yipu/da/62/29/23/21800003/00001370/6229232180000300001370-A-0001_wm.jpg|http://www.museumschina.cn/img/waterMark/2019-01-02-14-28-22/yipu/da/62/29/23/21800003/00001370/6229232180000300001370-A-0002_wm.jpg|http://www.museumschina.cn/img/waterMark/2019-01-02-14-28-22/yipu/da/62/29/23/21800003/00001370/6229232180000300001370-A-0003_wm.jpg
https://www.museumschina.cn/collection/details?id=dfefae16a43340c99d752f385e9ab576,http://www.museumschina.cn/img/waterMark/2019-01-02-14-28-22/yipu/da/62/29/27/21800001/00000039/6229272180000100000039-A-0001_wm.jpg,齐家文化蓝纹双耳素陶瓶,积石山保安族东乡族撒拉族自治县博物馆,陶器,新石器时代,二级,1983,单一/无机质/陶,http://www.museumschina.cn/img/waterMark/2019-01-02-14-28-22/yipu/da/62/29/27/21800001/00000039/6229272180000100000039-A-0001_wm.jpg|http://www.museumschina.cn/img/waterMark/2019-01-02-14-28-22/yipu/da/62/29/27/21800001/00000039/6229272180000100000039-A-0002_wm.jpg|http://www.museumschina.cn/img/waterMark/2019-01-02-14-28-22/yipu/da/62/29/27/21800001/00000039/6229272180000100000039-B-0001_wm.jpg|http://www.museumschina.cn/img/waterMark/2019-01-02-14-28-22/yipu/da/62/29/27/21800001/00000039/6229272180000100000039-C-0001_wm.jpg|http://www.museumschina.cn/img/waterMark/2019-01-02-14-28-22/yipu/da/62/29/27/21800001/00000039/6229272180000100000039-C-0002_wm.jpg|http://www.museumschina.cn/img/waterMark/2019-01-02-14-28-22/yipu/da/62/29/27/21800001/00000039/6229272180000100000039-F-0001_wm.jpg
https://www.museumschina.cn/collection/details?id=DE876EB3B50F471EA2D5DB02C816A055,http://www.museumschina.cn/img/waterMark/2019-01-02-14-28-22/yipu/da/62/12/26/21800001/00001759/6212262180000100001759-A-0001_wm.jpg,新石器时代齐家文化带流黄陶壶,甘肃省礼县博物馆,陶器,新石器时代,一级,1991,单一/无机质/陶,http://www.museumschina.cn/img/waterMark/2019-01-02-14-28-22/yipu/da/62/12/26/21800001/00001759/6212262180000100001759-A-0001_wm.jpg
https://www.museumschina.cn/collection/details?id=DDEE46A4DF92432682C9A219E35B6699,http://www.museumschina.cn/img/waterMark/2019-01-02-14-28-22/yipu/da/62/29/01/21800004/00001129/6229012180000400001129-A-0001_wm.jpg,新石器时代马家窑文化网格纹彩陶小罐,临夏市博物馆,陶器,新石器时代,一级,1992,单一/无机质/陶,http://www.museumschina.cn/img/waterMark/2019-01-02-14-28-22/yipu/da/62/29/01/21800004/00001129/6229012180000400001129-A-0001_wm.jpg|http://www.museumschina.cn/img/waterMark/2019-01-02-14-28-22/yipu/da/62/29/01/21800004/00001129/6229012180000400001129-B-0001_wm.jpg|http://www.museumschina.cn/img/waterMark/2019-01-02-14-28-22/yipu/da/62/29/01/21800004/00001129/6229012180000400001129-C-0001_wm.jpg|http://www.museumschina.cn/img/waterMark/2019-01-02-14-28-22/yipu/da/62/29/01/21800004/00001129/6229012180000400001129-F-0001_wm.jpg
https://www.museumschina.cn/collection/details?id=dda7ec9a1f6f418c91a07bc39740b7a3,http://www.museumschina.cn/img/waterMark/2019-01-02-14-28-22/yipu/da/62/10/02/21800002/00000105/6210022180000200000105-A-0001_wm.jpg,新石器时代红陶轮,庆阳市西峰区博物馆,陶器,新石器时代,二级,1987,单一/无机质/陶,http://www.museumschina.cn/img/waterMark/2019-01-02-14-28-22/yipu/da/62/10/02/21800002/00000105/6210022180000200000105-A-0001_wm.jpg|http://www.museumschina.cn/img/waterMark/2019-01-02-14-28-22/yipu/da/62/10/02/21800002/00000105/6210022180000200000105-B-0001_wm.jpg|http://www.museumschina.cn/img/waterMark/2019-01-02-14-28-22/yipu/da/62/10/02/21800002/00000105/6210022180000200000105-F-0001_wm.jpg
https://www.museumschina.cn/collection/details?id=DBF26BF5FC994E3A86A8C031551D65EE,http://www.museumschina.cn/img/waterMark/2019-01-02-14-28-22/yipu/da/14/08/22/21800004/00000846/1408222180000400000846-A-0001_wm.jpg,新石器时代绳纹单耳陶罐,万荣县博物馆,陶器,新石器时代,一级,1980,单一/无机质/陶,http://www.museumschina.cn/img/waterMark/2019-01-02-14-28-22/yipu/da/14/08/22/21800004/00000846/1408222180000400000846-A-0001_wm.jpg|http://www.museumschina.cn/img/waterMark/2019-01-02-14-28-22/yipu/da/14/08/22/21800004/00000846/1408222180000400000846-B-0001_wm.jpg|http://www.museumschina.cn/img/waterMark/2019-01-02-14-28-22/yipu/da/14/08/22/21800004/00000846/1408222180000400000846-C-0001_wm.jpg|http://www.museumschina.cn/img/waterMark/2019-01-02-14-28-22/yipu/da/14/08/22/21800004/00000846/1408222180000400000846-D-0001_wm.jpg|http://www.museumschina.cn/img/waterMark/2019-01-02-14-28-22/yipu/da/14/08/22/21800004/00000846/1408222180000400000846-E-0001_wm.jpg|http://www.museumschina.cn/img/waterMark/2019-01-02-14-28-22/yipu/da/14/08/22/21800004/00000846/1408222180000400000846-F-0001_wm.jpg
https://www.museumschina.cn/collection/details?id=da0dd4298fd4436bb9d698533c6cfc66,http://www.museumschina.cn/img/waterMark/2019-01-02-14-28-22/yipu/da/62/05/25/21800001/00000350/6205252180000100000350-A-0001_wm.jpg,细颈壶,张家川回族自治县博物馆,陶器,新石器时代,二级,1988,单一/无机质/陶,http://www.museumschina.cn/img/waterMark/2019-01-02-14-28-22/yipu/da/62/05/25/21800001/00000350/6205252180000100000350-A-0001_wm.jpg
https://www.museumschina.cn/collection/details?id=E2F50F1D462D4610A24BAC217E664F26,http://www.museumschina.cn/img/waterMark/2019-01-02-14-28-22/yipu/da/53/23/28/21800010/00001692/5323282180001000001692-A-0001_wm.jpg,新石器时代陶耳,元谋县博物馆,陶器,新石器时代,未定级,1999,单一/无机质/陶,http://www.museumschina.cn/img/waterMark/2019-01-02-14-28-22/yipu/da/53/23/28/21800010/00001692/5323282180001000001692-A-0001_wm.jpg|http://www.museumschina.cn/img/waterMark/2019-01-02-14-28-22/yipu/da/53/23/28/21800010/00001692/5323282180001000001692-B-0001_wm.jpg|http://www.museumschina.cn/img/waterMark/2019-01-02-14-28-22/yipu/da/53/23/28/21800010/00001692/5323282180001000001692-C-0001_wm.jpg|http://www.museumschina.cn/img/waterMark/2019-01-02-14-28-22/yipu/da/53/23/28/21800010/00001692/5323282180001000001692-D-0001_wm.jpg
https://www.museumschina.cn/collection/details?id=E32FB710E82C4D97BA96DC1C7FB9A83A,http://www.museumschina.cn/img/waterMark/2019-01-02-14-28-22/yipu/da/44/06/07/21800001/00000951/4406072180000100000951-A-0001_wm.jpg,新石器时代网纹彩陶单耳罐,三水区博物馆,陶器,新石器时代,二级,1987,单一/无机质/陶,http://www.museumschina.cn/img/waterMark/2019-01-02-14-28-22/yipu/da/44/06/07/21800001/00000951/4406072180000100000951-A-0001_wm.jpg|http://www.museumschina.cn/img/waterMark/2019-01-02-14-28-22/yipu/da/44/06/07/21800001/00000951/4406072180000100000951-B-0001_wm.jpg|http://www.museumschina.cn/img/waterMark/2019-01-02-14-28-22/yipu/da/44/06/07/21800001/00000951/4406072180000100000951-C-0001_wm.jpg|http://www.museumschina.cn/img/waterMark/2019-01-02-14-28-22/yipu/da/44/06/07/21800001/00000951/4406072180000100000951-C-0002_wm.jpg|http://www.museumschina.cn/img/waterMark/2019-01-02-14-28-22/yipu/da/44/06/07/21800001/00000951/4406072180000100000951-F-0001_wm.jpg
https://www.museumschina.cn/collection/details?id=E339AE98CFEA4EA5884BF916F3744E32,http://www.museumschina.cn/img/waterMark/2019-01-02-14-28-22/yipu/da/23/04/21/21800001/00000398/2304212180000100000398-A-0001_wm.jpg,新石器时代褐陶纺轮,黑龙江流域博物馆,陶器,新石器时代,一般,2008,单一/无机质/陶,http://www.museumschina.cn/img/waterMark/2019-01-02-14-28-22/yipu/da/23/04/21/21800001/00000398/2304212180000100000398-A-0001_wm.jpg|http://www.museumschina.cn/img/waterMark/2019-01-02-14-28-22/yipu/da/23/04/21/21800001/00000398/2304212180000100000398-B-0001_wm.jpg|http://www.museumschina.cn/img/waterMark/2019-01-02-14-28-22/yipu/da/23/04/21/21800001/00000398/2304212180000100000398-C-0001_wm.jpg|http://www.museumschina.cn/img/waterMark/2019-01-02-14-28-22/yipu/da/23/04/21/21800001/00000398/2304212180000100000398-D-0001_wm.jpg|http://www.museumschina.cn/img/waterMark/2019-01-02-14-28-22/yipu/da/23/04/21/21800001/00000398/2304212180000100000398-E-0001_wm.jpg|http://www.museumschina.cn/img/waterMark/2019-01-02-14-28-22/yipu/da/23/04/21/21800001/00000398/2304212180000100000398-F-0001_wm.jpg
https://www.museumschina.cn/collection/details?id=D80767B7135941EAB369888328378772,http://www.museumschina.cn/img/waterMark/2019-01-02-14-28-22/yipu/da/53/06/21/21800002/00000670/5306212180000200000670-A-0001_wm.jpg,新石器时代野石山遗址夹砂直口黑陶罐,云南省昭通市鲁甸县数字博物馆,陶器,新石器时代,三级,2006,复合或组合/无机复合或组合/陶,http://www.museumschina.cn/img/waterMark/2019-01-02-14-28-22/yipu/da/53/06/21/21800002/00000670/5306212180000200000670-A-0001_wm.jpg|http://www.museumschina.cn/img/waterMark/2019-01-02-14-28-22/yipu/da/53/06/21/21800002/00000670/5306212180000200000670-B-0001_wm.jpg|http://www.museumschina.cn/img/waterMark/2019-01-02-14-28-22/yipu/da/53/06/21/21800002/00000670/5306212180000200000670-F-0001_wm.jpg
https://www.museumschina.cn/collection/details?id=D7C0E790706F4447B65648260F46D156,http://www.museumschina.cn/img/waterMark/2019-01-02-14-28-22/yipu/da/62/11/22/21800002/00001121/6211222180000200001121-A-0001_wm.jpg,新石器时代马家窑文化双耳旋纹彩陶罐,陇西县博物馆,陶器,新石器时代,一级,1977,单一/无机质/陶,http://www.museumschina.cn/img/waterMark/2019-01-02-14-28-22/yipu/da/62/11/22/21800002/00001121/6211222180000200001121-A-0001_wm.jpg|http://www.museumschina.cn/img/waterMark/2019-01-02-14-28-22/yipu/da/62/11/22/21800002/00001121/6211222180000200001121-E-0001_wm.jpg|http://www.museumschina.cn/img/waterMark/2019-01-02-14-28-22/yipu/da/62/11/22/21800002/00001121/6211222180000200001121-E-0002_wm.jpg|http://www.museumschina.cn/img/waterMark/2019-01-02-14-28-22/yipu/da/62/11/22/21800002/00001121/6211222180000200001121-F-0001_wm.jpg
https://www.museumschina.cn/collection/details?id=D60C8C9EF19B4BA683F36D4879833DF4,http://www.museumschina.cn/img/waterMark/2019-01-02-14-28-22/yipu/da/33/10/81/21800004/00000474/3310812180000400000474-A-0001_wm.jpg,新石器时代马家窑文化圆点带状纹彩陶碗,浙江省台州市温岭市数字博物馆,陶器,新石器时代,未定级,2009,单一/无机质/陶,http://www.museumschina.cn/img/waterMark/2019-01-02-14-28-22/yipu/da/33/10/81/21800004/00000474/3310812180000400000474-A-0001_wm.jpg|http://www.museumschina.cn/img/waterMark/2019-01-02-14-28-22/yipu/da/33/10/81/21800004/00000474/3310812180000400000474-B-0001_wm.jpg|http://www.museumschina.cn/img/waterMark/2019-01-02-14-28-22/yipu/da/33/10/81/21800004/00000474/3310812180000400000474-D-0001_wm.jpg|http://www.museumschina.cn/img/waterMark/2019-01-02-14-28-22/yipu/da/33/10/81/21800004/00000474/3310812180000400000474-F-0001_wm.jpg
https://www.museumschina.cn/collection/details?id=D5D5E77020884EF7A65A9AF5EE94EE76,http://www.museumschina.cn/img/waterMark/2019-01-02-14-28-22/yipu/da/44/08/81/21800001/00000018/4408812180000100000018-A-0001_wm.jpg,新石器时代圆圈网纹双耳彩陶罐,廉江市博物馆,陶器,新石器时代,三级,1987,单一/无机质/陶,http://www.museumschina.cn/img/waterMark/2019-01-02-14-28-22/yipu/da/44/08/81/21800001/00000018/4408812180000100000018-A-0001_wm.jpg|http://www.museumschina.cn/img/waterMark/2019-01-02-14-28-22/yipu/da/44/08/81/21800001/00000018/4408812180000100000018-B-0001_wm.jpg|http://www.museumschina.cn/img/waterMark/2019-01-02-14-28-22/yipu/da/44/08/81/21800001/00000018/4408812180000100000018-C-0001_wm.jpg|http://www.museumschina.cn/img/waterMark/2019-01-02-14-28-22/yipu/da/44/08/81/21800001/00000018/4408812180000100000018-C-0002_wm.jpg|http://www.museumschina.cn/img/waterMark/2019-01-02-14-28-22/yipu/da/44/08/81/21800001/00000018/4408812180000100000018-C-0003_wm.jpg|http://www.museumschina.cn/img/waterMark/2019-01-02-14-28-22/yipu/da/44/08/81/21800001/00000018/4408812180000100000018-D-0001_wm.jpg|http://www.museumschina.cn/img/waterMark/2019-01-02-14-28-22/yipu/da/44/08/81/21800001/00000018/4408812180000100000018-E-0001_wm.jpg|http://www.museumschina.cn/img/waterMark/2019-01-02-14-28-22/yipu/da/44/08/81/21800001/00000018/4408812180000100000018-E-0002_wm.jpg|http://www.museumschina.cn/img/waterMark/2019-01-02-14-28-22/yipu/da/44/08/81/21800001/00000018/4408812180000100000018-E-0003_wm.jpg|http://www.museumschina.cn/img/waterMark/2019-01-02-14-28-22/yipu/da/44/08/81/21800001/00000018/4408812180000100000018-F-0001_wm.jpg
https://www.museumschina.cn/collection/details?id=D51FF2BF58484D7785BD4CF19D97D98E,http://www.museumschina.cn/img/waterMark/2019-01-02-14-28-22/yipu/da/62/11/02/21800002/00001218/6211022180000200001218-A-0002_wm.jpg,新石器时代马家窑文化平行线锯齿纹彩陶双耳壶,安定区博物馆,陶器,新石器时代,二级,1982,单一/无机质/陶,http://www.museumschina.cn/img/waterMark/2019-01-02-14-28-22/yipu/da/62/11/02/21800002/00001218/6211022180000200001218-A-0002_wm.jpg
https://www.museumschina.cn/collection/details?id=d24eaa25d6b44289bf45775c8ccc2b43,http://www.museumschina.cn/img/waterMark/2019-01-02-14-28-22/yipu/da/62/09/21/21800001/00000612/6209212180000100000612-A-0001_wm.jpg,新石器时代四坝文化回纹枪头彩陶罐,金塔县博物馆,陶器,新石器时代,二级,2011,单一/无机质/陶,http://www.museumschina.cn/img/waterMark/2019-01-02-14-28-22/yipu/da/62/09/21/21800001/00000612/6209212180000100000612-A-0001_wm.jpg|http://www.museumschina.cn/img/waterMark/2019-01-02-14-28-22/yipu/da/62/09/21/21800001/00000612/6209212180000100000612-B-0001_wm.jpg|http://www.museumschina.cn/img/waterMark/2019-01-02-14-28-22/yipu/da/62/09/21/21800001/00000612/6209212180000100000612-C-0001_wm.jpg|http://www.museumschina.cn/img/waterMark/2019-01-02-14-28-22/yipu/da/62/09/21/21800001/00000612/6209212180000100000612-F-0001_wm.jpg
https://www.museumschina.cn/collection/details?id=D3ED0177508C4E36903E3903693C0CAB,http://www.museumschina.cn/img/waterMark/2019-01-02-14-28-22/yipu/da/62/30/22/21800001/00000212/6230222180000100000212-A-0001_wm.jpg,新石器时代·马鞍口双耳红陶罐,卓尼县博物馆,陶器,新石器时代,未定级,,单一/无机质/陶,http://www.museumschina.cn/img/waterMark/2019-01-02-14-28-22/yipu/da/62/30/22/21800001/00000212/6230222180000100000212-A-0001_wm.jpg|http://www.museumschina.cn/img/waterMark/2019-01-02-14-28-22/yipu/da/62/30/22/21800001/00000212/6230222180000100000212-A-0002_wm.jpg|http://www.museumschina.cn/img/waterMark/2019-01-02-14-28-22/yipu/da/62/30/22/21800001/00000212/6230222180000100000212-B-0001_wm.jpg|http://www.museumschina.cn/img/waterMark/2019-01-02-14-28-22/yipu/da/62/30/22/21800001/00000212/6230222180000100000212-C-0001_wm.jpg|http://www.museumschina.cn/img/waterMark/2019-01-02-14-28-22/yipu/da/62/30/22/21800001/00000212/6230222180000100000212-C-0002_wm.jpg|http://www.museumschina.cn/img/waterMark/2019-01-02-14-28-22/yipu/da/62/30/22/21800001/00000212/6230222180000100000212-F-0001_wm.jpg
https://www.museumschina.cn/collection/details?id=D38AB12974B0492B9C15BC66F896110B,http://www.museumschina.cn/img/waterMark/2019-01-02-14-28-22/yipu/da/44/09/83/21800001/00000150/4409832180000100000150-A-0001_wm.jpg,新石器时代变形蛙纹双耳彩陶壶,信宜市博物馆,陶器,新石器时代,三级,1987,单一/无机质/陶,http://www.museumschina.cn/img/waterMark/2019-01-02-14-28-22/yipu/da/44/09/83/21800001/00000150/4409832180000100000150-A-0001_wm.jpg|http://www.museumschina.cn/img/waterMark/2019-01-02-14-28-22/yipu/da/44/09/83/21800001/00000150/4409832180000100000150-B-0001_wm.jpg|http://www.museumschina.cn/img/waterMark/2019-01-02-14-28-22/yipu/da/44/09/83/21800001/00000150/4409832180000100000150-C-0001_wm.jpg|http://www.museumschina.cn/img/waterMark/2019-01-02-14-28-22/yipu/da/44/09/83/21800001/00000150/4409832180000100000150-D-0001_wm.jpg|http://www.museumschina.cn/img/waterMark/2019-01-02-14-28-22/yipu/da/44/09/83/21800001/00000150/4409832180000100000150-F-0001_wm.jpg
https://www.museumschina.cn/collection/details?id=D2C2E3718E9C48769B2BD6C6B17AA6BB,http://www.museumschina.cn/img/waterMark/2019-01-02-14-28-22/yipu/da/62/05/22/21800002/00002402/6205222180000200002402-A-0001_wm.jpg,马家窑文化马家窑类型人面网纹彩陶壶,秦安县博物馆,陶器,新石器时代,一级,1981,单一/无机质/陶,http://www.museumschina.cn/img/waterMark/2019-01-02-14-28-22/yipu/da/62/05/22/21800002/00002402/6205222180000200002402-A-0001_wm.jpg
https://www.museumschina.cn/collection/details?id=D38AB12974B0492B9C15BC66F896110B,http://www.museumschina.cn/img/waterMark/2019-01-02-14-28-22/yipu/da/44/09/83/21800001/00000150/4409832180000100000150-A-0001_wm.jpg,新石器时代变形蛙纹双耳彩陶壶,信宜市博物馆,陶器,新石器时代,三级,1987,单一/无机质/陶,http://www.museumschina.cn/img/waterMark/2019-01-02-14-28-22/yipu/da/44/09/83/21800001/00000150/4409832180000100000150-A-0001_wm.jpg|http://www.museumschina.cn/img/waterMark/2019-01-02-14-28-22/yipu/da/44/09/83/21800001/00000150/4409832180000100000150-B-0001_wm.jpg|http://www.museumschina.cn/img/waterMark/2019-01-02-14-28-22/yipu/da/44/09/83/21800001/00000150/4409832180000100000150-C-0001_wm.jpg|http://www.museumschina.cn/img/waterMark/2019-01-02-14-28-22/yipu/da/44/09/83/21800001/00000150/4409832180000100000150-D-0001_wm.jpg|http://www.museumschina.cn/img/waterMark/2019-01-02-14-28-22/yipu/da/44/09/83/21800001/00000150/4409832180000100000150-F-0001_wm.jpg
https://www.museumschina.cn/collection/details?id=d24eaa25d6b44289bf45775c8ccc2b43,http://www.museumschina.cn/img/waterMark/2019-01-02-14-28-22/yipu/da/62/09/21/21800001/00000612/6209212180000100000612-A-0001_wm.jpg,新石器时代四坝文化回纹枪头彩陶罐,金塔县博物馆,陶器,新石器时代,二级,2011,单一/无机质/陶,http://www.museumschina.cn/img/waterMark/2019-01-02-14-28-22/yipu/da/62/09/21/21800001/00000612/6209212180000100000612-A-0001_wm.jpg|http://www.museumschina.cn/img/waterMark/2019-01-02-14-28-22/yipu/da/62/09/21/21800001/00000612/6209212180000100000612-B-0001_wm.jpg|http://www.museumschina.cn/img/waterMark/2019-01-02-14-28-22/yipu/da/62/09/21/21800001/00000612/6209212180000100000612-C-0001_wm.jpg|http://www.museumschina.cn/img/waterMark/2019-01-02-14-28-22/yipu/da/62/09/21/21800001/00000612/6209212180000100000612-F-0001_wm.jpg
https://www.museumschina.cn/collection/details?id=D2C2E3718E9C48769B2BD6C6B17AA6BB,http://www.museumschina.cn/img/waterMark/2019-01-02-14-28-22/yipu/da/62/05/22/21800002/00002402/6205222180000200002402-A-0001_wm.jpg,马家窑文化马家窑类型人面网纹彩陶壶,秦安县博物馆,陶器,新石器时代,一级,1981,单一/无机质/陶,http://www.museumschina.cn/img/waterMark/2019-01-02-14-28-22/yipu/da/62/05/22/21800002/00002402/6205222180000200002402-A-0001_wm.jpg
https://www.museumschina.cn/collection/details?id=d27f41ae30a54fd1bafc66cae4cc68ed,http://www.museumschina.cn/img/waterMark/2019-01-02-14-28-22/yipu/da/35/05/03/21800014/10005599/3505032180001410005599-A-0001_wm.jpg,新石器时代陶拍,福建省泉州市数字博物馆,陶器,新石器时代,三级,1992,单一/无机质/陶,http://www.museumschina.cn/img/waterMark/2019-01-02-14-28-22/yipu/da/35/05/03/21800014/10005599/3505032180001410005599-A-0001_wm.jpg|http://www.museumschina.cn/img/waterMark/2019-01-02-14-28-22/yipu/da/35/05/03/21800014/10005599/3505032180001410005599-A-0002_wm.jpg|http://www.museumschina.cn/img/waterMark/2019-01-02-14-28-22/yipu/da/35/05/03/21800014/10005599/3505032180001410005599-B-0001_wm.jpg|http://www.museumschina.cn/img/waterMark/2019-01-02-14-28-22/yipu/da/35/05/03/21800014/10005599/3505032180001410005599-F-0001_wm.jpg
https://www.museumschina.cn/collection/details?id=d27db6e6631243b4b08c6b02a8e285d8,http://www.museumschina.cn/img/waterMark/2019-01-02-14-28-22/yipu/da/62/06/23/21800001/00000034/6206232180000100000034-A-0001_wm.jpg,新石器时代马家窑文化波浪点线纹彩陶钵,天祝藏族自治县博物馆,陶器,新石器时代,二级,1996,单一/无机质/陶,http://www.museumschina.cn/img/waterMark/2019-01-02-14-28-22/yipu/da/62/06/23/21800001/00000034/6206232180000100000034-A-0001_wm.jpg|http://www.museumschina.cn/img/waterMark/2019-01-02-14-28-22/yipu/da/62/06/23/21800001/00000034/6206232180000100000034-B-0001_wm.jpg
https://www.museumschina.cn/collection/details?id=d0499002e5e8483e9936299603f852c5,http://www.museumschina.cn/img/waterMark/2019-01-02-14-28-22/yipu/da/62/01/11/21800001/00000194/6201112180000100000194-A-0001_wm.jpg,折线纹单耳彩陶杯,红古区博物馆,陶器,新石器时代,未定级,,单一/无机质/陶,http://www.museumschina.cn/img/waterMark/2019-01-02-14-28-22/yipu/da/62/01/11/21800001/00000194/6201112180000100000194-A-0001_wm.jpg|http://www.museumschina.cn/img/waterMark/2019-01-02-14-28-22/yipu/da/62/01/11/21800001/00000194/6201112180000100000194-A-0002_wm.jpg|http://www.museumschina.cn/img/waterMark/2019-01-02-14-28-22/yipu/da/62/01/11/21800001/00000194/6201112180000100000194-B-0001_wm.jpg|http://www.museumschina.cn/img/waterMark/2019-01-02-14-28-22/yipu/da/62/01/11/21800001/00000194/6201112180000100000194-C-0001_wm.jpg|http://www.museumschina.cn/img/waterMark/2019-01-02-14-28-22/yipu/da/62/01/11/21800001/00000194/6201112180000100000194-C-0002_wm.jpg|http://www.museumschina.cn/img/waterMark/2019-01-02-14-28-22/yipu/da/62/01/11/21800001/00000194/6201112180000100000194-F-0001_wm.jpg
https://www.museumschina.cn/collection/details?id=d81e703a882e40adb53c1eb51291bb79,http://www.museumschina.cn/img/waterMark/2019-01-02-14-28-22/yipu/da/44/12/26/21800001/00000456/4412262180000100000456-A-0001_wm.jpg,新石器时代马家窑文化四大圆圈内十字纹双系彩陶壶,德庆县博物馆,陶器,新石器时代,二级,1991,单一/无机质/陶,http://www.museumschina.cn/img/waterMark/2019-01-02-14-28-22/yipu/da/44/12/26/21800001/00000456/4412262180000100000456-A-0001_wm.jpg|http://www.museumschina.cn/img/waterMark/2019-01-02-14-28-22/yipu/da/44/12/26/21800001/00000456/4412262180000100000456-B-0001_wm.jpg|http://www.museumschina.cn/img/waterMark/2019-01-02-14-28-22/yipu/da/44/12/26/21800001/00000456/4412262180000100000456-C-0001_wm.jpg|http://www.museumschina.cn/img/waterMark/2019-01-02-14-28-22/yipu/da/44/12/26/21800001/00000456/4412262180000100000456-C-0002_wm.jpg|http://www.museumschina.cn/img/waterMark/2019-01-02-14-28-22/yipu/da/44/12/26/21800001/00000456/4412262180000100000456-C-0003_wm.jpg|http://www.museumschina.cn/img/waterMark/2019-01-02-14-28-22/yipu/da/44/12/26/21800001/00000456/4412262180000100000456-E-0001_wm.jpg|http://www.museumschina.cn/img/waterMark/2019-01-02-14-28-22/yipu/da/44/12/26/21800001/00000456/4412262180000100000456-E-0002_wm.jpg|http://www.museumschina.cn/img/waterMark/2019-01-02-14-28-22/yipu/da/44/12/26/21800001/00000456/4412262180000100000456-E-0003_wm.jpg|http://www.museumschina.cn/img/waterMark/2019-01-02-14-28-22/yipu/da/44/12/26/21800001/00000456/4412262180000100000456-E-0004_wm.jpg|http://www.museumschina.cn/img/waterMark/2019-01-02-14-28-22/yipu/da/44/12/26/21800001/00000456/4412262180000100000456-E-0005_wm.jpg|http://www.museumschina.cn/img/waterMark/2019-01-02-14-28-22/yipu/da/44/12/26/21800001/00000456/4412262180000100000456-E-0006_wm.jpg|http://www.museumschina.cn/img/waterMark/2019-01-02-14-28-22/yipu/da/44/12/26/21800001/00000456/4412262180000100000456-F-0001_wm.jpg
https://www.museumschina.cn/collection/details?id=D021C9E9E79748B780BBD51E18A4E49E,http://www.museumschina.cn/img/waterMark/2019-01-02-14-28-22/yipu/da/31/01/16/21800002/00002376/3101162180000200002376-A-0001_wm.jpg,良渚文化灰陶三鼻瓦足盆,上海金山区博物馆,陶器,新石器时代,二级,2007,单一/无机质/陶,http://www.museumschina.cn/img/waterMark/2019-01-02-14-28-22/yipu/da/31/01/16/21800002/00002376/3101162180000200002376-A-0001_wm.jpg|http://www.museumschina.cn/img/waterMark/2019-01-02-14-28-22/yipu/da/31/01/16/21800002/00002376/3101162180000200002376-C-0001_wm.jpg|http://www.museumschina.cn/img/waterMark/2019-01-02-14-28-22/yipu/da/31/01/16/21800002/00002376/3101162180000200002376-F-0001_wm.jpg
https://www.museumschina.cn/collection/details?id=CEE64B04251F400DAA658E43D091D55E,http://www.museumschina.cn/img/waterMark/2019-01-02-14-28-22/yipu/da/53/23/28/21800010/00000532/5323282180001000000532-A-0001_wm.jpg,新石器时代敞口鼓腹陶罐,元谋县博物馆,陶器,新石器时代,未定级,1999,单一/无机质/陶,http://www.museumschina.cn/img/waterMark/2019-01-02-14-28-22/yipu/da/53/23/28/21800010/00000532/5323282180001000000532-A-0001_wm.jpg|http://www.museumschina.cn/img/waterMark/2019-01-02-14-28-22/yipu/da/53/23/28/21800010/00000532/5323282180001000000532-B-0001_wm.jpg|http://www.museumschina.cn/img/waterMark/2019-01-02-14-28-22/yipu/da/53/23/28/21800010/00000532/5323282180001000000532-E-0001_wm.jpg
https://www.museumschina.cn/collection/details?id=CFBF9DBE0A5A4200A0117D451881C63C,http://www.museumschina.cn/img/waterMark/2019-01-02-14-28-22/yipu/da/33/10/24/21800001/00000435/3310242180000100000435-A-0001_wm.jpg,新石器时代红陶杯,浙江省台州市仙居县数字博物馆,陶器,新石器时代,未定级,,单一/无机质/陶,http://www.museumschina.cn/img/waterMark/2019-01-02-14-28-22/yipu/da/33/10/24/21800001/00000435/3310242180000100000435-A-0001_wm.jpg|http://www.museumschina.cn/img/waterMark/2019-01-02-14-28-22/yipu/da/33/10/24/21800001/00000435/3310242180000100000435-A-0002_wm.jpg|http://www.museumschina.cn/img/waterMark/2019-01-02-14-28-22/yipu/da/33/10/24/21800001/00000435/3310242180000100000435-B-0001_wm.jpg|http://www.museumschina.cn/img/waterMark/2019-01-02-14-28-22/yipu/da/33/10/24/21800001/00000435/3310242180000100000435-C-0001_wm.jpg|http://www.museumschina.cn/img/waterMark/2019-01-02-14-28-22/yipu/da/33/10/24/21800001/00000435/3310242180000100000435-F-0001_wm.jpg
https://www.museumschina.cn/collection/details?id=ce8314ddc464483982f9fb2d460d457f,http://www.museumschina.cn/img/waterMark/2019-01-02-14-28-22/yipu/da/35/09/02/21800005/10000935/3509022180000510000935-A-0001_wm.jpg,新石器时代彩陶片,柘荣县博物馆,陶器,新石器时代,一般,1987,单一/无机质/陶,http://www.museumschina.cn/img/waterMark/2019-01-02-14-28-22/yipu/da/35/09/02/21800005/10000935/3509022180000510000935-A-0001_wm.jpg|http://www.museumschina.cn/img/waterMark/2019-01-02-14-28-22/yipu/da/35/09/02/21800005/10000935/3509022180000510000935-E-0001_wm.jpg
https://www.museumschina.cn/collection/details?id=CE2B2DC1A8994C7A96FC726A1AB8FE8C,http://www.museumschina.cn/img/waterMark/2019-01-02-14-28-22/yipu/da/62/30/22/21800001/00000061/6230222180000100000061-A-0001_wm.jpg,新石器时代·平口沿双耳陶罐,卓尼县博物馆,陶器,新石器时代,未定级,,单一/无机质/陶,http://www.museumschina.cn/img/waterMark/2019-01-02-14-28-22/yipu/da/62/30/22/21800001/00000061/6230222180000100000061-A-0001_wm.jpg|http://www.museumschina.cn/img/waterMark/2019-01-02-14-28-22/yipu/da/62/30/22/21800001/00000061/6230222180000100000061-A-0002_wm.jpg|http://www.museumschina.cn/img/waterMark/2019-01-02-14-28-22/yipu/da/62/30/22/21800001/00000061/6230222180000100000061-B-0001_wm.jpg|http://www.museumschina.cn/img/waterMark/2019-01-02-14-28-22/yipu/da/62/30/22/21800001/00000061/6230222180000100000061-C-0001_wm.jpg|http://www.museumschina.cn/img/waterMark/2019-01-02-14-28-22/yipu/da/62/30/22/21800001/00000061/6230222180000100000061-C-0002_wm.jpg|http://www.museumschina.cn/img/waterMark/2019-01-02-14-28-22/yipu/da/62/30/22/21800001/00000061/6230222180000100000061-F-0001_wm.jpg
https://www.museumschina.cn/collection/details?id=cf5051881a1848fbbc399b9a260eb467,http://www.museumschina.cn/img/waterMark/2019-01-02-14-28-22/yipu/da/62/04/23/21800005/00000321/6204232180000500000321-A-0001_wm.jpg,新石器时代·双耳素面红陶罐,景泰县博物馆,陶器,新石器时代,一般,1972,单一/无机质/陶,http://www.museumschina.cn/img/waterMark/2019-01-02-14-28-22/yipu/da/62/04/23/21800005/00000321/6204232180000500000321-A-0001_wm.jpg|http://www.museumschina.cn/img/waterMark/2019-01-02-14-28-22/yipu/da/62/04/23/21800005/00000321/6204232180000500000321-A-0002_wm.jpg|http://www.museumschina.cn/img/waterMark/2019-01-02-14-28-22/yipu/da/62/04/23/21800005/00000321/6204232180000500000321-B-0001_wm.jpg|http://www.museumschina.cn/img/waterMark/2019-01-02-14-28-22/yipu/da/62/04/23/21800005/00000321/6204232180000500000321-C-0001_wm.jpg|http://www.museumschina.cn/img/waterMark/2019-01-02-14-28-22/yipu/da/62/04/23/21800005/00000321/6204232180000500000321-C-0002_wm.jpg|http://www.museumschina.cn/img/waterMark/2019-01-02-14-28-22/yipu/da/62/04/23/21800005/00000321/6204232180000500000321-F-0001_wm.jpg
https://www.museumschina.cn/collection/details?id=cdb76b0f247f46099c9787618eba4f12,http://www.museumschina.cn/img/waterMark/2019-01-02-14-28-22/yipu/da/62/08/26/21800001/00002345/6208262180000100002345-A-0001_wm.jpg,马家窑型旋涡纹彩陶罐,静宁县博物馆,陶器,新石器时代,一级,1990,单一/无机质/陶,http://www.museumschina.cn/img/waterMark/2019-01-02-14-28-22/yipu/da/62/08/26/21800001/00002345/6208262180000100002345-A-0001_wm.jpg|http://www.museumschina.cn/img/waterMark/2019-01-02-14-28-22/yipu/da/62/08/26/21800001/00002345/6208262180000100002345-B-0001_wm.jpg|http://www.museumschina.cn/img/waterMark/2019-01-02-14-28-22/yipu/da/62/08/26/21800001/00002345/6208262180000100002345-F-0001_wm.jpg
https://www.museumschina.cn/collection/details?id=cd839f2d38cf42359143bdd05f7bf44c,http://www.museumschina.cn/img/waterMark/2019-01-02-14-28-22/yipu/da/44/14/24/21800001/80000030/4414242180000180000030-A-1015_wm.jpg,新石器黄褐色弦纹双耳彩陶罐,五华县博物馆,陶器,新石器时代,二级,1989,单一/-/-,http://www.museumschina.cn/img/waterMark/2019-01-02-14-28-22/yipu/da/44/14/24/21800001/80000030/4414242180000180000030-A-1015_wm.jpg|http://www.museumschina.cn/img/waterMark/2019-01-02-14-28-22/yipu/da/44/14/24/21800001/80000030/4414242180000180000030-A-1016_wm.jpg|http://www.museumschina.cn/img/waterMark/2019-01-02-14-28-22/yipu/da/44/14/24/21800001/80000030/4414242180000180000030-A-1017_wm.jpg|http://www.museumschina.cn/img/waterMark/2019-01-02-14-28-22/yipu/da/44/14/24/21800001/80000030/4414242180000180000030-A-1018_wm.jpg|http://www.museumschina.cn/img/waterMark/2019-01-02-14-28-22/yipu/da/44/14/24/21800001/80000030/4414242180000180000030-A-1019_wm.jpg|http://www.museumschina.cn/img/waterMark/2019-01-02-14-28-22/yipu/da/44/14/24/21800001/80000030/4414242180000180000030-A-1020_wm.jpg
https://www.museumschina.cn/collection/details?id=CC8648662EC64FED99A8EF5CFD0DDBD3,http://www.museumschina.cn/img/waterMark/2019-01-02-14-28-22/yipu/da/62/10/24/21800002/00001404/6210242180000200001404-A-0001_wm.jpg,新石器时代仰韶文化素面红陶钵,陇东古石刻艺术博物馆,陶器,新石器时代,二级,1984,单一/无机质/陶,http://www.museumschina.cn/img/waterMark/2019-01-02-14-28-22/yipu/da/62/10/24/21800002/00001404/6210242180000200001404-A-0001_wm.jpg|http://www.museumschina.cn/img/waterMark/2019-01-02-14-28-22/yipu/da/62/10/24/21800002/00001404/6210242180000200001404-A-0002_wm.jpg|http://www.museumschina.cn/img/waterMark/2019-01-02-14-28-22/yipu/da/62/10/24/21800002/00001404/6210242180000200001404-D-0001_wm.jpg
https://www.museumschina.cn/collection/details?id=CBDC3675EBE64EB4958AAD8520A9CC43,http://www.museumschina.cn/img/waterMark/2019-01-02-14-28-22/yipu/da/62/10/22/21800003/00001682/6210222180000300001682-A-0001_wm.jpg,新石器时代涡纹彩陶罐,环县博物馆,陶器,新石器时代,二级,,单一/无机质/陶,http://www.museumschina.cn/img/waterMark/2019-01-02-14-28-22/yipu/da/62/10/22/21800003/00001682/6210222180000300001682-A-0001_wm.jpg|http://www.museumschina.cn/img/waterMark/2019-01-02-14-28-22/yipu/da/62/10/22/21800003/00001682/6210222180000300001682-F-0001_wm.jpg
https://www.museumschina.cn/collection/details?id=cb97c49a9743438fa8c27e13166bd9ce,http://www.museumschina.cn/img/waterMark/2019-01-02-14-28-22/yipu/da/62/10/25/21800001/00000157/6210252180000100000157-A-0001_wm.jpg,新石器时代仰韶文化水波纹彩陶瓶,正宁县博物馆,陶器,新石器时代,二级,1988,单一/无机质/陶,http://www.museumschina.cn/img/waterMark/2019-01-02-14-28-22/yipu/da/62/10/25/21800001/00000157/6210252180000100000157-A-0001_wm.jpg|http://www.museumschina.cn/img/waterMark/2019-01-02-14-28-22/yipu/da/62/10/25/21800001/00000157/6210252180000100000157-C-0001_wm.jpg|http://www.museumschina.cn/img/waterMark/2019-01-02-14-28-22/yipu/da/62/10/25/21800001/00000157/6210252180000100000157-C-0002_wm.jpg|http://www.museumschina.cn/img/waterMark/2019-01-02-14-28-22/yipu/da/62/10/25/21800001/00000157/6210252180000100000157-E-0001_wm.jpg|http://www.museumschina.cn/img/waterMark/2019-01-02-14-28-22/yipu/da/62/10/25/21800001/00000157/6210252180000100000157-F-0001_wm.jpg
https://www.museumschina.cn/collection/details?id=cb3fec10718c4209921f526cb7a523c2,http://www.museumschina.cn/img/waterMark/2019-01-02-14-28-22/yipu/da/46/90/21/21800001/10000010/4690212180000110000010-A-0001_wm.jpg,新石器彩陶双耳罐,定安县博物馆,陶器,新石器时代,二级,1987,单一/无机质/陶,http://www.museumschina.cn/img/waterMark/2019-01-02-14-28-22/yipu/da/46/90/21/21800001/10000010/4690212180000110000010-A-0001_wm.jpg|http://www.museumschina.cn/img/waterMark/2019-01-02-14-28-22/yipu/da/46/90/21/21800001/10000010/4690212180000110000010-B-0001_wm.jpg
https://www.museumschina.cn/collection/details?id=cf439a44ad6844c3b9da1f5721a25b8e,http://www.museumschina.cn/img/waterMark/2019-01-02-14-28-22/yipu/da/35/08/25/21800003/10000106/3508252180000310000106-D-0001_wm.jpg,新石器时代陶纺轮,福安市博物馆,陶器,新石器时代,一般,1985,单一/无机质/陶,http://www.museumschina.cn/img/waterMark/2019-01-02-14-28-22/yipu/da/35/08/25/21800003/10000106/3508252180000310000106-D-0001_wm.jpg|http://www.museumschina.cn/img/waterMark/2019-01-02-14-28-22/yipu/da/35/08/25/21800003/10000106/3508252180000310000106-D-0002_wm.jpg
https://www.museumschina.cn/collection/details?id=cf439a44ad6844c3b9da1f5721a25b8e,http://www.museumschina.cn/img/waterMark/2019-01-02-14-28-22/yipu/da/35/08/25/21800003/10000106/3508252180000310000106-D-0001_wm.jpg,新石器时代陶纺轮,福安市博物馆,陶器,新石器时代,一般,1985,单一/无机质/陶,http://www.museumschina.cn/img/waterMark/2019-01-02-14-28-22/yipu/da/35/08/25/21800003/10000106/3508252180000310000106-D-0001_wm.jpg|http://www.museumschina.cn/img/waterMark/2019-01-02-14-28-22/yipu/da/35/08/25/21800003/10000106/3508252180000310000106-D-0002_wm.jpg
https://www.museumschina.cn/collection/details?id=CEE64B04251F400DAA658E43D091D55E,http://www.museumschina.cn/img/waterMark/2019-01-02-14-28-22/yipu/da/53/23/28/21800010/00000532/5323282180001000000532-A-0001_wm.jpg,新石器时代敞口鼓腹陶罐,元谋县博物馆,陶器,新石器时代,未定级,1999,单一/无机质/陶,http://www.museumschina.cn/img/waterMark/2019-01-02-14-28-22/yipu/da/53/23/28/21800010/00000532/5323282180001000000532-A-0001_wm.jpg|http://www.museumschina.cn/img/waterMark/2019-01-02-14-28-22/yipu/da/53/23/28/21800010/00000532/5323282180001000000532-B-0001_wm.jpg|http://www.museumschina.cn/img/waterMark/2019-01-02-14-28-22/yipu/da/53/23/28/21800010/00000532/5323282180001000000532-E-0001_wm.jpg
https://www.museumschina.cn/collection/details?id=c4553268b17f4292b3ab86c3b76084e6,http://www.museumschina.cn/img/waterMark/2019-01-02-14-28-22/yipu/da/35/01/21/21800005/10016296/3501212180000510016296-A-0001_wm.jpg,新石器时代泥质灰陶壶,闽侯县博物馆,陶器,新石器时代,三级,1962,单一/无机质/陶,http://www.museumschina.cn/img/waterMark/2019-01-02-14-28-22/yipu/da/35/01/21/21800005/10016296/3501212180000510016296-A-0001_wm.jpg|http://www.museumschina.cn/img/waterMark/2019-01-02-14-28-22/yipu/da/35/01/21/21800005/10016296/3501212180000510016296-B-0001_wm.jpg|http://www.museumschina.cn/img/waterMark/2019-01-02-14-28-22/yipu/da/35/01/21/21800005/10016296/3501212180000510016296-C-0001_wm.jpg|http://www.museumschina.cn/img/waterMark/2019-01-02-14-28-22/yipu/da/35/01/21/21800005/10016296/3501212180000510016296-F-0001_wm.jpg
https://www.museumschina.cn/collection/details?id=c23cc1a42b484efbabceb95733690bf9,http://www.museumschina.cn/img/waterMark/2019-01-02-14-28-22/yipu/da/35/09/81/21800004/10000331/3509812180000410000331-A-0001_wm.jpg,新石器时代泥质黄陶纺轮,福建省昙石山遗址博物馆,陶器,新石器时代,二级,2007,单一/无机质/陶,http://www.museumschina.cn/img/waterMark/2019-01-02-14-28-22/yipu/da/35/09/81/21800004/10000331/3509812180000410000331-A-0001_wm.jpg|http://www.museumschina.cn/img/waterMark/2019-01-02-14-28-22/yipu/da/35/09/81/21800004/10000331/3509812180000410000331-B-0001_wm.jpg|http://www.museumschina.cn/img/waterMark/2019-01-02-14-28-22/yipu/da/35/09/81/21800004/10000331/3509812180000410000331-B-0002_wm.jpg
https://www.museumschina.cn/collection/details?id=C1DE13212C544EEABF262982E1F2BA6C,http://www.museumschina.cn/img/waterMark/2019-01-02-14-28-22/yipu/da/33/11/81/21800005/00013932/3311812180000500013932-A-0001_wm.jpg,新石器时代小陶釜,龙泉市博物馆,陶器,新石器时代,未定级,,单一/无机质/陶,http://www.museumschina.cn/img/waterMark/2019-01-02-14-28-22/yipu/da/33/11/81/21800005/00013932/3311812180000500013932-A-0001_wm.jpg|http://www.museumschina.cn/img/waterMark/2019-01-02-14-28-22/yipu/da/33/11/81/21800005/00013932/3311812180000500013932-B-0001_wm.jpg|http://www.museumschina.cn/img/waterMark/2019-01-02-14-28-22/yipu/da/33/11/81/21800005/00013932/3311812180000500013932-C-0001_wm.jpg|http://www.museumschina.cn/img/waterMark/2019-01-02-14-28-22/yipu/da/33/11/81/21800005/00013932/3311812180000500013932-C-0002_wm.jpg|http://www.museumschina.cn/img/waterMark/2019-01-02-14-28-22/yipu/da/33/11/81/21800005/00013932/3311812180000500013932-C-0003_wm.jpg|http://www.museumschina.cn/img/waterMark/2019-01-02-14-28-22/yipu/da/33/11/81/21800005/00013932/3311812180000500013932-F-0001_wm.jpg
https://www.museumschina.cn/collection/details?id=c42d753944164b31a7d084e2f4d1d90e,http://www.museumschina.cn/img/waterMark/2019-01-02-14-28-22/yipu/da/62/29/21/21800002/00000035/6229212180000200000035-A-0001_wm.jpg,新石器时代马家窑文化马厂类型四大圆圈纹双耳彩陶罐,临夏县博物馆,陶器,新石器时代,一般,2012,单一/无机质/陶,http://www.museumschina.cn/img/waterMark/2019-01-02-14-28-22/yipu/da/62/29/21/21800002/00000035/6229212180000200000035-A-0001_wm.jpg|http://www.museumschina.cn/img/waterMark/2019-01-02-14-28-22/yipu/da/62/29/21/21800002/00000035/6229212180000200000035-B-0001_wm.jpg|http://www.museumschina.cn/img/waterMark/2019-01-02-14-28-22/yipu/da/62/29/21/21800002/00000035/6229212180000200000035-F-0001_wm.jpg
https://www.museumschina.cn/collection/details?id=C380D5EBB6AA465390E8378C5C6A192B,http://www.museumschina.cn/img/waterMark/2019-01-02-14-28-22/yipu/da/44/12/25/21800001/00003214/4412252180000100003214-A-0001_wm.jpg,新石器时代彩绘涡纹双系陶罐,封开县博物馆,陶器,新石器时代,二级,1987,单一/无机质/陶,http://www.museumschina.cn/img/waterMark/2019-01-02-14-28-22/yipu/da/44/12/25/21800001/00003214/4412252180000100003214-A-0001_wm.jpg|http://www.museumschina.cn/img/waterMark/2019-01-02-14-28-22/yipu/da/44/12/25/21800001/00003214/4412252180000100003214-A-0002_wm.jpg|http://www.museumschina.cn/img/waterMark/2019-01-02-14-28-22/yipu/da/44/12/25/21800001/00003214/4412252180000100003214-A-0003_wm.jpg|http://www.museumschina.cn/img/waterMark/2019-01-02-14-28-22/yipu/da/44/12/25/21800001/00003214/4412252180000100003214-A-0004_wm.jpg|http://www.museumschina.cn/img/waterMark/2019-01-02-14-28-22/yipu/da/44/12/25/21800001/00003214/4412252180000100003214-B-0001_wm.jpg|http://www.museumschina.cn/img/waterMark/2019-01-02-14-28-22/yipu/da/44/12/25/21800001/00003214/4412252180000100003214-C-0001_wm.jpg|http://www.museumschina.cn/img/waterMark/2019-01-02-14-28-22/yipu/da/44/12/25/21800001/00003214/4412252180000100003214-C-0002_wm.jpg|http://www.museumschina.cn/img/waterMark/2019-01-02-14-28-22/yipu/da/44/12/25/21800001/00003214/4412252180000100003214-C-0003_wm.jpg|http://www.museumschina.cn/img/waterMark/2019-01-02-14-28-22/yipu/da/44/12/25/21800001/00003214/4412252180000100003214-D-0001_wm.jpg|http://www.museumschina.cn/img/waterMark/2019-01-02-14-28-22/yipu/da/44/12/25/21800001/00003214/4412252180000100003214-F-0001_wm.jpg
https://www.museumschina.cn/collection/details?id=C2F181E618ED4566B9DA030C24AEDACC,http://www.museumschina.cn/img/waterMark/2019-01-02-14-28-22/yipu/da/23/05/23/21800001/00000014/2305232180000100000014-A-0001_wm.jpg,新石器时代陶猪,宝清县博物馆,陶器,新石器时代,三级,2007,单一/无机质/陶,http://www.museumschina.cn/img/waterMark/2019-01-02-14-28-22/yipu/da/23/05/23/21800001/00000014/2305232180000100000014-A-0001_wm.jpg|http://www.museumschina.cn/img/waterMark/2019-01-02-14-28-22/yipu/da/23/05/23/21800001/00000014/2305232180000100000014-A-0002_wm.jpg|http://www.museumschina.cn/img/waterMark/2019-01-02-14-28-22/yipu/da/23/05/23/21800001/00000014/2305232180000100000014-B-0001_wm.jpg
https://www.museumschina.cn/collection/details?id=C2F00992EBFF4712AA9DBE147942C95E,http://www.museumschina.cn/img/waterMark/2019-01-02-14-28-22/yipu/da/53/29/28/21800003/00001030/5329282180000300001030-D-0001_wm.jpg,新石器时代新光遗址陶杯,云南省大理白族自治州永平县数字博物馆,陶器,新石器时代,一般,1996,单一/无机质/陶,http://www.museumschina.cn/img/waterMark/2019-01-02-14-28-22/yipu/da/53/29/28/21800003/00001030/5329282180000300001030-D-0001_wm.jpg
https://www.museumschina.cn/collection/details?id=c2ea11ab86d64e488760911a0b21ca51,http://www.museumschina.cn/img/waterMark/2019-01-02-14-28-22/yipu/da/62/29/23/21800003/00001355/6229232180000300001355-A-0001_wm.jpg,新石器时代马家窑文化马厂类型带流双耳红陶罐,永靖县博物馆,陶器,新石器时代,一级,1987,单一/无机质/陶,http://www.museumschina.cn/img/waterMark/2019-01-02-14-28-22/yipu/da/62/29/23/21800003/00001355/6229232180000300001355-A-0001_wm.jpg|http://www.museumschina.cn/img/waterMark/2019-01-02-14-28-22/yipu/da/62/29/23/21800003/00001355/6229232180000300001355-B-0001_wm.jpg|http://www.museumschina.cn/img/waterMark/2019-01-02-14-28-22/yipu/da/62/29/23/21800003/00001355/6229232180000300001355-F-0001_wm.jpg
https://www.museumschina.cn/collection/details?id=C9ED2C96C13B4618A88A1EE00431B710,http://www.museumschina.cn/img/waterMark/2019-01-02-14-28-22/yipu/da/31/01/18/21800002/00002580/3101182180000200002580-A-0001_wm.jpg,绳纹灰陶罐,青浦区博物馆,陶器,新石器时代,二级,1989,单一/无机质/陶,http://www.museumschina.cn/img/waterMark/2019-01-02-14-28-22/yipu/da/31/01/18/21800002/00002580/3101182180000200002580-A-0001_wm.jpg|http://www.museumschina.cn/img/waterMark/2019-01-02-14-28-22/yipu/da/31/01/18/21800002/00002580/3101182180000200002580-B-0001_wm.jpg
https://www.museumschina.cn/collection/details?id=C97615A5473F453EADB46FE98626AE82,http://www.museumschina.cn/img/waterMark/2019-01-02-14-28-22/yipu/da/51/34/28/11800001/00000297/5134281180000100000297-A-0001_wm.jpg,新石器时代陶杯,四川省凉山彝族自治州普格县数字博物馆,陶器,新石器时代,三级,1984,单一/无机质/陶,http://www.museumschina.cn/img/waterMark/2019-01-02-14-28-22/yipu/da/51/34/28/11800001/00000297/5134281180000100000297-A-0001_wm.jpg|http://www.museumschina.cn/img/waterMark/2019-01-02-14-28-22/yipu/da/51/34/28/11800001/00000297/5134281180000100000297-B-0001_wm.jpg|http://www.museumschina.cn/img/waterMark/2019-01-02-14-28-22/yipu/da/51/34/28/11800001/00000297/5134281180000100000297-F-0001_wm.jpg
https://www.museumschina.cn/collection/details?id=C9686821F6CE42548176B8ECE79DCE89,http://www.museumschina.cn/img/waterMark/2019-01-02-14-28-22/yipu/da/33/02/81/21800002/00002545/3302812180000200002545-A-0001_wm.jpg,新石器时代河姆渡文化夹碳灰陶纺轮,余姚市河姆渡遗址博物馆,陶器,新石器时代,二级,1992,单一/无机质/陶,http://www.museumschina.cn/img/waterMark/2019-01-02-14-28-22/yipu/da/33/02/81/21800002/00002545/3302812180000200002545-A-0001_wm.jpg|http://www.museumschina.cn/img/waterMark/2019-01-02-14-28-22/yipu/da/33/02/81/21800002/00002545/3302812180000200002545-A-0002_wm.jpg|http://www.museumschina.cn/img/waterMark/2019-01-02-14-28-22/yipu/da/33/02/81/21800002/00002545/3302812180000200002545-D-0001_wm.jpg|http://www.museumschina.cn/img/waterMark/2019-01-02-14-28-22/yipu/da/33/02/81/21800002/00002545/3302812180000200002545-D-0002_wm.jpg|http://www.museumschina.cn/img/waterMark/2019-01-02-14-28-22/yipu/da/33/02/81/21800002/00002545/3302812180000200002545-E-0001_wm.jpg|http://www.museumschina.cn/img/waterMark/2019-01-02-14-28-22/yipu/da/33/02/81/21800002/00002545/3302812180000200002545-E-0002_wm.jpg
https://www.museumschina.cn/collection/details?id=C869F11CCA554FA1B40C6E1FA9024024,http://www.museumschina.cn/img/waterMark/2019-01-02-14-28-22/yipu/da/62/29/24/21800001/00000438/6229242180000100000438-A-0001_wm.jpg,新石器时代马家窑文化半山类型漩涡纹彩陶罐,广河县齐家文化博物馆,陶器,新石器时代,二级,1985,单一/无机质/陶,http://www.museumschina.cn/img/waterMark/2019-01-02-14-28-22/yipu/da/62/29/24/21800001/00000438/6229242180000100000438-A-0001_wm.jpg|http://www.museumschina.cn/img/waterMark/2019-01-02-14-28-22/yipu/da/62/29/24/21800001/00000438/6229242180000100000438-B-0001_wm.jpg|http://www.museumschina.cn/img/waterMark/2019-01-02-14-28-22/yipu/da/62/29/24/21800001/00000438/6229242180000100000438-C-0001_wm.jpg|http://www.museumschina.cn/img/waterMark/2019-01-02-14-28-22/yipu/da/62/29/24/21800001/00000438/6229242180000100000438-F-0001_wm.jpg
https://www.museumschina.cn/collection/details?id=C71DC677F55F4359A22E1510EDCE0ED7,http://www.museumschina.cn/img/waterMark/2019-01-02-14-28-22/yipu/da/62/29/24/21800001/00000448/6229242180000100000448-A-0001_wm.jpg,新石器时代马家窑文化半山类型弧线纹双耳彩陶瓶,广河县齐家文化博物馆,陶器,新石器时代,一级,1985,单一/无机质/陶,http://www.museumschina.cn/img/waterMark/2019-01-02-14-28-22/yipu/da/62/29/24/21800001/00000448/6229242180000100000448-A-0001_wm.jpg|http://www.museumschina.cn/img/waterMark/2019-01-02-14-28-22/yipu/da/62/29/24/21800001/00000448/6229242180000100000448-B-0001_wm.jpg|http://www.museumschina.cn/img/waterMark/2019-01-02-14-28-22/yipu/da/62/29/24/21800001/00000448/6229242180000100000448-C-0001_wm.jpg|http://www.museumschina.cn/img/waterMark/2019-01-02-14-28-22/yipu/da/62/29/24/21800001/00000448/6229242180000100000448-F-0001_wm.jpg
https://www.museumschina.cn/collection/details?id=C70FE3A1894F49E69DB3091C02BEC429,http://www.museumschina.cn/img/waterMark/2019-01-02-14-28-22/yipu/da/33/02/81/21800002/00002635/3302812180000200002635-A-0001_wm.jpg,新石器时代河姆渡文化泥质红陶盉,余姚市河姆渡遗址博物馆,陶器,新石器时代,一级,1992,单一质地/无机质/陶,http://www.museumschina.cn/img/waterMark/2019-01-02-14-28-22/yipu/da/33/02/81/21800002/00002635/3302812180000200002635-A-0001_wm.jpg|http://www.museumschina.cn/img/waterMark/2019-01-02-14-28-22/yipu/da/33/02/81/21800002/00002635/3302812180000200002635-A-0002_wm.jpg|http://www.museumschina.cn/img/waterMark/2019-01-02-14-28-22/yipu/da/33/02/81/21800002/00002635/3302812180000200002635-A-0003_wm.jpg|http://www.museumschina.cn/img/waterMark/2019-01-02-14-28-22/yipu/da/33/02/81/21800002/00002635/3302812180000200002635-A-0004_wm.jpg|http://www.museumschina.cn/img/waterMark/2019-01-02-14-28-22/yipu/da/33/02/81/21800002/00002635/3302812180000200002635-A-0005_wm.jpg|http://www.museumschina.cn/img/waterMark/2019-01-02-14-28-22/yipu/da/33/02/81/21800002/00002635/3302812180000200002635-A-0006_wm.jpg|http://www.museumschina.cn/img/waterMark/2019-01-02-14-28-22/yipu/da/33/02/81/21800002/00002635/3302812180000200002635-A-0007_wm.jpg|http://www.museumschina.cn/img/waterMark/2019-01-02-14-28-22/yipu/da/33/02/81/21800002/00002635/3302812180000200002635-A-0008_wm.jpg|http://www.museumschina.cn/img/waterMark/2019-01-02-14-28-22/yipu/da/33/02/81/21800002/00002635/3302812180000200002635-A-0009_wm.jpg|http://www.museumschina.cn/img/waterMark/2019-01-02-14-28-22/yipu/da/33/02/81/21800002/00002635/3302812180000200002635-A-0010_wm.jpg|http://www.museumschina.cn/img/waterMark/2019-01-02-14-28-22/yipu/da/33/02/81/21800002/00002635/3302812180000200002635-A-0011_wm.jpg|http://www.museumschina.cn/img/waterMark/2019-01-02-14-28-22/yipu/da/33/02/81/21800002/00002635/3302812180000200002635-A-0012_wm.jpg|http://www.museumschina.cn/img/waterMark/2019-01-02-14-28-22/yipu/da/33/02/81/21800002/00002635/3302812180000200002635-A-0013_wm.jpg|http://www.museumschina.cn/img/waterMark/2019-01-02-14-28-22/yipu/da/33/02/81/21800002/00002635/3302812180000200002635-B-0001_wm.jpg|http://www.museumschina.cn/img/waterMark/2019-01-02-14-28-22/yipu/da/33/02/81/21800002/00002635/3302812180000200002635-D-0001_wm.jpg|http://www.museumschina.cn/img/waterMark/2019-01-02-14-28-22/yipu/da/33/02/81/21800002/00002635/3302812180000200002635-E-0001_wm.jpg|http://www.museumschina.cn/img/waterMark/2019-01-02-14-28-22/yipu/da/33/02/81/21800002/00002635/3302812180000200002635-F-0001_wm.jpg
https://www.museumschina.cn/collection/details?id=C6CF9D5AD82A46EFB64E60186A273AB2,http://www.museumschina.cn/img/waterMark/2019-01-02-14-28-22/yipu/da/44/53/81/21800001/00001393/4453812180000100001393-A-0001_wm.jpg,新石器时代马家窑文化回纹双耳彩陶罐,罗定市博物馆,陶器,新石器时代,三级,2003,单一/无机质/陶,http://www.museumschina.cn/img/waterMark/2019-01-02-14-28-22/yipu/da/44/53/81/21800001/00001393/4453812180000100001393-A-0001_wm.jpg|http://www.museumschina.cn/img/waterMark/2019-01-02-14-28-22/yipu/da/44/53/81/21800001/00001393/4453812180000100001393-B-0001_wm.jpg|http://www.museumschina.cn/img/waterMark/2019-01-02-14-28-22/yipu/da/44/53/81/21800001/00001393/4453812180000100001393-C-0001_wm.jpg|http://www.museumschina.cn/img/waterMark/2019-01-02-14-28-22/yipu/da/44/53/81/21800001/00001393/4453812180000100001393-C-0002_wm.jpg|http://www.museumschina.cn/img/waterMark/2019-01-02-14-28-22/yipu/da/44/53/81/21800001/00001393/4453812180000100001393-C-0003_wm.jpg|http://www.museumschina.cn/img/waterMark/2019-01-02-14-28-22/yipu/da/44/53/81/21800001/00001393/4453812180000100001393-D-0001_wm.jpg|http://www.museumschina.cn/img/waterMark/2019-01-02-14-28-22/yipu/da/44/53/81/21800001/00001393/4453812180000100001393-E-0001_wm.jpg|http://www.museumschina.cn/img/waterMark/2019-01-02-14-28-22/yipu/da/44/53/81/21800001/00001393/4453812180000100001393-E-0002_wm.jpg|http://www.museumschina.cn/img/waterMark/2019-01-02-14-28-22/yipu/da/44/53/81/21800001/00001393/4453812180000100001393-F-0001_wm.jpg
https://www.museumschina.cn/collection/details?id=C503B936E81148039ADE6EBD138066F3,http://www.museumschina.cn/img/waterMark/2019-01-02-14-28-22/yipu/da/53/23/28/21800010/00001568/5323282180001000001568-A-0001_wm.jpg,新石器时代石斧,元谋县博物馆,陶器,新石器时代,未定级,2005,单一/无机质/陶,http://www.museumschina.cn/img/waterMark/2019-01-02-14-28-22/yipu/da/53/23/28/21800010/00001568/5323282180001000001568-A-0001_wm.jpg|http://www.museumschina.cn/img/waterMark/2019-01-02-14-28-22/yipu/da/53/23/28/21800010/00001568/5323282180001000001568-B-0001_wm.jpg|http://www.museumschina.cn/img/waterMark/2019-01-02-14-28-22/yipu/da/53/23/28/21800010/00001568/5323282180001000001568-C-0001_wm.jpg|http://www.museumschina.cn/img/waterMark/2019-01-02-14-28-22/yipu/da/53/23/28/21800010/00001568/5323282180001000001568-D-0001_wm.jpg
https://www.museumschina.cn/collection/details?id=C6C7590FDA6A4ACF9856751C836AF168,http://www.museumschina.cn/img/waterMark/2019-01-02-14-28-22/yipu/da/44/07/84/21800001/00003304/4407842180000100003304-A-0001_wm.jpg,新石器彩陶涡纹双耳罐,鹤山市博物馆,陶器,新石器时代,二级,1989,单一/无机质/陶,http://www.museumschina.cn/img/waterMark/2019-01-02-14-28-22/yipu/da/44/07/84/21800001/00003304/4407842180000100003304-A-0001_wm.jpg|http://www.museumschina.cn/img/waterMark/2019-01-02-14-28-22/yipu/da/44/07/84/21800001/00003304/4407842180000100003304-A-0002_wm.jpg|http://www.museumschina.cn/img/waterMark/2019-01-02-14-28-22/yipu/da/44/07/84/21800001/00003304/4407842180000100003304-A-0003_wm.jpg|http://www.museumschina.cn/img/waterMark/2019-01-02-14-28-22/yipu/da/44/07/84/21800001/00003304/4407842180000100003304-A-0004_wm.jpg|http://www.museumschina.cn/img/waterMark/2019-01-02-14-28-22/yipu/da/44/07/84/21800001/00003304/4407842180000100003304-A-0005_wm.jpg|http://www.museumschina.cn/img/waterMark/2019-01-02-14-28-22/yipu/da/44/07/84/21800001/00003304/4407842180000100003304-A-0006_wm.jpg
https://www.museumschina.cn/collection/details?id=c4fd3b4fad2044d59a1c95ebd37967b4,http://www.museumschina.cn/img/waterMark/2019-01-02-14-28-22/yipu/da/62/30/24/21800001/00000005/6230242180000100000005-A-0001_wm.jpg,新石器时代·双耳彩陶壶,甘肃省甘南藏族自治州迭部县数字博物馆,陶器,新石器时代,一级,1998,单一/无机质/陶,http://www.museumschina.cn/img/waterMark/2019-01-02-14-28-22/yipu/da/62/30/24/21800001/00000005/6230242180000100000005-A-0001_wm.jpg
https://www.museumschina.cn/collection/details?id=C2F181E618ED4566B9DA030C24AEDACC,http://www.museumschina.cn/img/waterMark/2019-01-02-14-28-22/yipu/da/23/05/23/21800001/00000014/2305232180000100000014-A-0001_wm.jpg,新石器时代陶猪,宝清县博物馆,陶器,新石器时代,三级,2007,单一/无机质/陶,http://www.museumschina.cn/img/waterMark/2019-01-02-14-28-22/yipu/da/23/05/23/21800001/00000014/2305232180000100000014-A-0001_wm.jpg|http://www.museumschina.cn/img/waterMark/2019-01-02-14-28-22/yipu/da/23/05/23/21800001/00000014/2305232180000100000014-A-0002_wm.jpg|http://www.museumschina.cn/img/waterMark/2019-01-02-14-28-22/yipu/da/23/05/23/21800001/00000014/2305232180000100000014-B-0001_wm.jpg
https://www.museumschina.cn/collection/details?id=C2F00992EBFF4712AA9DBE147942C95E,http://www.museumschina.cn/img/waterMark/2019-01-02-14-28-22/yipu/da/53/29/28/21800003/00001030/5329282180000300001030-D-0001_wm.jpg,新石器时代新光遗址陶杯,云南省大理白族自治州永平县数字博物馆,陶器,新石器时代,一般,1996,单一/无机质/陶,http://www.museumschina.cn/img/waterMark/2019-01-02-14-28-22/yipu/da/53/29/28/21800003/00001030/5329282180000300001030-D-0001_wm.jpg
https://www.museumschina.cn/collection/details?id=C124655D6E974B1E8473B86478CFB2D1,http://www.museumschina.cn/img/waterMark/2019-01-02-14-28-22/yipu/da/53/23/28/21800010/00001624/5323282180001000001624-A-0001_wm.jpg,新石器时代陶器,元谋县博物馆,陶器,新石器时代,未定级,2012,单一/无机质/陶,http://www.museumschina.cn/img/waterMark/2019-01-02-14-28-22/yipu/da/53/23/28/21800010/00001624/5323282180001000001624-A-0001_wm.jpg|http://www.museumschina.cn/img/waterMark/2019-01-02-14-28-22/yipu/da/53/23/28/21800010/00001624/5323282180001000001624-B-0001_wm.jpg|http://www.museumschina.cn/img/waterMark/2019-01-02-14-28-22/yipu/da/53/23/28/21800010/00001624/5323282180001000001624-C-0001_wm.jpg
https://www.museumschina.cn/collection/details?id=BFC629A2D2674BDE98BA2E13F66B0A8F,http://www.museumschina.cn/img/waterMark/2019-01-02-14-28-22/yipu/da/44/06/07/21800001/00000953/4406072180000100000953-A-0001_wm.jpg,新石器时代谷纹彩陶双耳罐,三水区博物馆,陶器,新石器时代,二级,1987,单一/无机质/陶,http://www.museumschina.cn/img/waterMark/2019-01-02-14-28-22/yipu/da/44/06/07/21800001/00000953/4406072180000100000953-A-0001_wm.jpg|http://www.museumschina.cn/img/waterMark/2019-01-02-14-28-22/yipu/da/44/06/07/21800001/00000953/4406072180000100000953-B-0001_wm.jpg|http://www.museumschina.cn/img/waterMark/2019-01-02-14-28-22/yipu/da/44/06/07/21800001/00000953/4406072180000100000953-C-0001_wm.jpg|http://www.museumschina.cn/img/waterMark/2019-01-02-14-28-22/yipu/da/44/06/07/21800001/00000953/4406072180000100000953-C-0002_wm.jpg|http://www.museumschina.cn/img/waterMark/2019-01-02-14-28-22/yipu/da/44/06/07/21800001/00000953/4406072180000100000953-F-0001_wm.jpg
https://www.museumschina.cn/collection/details?id=BF328D01D04A43DAAD6BEF76BBF62A60,http://www.museumschina.cn/img/waterMark/2019-01-02-14-28-22/yipu/da/23/06/22/21800001/00000066/2306222180000100000066-A-0001_wm.jpg,新石器时代小拉哈文化假圈足陶钵,肇源博物馆,陶器,新石器时代,三级,1999,单一/无机质/陶,http://www.museumschina.cn/img/waterMark/2019-01-02-14-28-22/yipu/da/23/06/22/21800001/00000066/2306222180000100000066-A-0001_wm.jpg|http://www.museumschina.cn/img/waterMark/2019-01-02-14-28-22/yipu/da/23/06/22/21800001/00000066/2306222180000100000066-A-0002_wm.jpg|http://www.museumschina.cn/img/waterMark/2019-01-02-14-28-22/yipu/da/23/06/22/21800001/00000066/2306222180000100000066-B-0001_wm.jpg|http://www.museumschina.cn/img/waterMark/2019-01-02-14-28-22/yipu/da/23/06/22/21800001/00000066/2306222180000100000066-F-0001_wm.jpg
https://www.museumschina.cn/collection/details?id=bf1f54e4add24b0d821f4bd0064004d7,http://www.museumschina.cn/img/waterMark/2019-01-02-14-28-22/yipu/da/44/14/24/21800001/80000045/4414242180000180000045-A-1009_wm.jpg,新石器黄褐色四大圆圈内十双耳彩陶壶,五华县博物馆,陶器,新石器时代,三级,1989,单一/-/-,http://www.museumschina.cn/img/waterMark/2019-01-02-14-28-22/yipu/da/44/14/24/21800001/80000045/4414242180000180000045-A-1009_wm.jpg|http://www.museumschina.cn/img/waterMark/2019-01-02-14-28-22/yipu/da/44/14/24/21800001/80000045/4414242180000180000045-A-1010_wm.jpg|http://www.museumschina.cn/img/waterMark/2019-01-02-14-28-22/yipu/da/44/14/24/21800001/80000045/4414242180000180000045-A-1011_wm.jpg|http://www.museumschina.cn/img/waterMark/2019-01-02-14-28-22/yipu/da/44/14/24/21800001/80000045/4414242180000180000045-A-1012_wm.jpg|http://www.museumschina.cn/img/waterMark/2019-01-02-14-28-22/yipu/da/44/14/24/21800001/80000045/4414242180000180000045-A-1013_wm.jpg|http://www.museumschina.cn/img/waterMark/2019-01-02-14-28-22/yipu/da/44/14/24/21800001/80000045/4414242180000180000045-A-1014_wm.jpg
https://www.museumschina.cn/collection/details?id=BF1C69E064704B86A50BB223F998FB8F,http://www.museumschina.cn/img/waterMark/2019-01-02-14-28-22/yipu/da/53/23/24/21800003/00000051/5323242180000300000051-A-0000_wm.jpg,新石器时代陶罐,云南省楚雄彝族自治州南华县数字博物馆,陶器,新石器时代,一般,1996,单一/无机质/陶,http://www.museumschina.cn/img/waterMark/2019-01-02-14-28-22/yipu/da/53/23/24/21800003/00000051/5323242180000300000051-A-0000_wm.jpg|http://www.museumschina.cn/img/waterMark/2019-01-02-14-28-22/yipu/da/53/23/24/21800003/00000051/5323242180000300000051-A-0001_wm.jpg|http://www.museumschina.cn/img/waterMark/2019-01-02-14-28-22/yipu/da/53/23/24/21800003/00000051/5323242180000300000051-B-0000_wm.jpg|http://www.museumschina.cn/img/waterMark/2019-01-02-14-28-22/yipu/da/53/23/24/21800003/00000051/5323242180000300000051-C-0000_wm.jpg|http://www.museumschina.cn/img/waterMark/2019-01-02-14-28-22/yipu/da/53/23/24/21800003/00000051/5323242180000300000051-E-0000_wm.jpg
https://www.museumschina.cn/collection/details?id=bec40c15e36740d7a94e8f649ebbe90f,http://www.museumschina.cn/img/waterMark/2019-01-02-14-28-22/yipu/da/62/04/23/21800005/00000316/6204232180000500000316-A-0001_wm.jpg,新石器时代·叶纹双耳彩陶罐,景泰县博物馆,陶器,新石器时代,一般,1983,单一/无机质/陶,http://www.museumschina.cn/img/waterMark/2019-01-02-14-28-22/yipu/da/62/04/23/21800005/00000316/6204232180000500000316-A-0001_wm.jpg|http://www.museumschina.cn/img/waterMark/2019-01-02-14-28-22/yipu/da/62/04/23/21800005/00000316/6204232180000500000316-A-0002_wm.jpg|http://www.museumschina.cn/img/waterMark/2019-01-02-14-28-22/yipu/da/62/04/23/21800005/00000316/6204232180000500000316-B-0001_wm.jpg|http://www.museumschina.cn/img/waterMark/2019-01-02-14-28-22/yipu/da/62/04/23/21800005/00000316/6204232180000500000316-C-0001_wm.jpg|http://www.museumschina.cn/img/waterMark/2019-01-02-14-28-22/yipu/da/62/04/23/21800005/00000316/6204232180000500000316-C-0002_wm.jpg|http://www.museumschina.cn/img/waterMark/2019-01-02-14-28-22/yipu/da/62/04/23/21800005/00000316/6204232180000500000316-F-0001_wm.jpg
https://www.museumschina.cn/collection/details?id=be96aa7278754eb4a35557b0633ae158,http://www.museumschina.cn/img/waterMark/2019-01-02-14-28-22/yipu/da/35/09/81/21800004/10000409/3509812180000410000409-A-0001_wm.jpg,新石器时代昙石山文化夹砂红陶钵,福建省昙石山遗址博物馆,陶器,新石器时代,一级,2001,单一/无机质/陶,http://www.museumschina.cn/img/waterMark/2019-01-02-14-28-22/yipu/da/35/09/81/21800004/10000409/3509812180000410000409-A-0001_wm.jpg|http://www.museumschina.cn/img/waterMark/2019-01-02-14-28-22/yipu/da/35/09/81/21800004/10000409/3509812180000410000409-B-0001_wm.jpg|http://www.museumschina.cn/img/waterMark/2019-01-02-14-28-22/yipu/da/35/09/81/21800004/10000409/3509812180000410000409-F-0001_wm.jpg
https://www.museumschina.cn/collection/details?id=BD3F89B3B4E44A1896A21065FE1F85FF,http://www.museumschina.cn/img/waterMark/2019-01-02-14-28-22/yipu/da/23/12/81/21800002/00000072/2312812180000200000072-A-0001_wm.jpg,新石器时代素面夹蚌陶片,黑龙江省绥化市安达市数字博物馆,陶器,新石器时代,一般,1997,单一/无机质/陶,http://www.museumschina.cn/img/waterMark/2019-01-02-14-28-22/yipu/da/23/12/81/21800002/00000072/2312812180000200000072-A-0001_wm.jpg
https://www.museumschina.cn/collection/details?id=BCA5CF4089084439A00440D80ACD0806,http://www.museumschina.cn/img/waterMark/2019-01-02-14-28-22/yipu/da/51/05/25/21800002/00000347/5105252180000200000347-B-0001_wm.jpg,新石器时代绳纹陶片,四川省泸州市古蔺县数字博物馆,陶器,新石器时代,未定级,1995,单一/无机质/陶,http://www.museumschina.cn/img/waterMark/2019-01-02-14-28-22/yipu/da/51/05/25/21800002/00000347/5105252180000200000347-B-0001_wm.jpg|http://www.museumschina.cn/img/waterMark/2019-01-02-14-28-22/yipu/da/51/05/25/21800002/00000347/5105252180000200000347-D-0001_wm.jpg|http://www.museumschina.cn/img/waterMark/2019-01-02-14-28-22/yipu/da/51/05/25/21800002/00000347/5105252180000200000347-F-0001_wm.jpg
https://www.museumschina.cn/collection/details?id=BC960D070DE2402586E19A55C0F01E8D,http://www.museumschina.cn/img/waterMark/2019-01-02-14-28-22/yipu/da/62/30/22/21800001/00000248/6230222180000100000248-A-0001_wm.jpg,新石器时代·双耳敞平口红陶罐,卓尼县博物馆,陶器,新石器时代,未定级,2008,单一/无机质/陶,http://www.museumschina.cn/img/waterMark/2019-01-02-14-28-22/yipu/da/62/30/22/21800001/00000248/6230222180000100000248-A-0001_wm.jpg|http://www.museumschina.cn/img/waterMark/2019-01-02-14-28-22/yipu/da/62/30/22/21800001/00000248/6230222180000100000248-A-0002_wm.jpg|http://www.museumschina.cn/img/waterMark/2019-01-02-14-28-22/yipu/da/62/30/22/21800001/00000248/6230222180000100000248-B-0001_wm.jpg|http://www.museumschina.cn/img/waterMark/2019-01-02-14-28-22/yipu/da/62/30/22/21800001/00000248/6230222180000100000248-C-0001_wm.jpg|http://www.museumschina.cn/img/waterMark/2019-01-02-14-28-22/yipu/da/62/30/22/21800001/00000248/6230222180000100000248-C-0002_wm.jpg|http://www.museumschina.cn/img/waterMark/2019-01-02-14-28-22/yipu/da/62/30/22/21800001/00000248/6230222180000100000248-F-0001_wm.jpg
https://www.museumschina.cn/collection/details?id=BC5B34E3E7804FE591BE7DDEC39C9318,http://www.museumschina.cn/img/waterMark/2019-01-02-14-28-22/yipu/da/44/53/81/21800001/00001374/4453812180000100001374-A-0001_wm.jpg,新石器时代马家窑文化重复菱形纹双耳彩陶罐,罗定市博物馆,陶器,新石器时代,三级,2003,单一/无机质/陶,http://www.museumschina.cn/img/waterMark/2019-01-02-14-28-22/yipu/da/44/53/81/21800001/00001374/4453812180000100001374-A-0001_wm.jpg|http://www.museumschina.cn/img/waterMark/2019-01-02-14-28-22/yipu/da/44/53/81/21800001/00001374/4453812180000100001374-B-0001_wm.jpg|http://www.museumschina.cn/img/waterMark/2019-01-02-14-28-22/yipu/da/44/53/81/21800001/00001374/4453812180000100001374-C-0001_wm.jpg|http://www.museumschina.cn/img/waterMark/2019-01-02-14-28-22/yipu/da/44/53/81/21800001/00001374/4453812180000100001374-C-0002_wm.jpg|http://www.museumschina.cn/img/waterMark/2019-01-02-14-28-22/yipu/da/44/53/81/21800001/00001374/4453812180000100001374-C-0003_wm.jpg|http://www.museumschina.cn/img/waterMark/2019-01-02-14-28-22/yipu/da/44/53/81/21800001/00001374/4453812180000100001374-D-0001_wm.jpg|http://www.museumschina.cn/img/waterMark/2019-01-02-14-28-22/yipu/da/44/53/81/21800001/00001374/4453812180000100001374-E-0001_wm.jpg|http://www.museumschina.cn/img/waterMark/2019-01-02-14-28-22/yipu/da/44/53/81/21800001/00001374/4453812180000100001374-F-0001_wm.jpg
https://www.museumschina.cn/collection/details?id=BBD67D668A5A4149BE07C104CD1F5D91,http://www.museumschina.cn/img/waterMark/2019-01-02-14-28-22/yipu/da/33/02/05/21800002/00000490/3302052180000200000490-A-0001_wm.jpg,新石器时代陶塑,浙江省宁波市江北区数字博物馆,陶器,新石器时代,未定级,,单一/无机质/陶,http://www.museumschina.cn/img/waterMark/2019-01-02-14-28-22/yipu/da/33/02/05/21800002/00000490/3302052180000200000490-A-0001_wm.jpg|http://www.museumschina.cn/img/waterMark/2019-01-02-14-28-22/yipu/da/33/02/05/21800002/00000490/3302052180000200000490-A-0002_wm.jpg|http://www.museumschina.cn/img/waterMark/2019-01-02-14-28-22/yipu/da/33/02/05/21800002/00000490/3302052180000200000490-A-0003_wm.jpg|http://www.museumschina.cn/img/waterMark/2019-01-02-14-28-22/yipu/da/33/02/05/21800002/00000490/3302052180000200000490-A-0004_wm.jpg|http://www.museumschina.cn/img/waterMark/2019-01-02-14-28-22/yipu/da/33/02/05/21800002/00000490/3302052180000200000490-A-0005_wm.jpg|http://www.museumschina.cn/img/waterMark/2019-01-02-14-28-22/yipu/da/33/02/05/21800002/00000490/3302052180000200000490-A-0006_wm.jpg
https://www.museumschina.cn/collection/details?id=ba58c2d7a2d6448cb98814c855c748fe,http://www.museumschina.cn/img/waterMark/2019-01-02-14-28-22/yipu/da/62/01/23/21800001/00000889/6201232180000100000889-A-0001_wm.jpg,半山类型高低耳彩陶壶,榆中县博物馆,陶器,新石器时代,一级,1988,单一/无机质/陶,http://www.museumschina.cn/img/waterMark/2019-01-02-14-28-22/yipu/da/62/01/23/21800001/00000889/6201232180000100000889-A-0001_wm.jpg|http://www.museumschina.cn/img/waterMark/2019-01-02-14-28-22/yipu/da/62/01/23/21800001/00000889/6201232180000100000889-B-0001_wm.jpg|http://www.museumschina.cn/img/waterMark/2019-01-02-14-28-22/yipu/da/62/01/23/21800001/00000889/6201232180000100000889-C-0001_wm.jpg
https://www.museumschina.cn/collection/details?id=b9cc9c6529bf4350a455e2bf559ba9ca,http://www.museumschina.cn/img/waterMark/2019-01-02-14-28-22/yipu/da/62/29/26/21800001/00000290/6229262180000100000290-A-0001_wm.jpg,新石器时代马家窑文化马厂类型菱形方格纹彩陶罐,东乡族自治县民族博物馆,陶器,新石器时代,二级,1982,单一/无机质/泥,http://www.museumschina.cn/img/waterMark/2019-01-02-14-28-22/yipu/da/62/29/26/21800001/00000290/6229262180000100000290-A-0001_wm.jpg|http://www.museumschina.cn/img/waterMark/2019-01-02-14-28-22/yipu/da/62/29/26/21800001/00000290/6229262180000100000290-B-0001_wm.jpg|http://www.museumschina.cn/img/waterMark/2019-01-02-14-28-22/yipu/da/62/29/26/21800001/00000290/6229262180000100000290-C-0001_wm.jpg|http://www.museumschina.cn/img/waterMark/2019-01-02-14-28-22/yipu/da/62/29/26/21800001/00000290/6229262180000100000290-F-0001_wm.jpg
https://www.museumschina.cn/collection/details?id=B98D47A46BDF43B8A8CAAF6D83FBFDA1,http://www.museumschina.cn/img/waterMark/2019-01-02-14-28-22/yipu/da/33/02/81/21800002/00001633/3302812180000200001633-A-0001_wm.jpg,新石器时代河姆渡文化夹炭黑陶纺轮,余姚市河姆渡遗址博物馆,陶器,新石器时代,未定级,1992,单一/无机质/陶,http://www.museumschina.cn/img/waterMark/2019-01-02-14-28-22/yipu/da/33/02/81/21800002/00001633/3302812180000200001633-A-0001_wm.jpg|http://www.museumschina.cn/img/waterMark/2019-01-02-14-28-22/yipu/da/33/02/81/21800002/00001633/3302812180000200001633-A-0002_wm.jpg|http://www.museumschina.cn/img/waterMark/2019-01-02-14-28-22/yipu/da/33/02/81/21800002/00001633/3302812180000200001633-D-0001_wm.jpg
https://www.museumschina.cn/collection/details?id=B877749460E54B3C9DCAC884504E8DEC,http://www.museumschina.cn/img/waterMark/2019-01-02-14-28-22/yipu/da/62/11/22/21800002/00001152/6211222180000200001152-A-0001_wm.jpg,新石器时代马家窑文化带流杏圆纹彩陶壶,陇西县博物馆,陶器,新石器时代,二级,1997,单一/无机质/陶,http://www.museumschina.cn/img/waterMark/2019-01-02-14-28-22/yipu/da/62/11/22/21800002/00001152/6211222180000200001152-A-0001_wm.jpg|http://www.museumschina.cn/img/waterMark/2019-01-02-14-28-22/yipu/da/62/11/22/21800002/00001152/6211222180000200001152-A-0002_wm.jpg|http://www.museumschina.cn/img/waterMark/2019-01-02-14-28-22/yipu/da/62/11/22/21800002/00001152/6211222180000200001152-B-0001_wm.jpg|http://www.museumschina.cn/img/waterMark/2019-01-02-14-28-22/yipu/da/62/11/22/21800002/00001152/6211222180000200001152-C-0001_wm.jpg|http://www.museumschina.cn/img/waterMark/2019-01-02-14-28-22/yipu/da/62/11/22/21800002/00001152/6211222180000200001152-C-0002_wm.jpg|http://www.museumschina.cn/img/waterMark/2019-01-02-14-28-22/yipu/da/62/11/22/21800002/00001152/6211222180000200001152-F-0001_wm.jpg
https://www.museumschina.cn/collection/details?id=b870a96f163a412bb7e2a4ee371b58a5,http://www.museumschina.cn/img/waterMark/2019-01-02-14-28-22/yipu/da/62/29/21/21800002/00000054/6229212180000200000054-A-0001_wm.jpg,新石器时代马家窑文化马厂类型双耳彩陶盆,临夏县博物馆,陶器,新石器时代,三级,1991,单一/无机质/陶,http://www.museumschina.cn/img/waterMark/2019-01-02-14-28-22/yipu/da/62/29/21/21800002/00000054/6229212180000200000054-A-0001_wm.jpg|http://www.museumschina.cn/img/waterMark/2019-01-02-14-28-22/yipu/da/62/29/21/21800002/00000054/6229212180000200000054-B-0001_wm.jpg|http://www.museumschina.cn/img/waterMark/2019-01-02-14-28-22/yipu/da/62/29/21/21800002/00000054/6229212180000200000054-F-0001_wm.jpg
https://www.museumschina.cn/collection/details?id=B83445003C7843CDA2EF4BF693F7BBAA,http://www.museumschina.cn/img/waterMark/2019-01-02-14-28-22/yipu/da/62/10/24/21800002/00003314/6210242180000200003314-A-0001_wm.jpg,新石器时代仰韶文化黑彩梳纹红陶罐,陇东古石刻艺术博物馆,陶器,新石器时代,二级,1986,单一/无机质/陶,http://www.museumschina.cn/img/waterMark/2019-01-02-14-28-22/yipu/da/62/10/24/21800002/00003314/6210242180000200003314-A-0001_wm.jpg|http://www.museumschina.cn/img/waterMark/2019-01-02-14-28-22/yipu/da/62/10/24/21800002/00003314/6210242180000200003314-B-0001_wm.jpg|http://www.museumschina.cn/img/waterMark/2019-01-02-14-28-22/yipu/da/62/10/24/21800002/00003314/6210242180000200003314-F-0001_wm.jpg
https://www.museumschina.cn/collection/details?id=C124655D6E974B1E8473B86478CFB2D1,http://www.museumschina.cn/img/waterMark/2019-01-02-14-28-22/yipu/da/53/23/28/21800010/00001624/5323282180001000001624-A-0001_wm.jpg,新石器时代陶器,元谋县博物馆,陶器,新石器时代,未定级,2012,单一/无机质/陶,http://www.museumschina.cn/img/waterMark/2019-01-02-14-28-22/yipu/da/53/23/28/21800010/00001624/5323282180001000001624-A-0001_wm.jpg|http://www.museumschina.cn/img/waterMark/2019-01-02-14-28-22/yipu/da/53/23/28/21800010/00001624/5323282180001000001624-B-0001_wm.jpg|http://www.museumschina.cn/img/waterMark/2019-01-02-14-28-22/yipu/da/53/23/28/21800010/00001624/5323282180001000001624-C-0001_wm.jpg
https://www.museumschina.cn/collection/details?id=c07f34bdc9194d319b71cc2083b9d709,http://www.museumschina.cn/img/waterMark/2019-01-02-14-28-22/yipu/da/62/11/24/21800003/00001151/6211242180000300001151-A-0001_wm.jpg,新石器时代马家窑文化弦纹双耳彩陶瓶,临洮县博物馆,陶器,新石器时代,二级,,单一/无机质/陶,http://www.museumschina.cn/img/waterMark/2019-01-02-14-28-22/yipu/da/62/11/24/21800003/00001151/6211242180000300001151-A-0001_wm.jpg|http://www.museumschina.cn/img/waterMark/2019-01-02-14-28-22/yipu/da/62/11/24/21800003/00001151/6211242180000300001151-B-0001_wm.jpg|http://www.museumschina.cn/img/waterMark/2019-01-02-14-28-22/yipu/da/62/11/24/21800003/00001151/6211242180000300001151-C-0001_wm.jpg|http://www.museumschina.cn/img/waterMark/2019-01-02-14-28-22/yipu/da/62/11/24/21800003/00001151/6211242180000300001151-E-0001_wm.jpg
https://www.museumschina.cn/collection/details?id=BFC629A2D2674BDE98BA2E13F66B0A8F,http://www.museumschina.cn/img/waterMark/2019-01-02-14-28-22/yipu/da/44/06/07/21800001/00000953/4406072180000100000953-A-0001_wm.jpg,新石器时代谷纹彩陶双耳罐,三水区博物馆,陶器,新石器时代,二级,1987,单一/无机质/陶,http://www.museumschina.cn/img/waterMark/2019-01-02-14-28-22/yipu/da/44/06/07/21800001/00000953/4406072180000100000953-A-0001_wm.jpg|http://www.museumschina.cn/img/waterMark/2019-01-02-14-28-22/yipu/da/44/06/07/21800001/00000953/4406072180000100000953-B-0001_wm.jpg|http://www.museumschina.cn/img/waterMark/2019-01-02-14-28-22/yipu/da/44/06/07/21800001/00000953/4406072180000100000953-C-0001_wm.jpg|http://www.museumschina.cn/img/waterMark/2019-01-02-14-28-22/yipu/da/44/06/07/21800001/00000953/4406072180000100000953-C-0002_wm.jpg|http://www.museumschina.cn/img/waterMark/2019-01-02-14-28-22/yipu/da/44/06/07/21800001/00000953/4406072180000100000953-F-0001_wm.jpg
https://www.museumschina.cn/collection/details?id=bf549067e4d542b2801271aca6a2f051,http://www.museumschina.cn/img/waterMark/2019-01-02-14-28-22/yipu/da/62/11/24/21800003/00000542/6211242180000300000542-A-0001_wm.jpg,新石器时代马家窑文化四圈漩涡纹彩陶双耳罐,临洮县博物馆,陶器,新石器时代,一级,1975,单一/无机质/陶,http://www.museumschina.cn/img/waterMark/2019-01-02-14-28-22/yipu/da/62/11/24/21800003/00000542/6211242180000300000542-A-0001_wm.jpg|http://www.museumschina.cn/img/waterMark/2019-01-02-14-28-22/yipu/da/62/11/24/21800003/00000542/6211242180000300000542-A-0002_wm.jpg|http://www.museumschina.cn/img/waterMark/2019-01-02-14-28-22/yipu/da/62/11/24/21800003/00000542/6211242180000300000542-B-0001_wm.jpg|http://www.museumschina.cn/img/waterMark/2019-01-02-14-28-22/yipu/da/62/11/24/21800003/00000542/6211242180000300000542-F-0001_wm.jpg
https://www.museumschina.cn/collection/details?id=af4074cc5b584fe39693b499785809cf,http://www.museumschina.cn/img/waterMark/2019-01-02-14-28-22/yipu/da/62/29/27/21800001/00000043/6229272180000100000043-A-0001_wm.jpg,齐家文化三耳素陶罐,积石山保安族东乡族撒拉族自治县博物馆,陶器,新石器时代,二级,1994,单一/无机质/陶,http://www.museumschina.cn/img/waterMark/2019-01-02-14-28-22/yipu/da/62/29/27/21800001/00000043/6229272180000100000043-A-0001_wm.jpg|http://www.museumschina.cn/img/waterMark/2019-01-02-14-28-22/yipu/da/62/29/27/21800001/00000043/6229272180000100000043-A-0002_wm.jpg|http://www.museumschina.cn/img/waterMark/2019-01-02-14-28-22/yipu/da/62/29/27/21800001/00000043/6229272180000100000043-B-0001_wm.jpg|http://www.museumschina.cn/img/waterMark/2019-01-02-14-28-22/yipu/da/62/29/27/21800001/00000043/6229272180000100000043-C-0001_wm.jpg|http://www.museumschina.cn/img/waterMark/2019-01-02-14-28-22/yipu/da/62/29/27/21800001/00000043/6229272180000100000043-C-0002_wm.jpg|http://www.museumschina.cn/img/waterMark/2019-01-02-14-28-22/yipu/da/62/29/27/21800001/00000043/6229272180000100000043-F-0001_wm.jpg
https://www.museumschina.cn/collection/details?id=aeffab87d4224356ba96b7baf2e2b837,http://www.museumschina.cn/img/waterMark/2019-01-02-14-28-22/yipu/da/62/09/02/21800004/00004408/6209022180000400004408-A-0001_wm.jpg,新石器时代双耳夹砂彩陶杯,酒泉市肃州区博物馆,陶器,新石器时代,一级,1991,单一/无机质/陶,http://www.museumschina.cn/img/waterMark/2019-01-02-14-28-22/yipu/da/62/09/02/21800004/00004408/6209022180000400004408-A-0001_wm.jpg|http://www.museumschina.cn/img/waterMark/2019-01-02-14-28-22/yipu/da/62/09/02/21800004/00004408/6209022180000400004408-A-0002_wm.jpg
https://www.museumschina.cn/collection/details?id=afd03bc626f347fd854f634d2a5f6d1f,http://www.museumschina.cn/img/waterMark/2019-01-02-14-28-22/yipu/da/44/12/26/21800001/00000435/4412262180000100000435-A-0001_wm.jpg,新石器时代马家窑文化四大圆圈内绳纹双系彩陶壶,德庆县博物馆,陶器,新石器时代,三级,1991,单一/无机质/陶,http://www.museumschina.cn/img/waterMark/2019-01-02-14-28-22/yipu/da/44/12/26/21800001/00000435/4412262180000100000435-A-0001_wm.jpg|http://www.museumschina.cn/img/waterMark/2019-01-02-14-28-22/yipu/da/44/12/26/21800001/00000435/4412262180000100000435-B-0001_wm.jpg|http://www.museumschina.cn/img/waterMark/2019-01-02-14-28-22/yipu/da/44/12/26/21800001/00000435/4412262180000100000435-C-0001_wm.jpg|http://www.museumschina.cn/img/waterMark/2019-01-02-14-28-22/yipu/da/44/12/26/21800001/00000435/4412262180000100000435-C-0002_wm.jpg|http://www.museumschina.cn/img/waterMark/2019-01-02-14-28-22/yipu/da/44/12/26/21800001/00000435/4412262180000100000435-C-0003_wm.jpg|http://www.museumschina.cn/img/waterMark/2019-01-02-14-28-22/yipu/da/44/12/26/21800001/00000435/4412262180000100000435-E-0001_wm.jpg|http://www.museumschina.cn/img/waterMark/2019-01-02-14-28-22/yipu/da/44/12/26/21800001/00000435/4412262180000100000435-E-0002_wm.jpg|http://www.museumschina.cn/img/waterMark/2019-01-02-14-28-22/yipu/da/44/12/26/21800001/00000435/4412262180000100000435-E-0003_wm.jpg|http://www.museumschina.cn/img/waterMark/2019-01-02-14-28-22/yipu/da/44/12/26/21800001/00000435/4412262180000100000435-E-0004_wm.jpg|http://www.museumschina.cn/img/waterMark/2019-01-02-14-28-22/yipu/da/44/12/26/21800001/00000435/4412262180000100000435-E-0005_wm.jpg|http://www.museumschina.cn/img/waterMark/2019-01-02-14-28-22/yipu/da/44/12/26/21800001/00000435/4412262180000100000435-F-0001_wm.jpg
https://www.museumschina.cn/collection/details?id=B579C41033F345CBA431A06DD351B400,http://www.museumschina.cn/img/waterMark/2019-01-02-14-28-22/yipu/da/53/23/28/21800010/00000244/5323282180001000000244-A-0001_wm.jpg,新石器时代盛有粉状物的陶碗,元谋县博物馆,陶器,新石器时代,未定级,1999,复合或组合/有机无机复合或组合/其他植物质,http://www.museumschina.cn/img/waterMark/2019-01-02-14-28-22/yipu/da/53/23/28/21800010/00000244/5323282180001000000244-A-0001_wm.jpg|http://www.museumschina.cn/img/waterMark/2019-01-02-14-28-22/yipu/da/53/23/28/21800010/00000244/5323282180001000000244-B-0001_wm.jpg|http://www.museumschina.cn/img/waterMark/2019-01-02-14-28-22/yipu/da/53/23/28/21800010/00000244/5323282180001000000244-C-0001_wm.jpg|http://www.museumschina.cn/img/waterMark/2019-01-02-14-28-22/yipu/da/53/23/28/21800010/00000244/5323282180001000000244-E-0001_wm.jpg
https://www.museumschina.cn/collection/details?id=b49acfdbc97540d7a22f3ccea4dffc8f,http://www.museumschina.cn/img/waterMark/2019-01-02-14-28-22/yipu/da/14/08/27/21800006/10007376/1408272180000610007376-A-0001_wm.jpg,新石器时代庙底沟二期文化彩绘红陶罐,垣曲县自然博物馆,陶器,新石器时代,一级,,单一/无机质/陶,http://www.museumschina.cn/img/waterMark/2019-01-02-14-28-22/yipu/da/14/08/27/21800006/10007376/1408272180000610007376-A-0001_wm.jpg|http://www.museumschina.cn/img/waterMark/2019-01-02-14-28-22/yipu/da/14/08/27/21800006/10007376/1408272180000610007376-A-0002_wm.jpg|http://www.museumschina.cn/img/waterMark/2019-01-02-14-28-22/yipu/da/14/08/27/21800006/10007376/1408272180000610007376-A-0003_wm.jpg|http://www.museumschina.cn/img/waterMark/2019-01-02-14-28-22/yipu/da/14/08/27/21800006/10007376/1408272180000610007376-E-0001_wm.jpg|http://www.museumschina.cn/img/waterMark/2019-01-02-14-28-22/yipu/da/14/08/27/21800006/10007376/1408272180000610007376-F-0001_wm.jpg
https://www.museumschina.cn/collection/details?id=B42F54364B3B4B31A62B9EC62A526D36,http://www.museumschina.cn/img/waterMark/2019-01-02-14-28-22/yipu/da/33/10/81/21800004/00000371/3310812180000400000371-A-0001_wm.jpg,新石器时代马家窑文化宽带纹彩陶罐,浙江省台州市温岭市数字博物馆,陶器,新石器时代,未定级,2009,单一/无机质/陶,http://www.museumschina.cn/img/waterMark/2019-01-02-14-28-22/yipu/da/33/10/81/21800004/00000371/3310812180000400000371-A-0001_wm.jpg|http://www.museumschina.cn/img/waterMark/2019-01-02-14-28-22/yipu/da/33/10/81/21800004/00000371/3310812180000400000371-B-0001_wm.jpg|http://www.museumschina.cn/img/waterMark/2019-01-02-14-28-22/yipu/da/33/10/81/21800004/00000371/3310812180000400000371-D-0001_wm.jpg|http://www.museumschina.cn/img/waterMark/2019-01-02-14-28-22/yipu/da/33/10/81/21800004/00000371/3310812180000400000371-F-0001_wm.jpg
https://www.museumschina.cn/collection/details?id=b2d452a93acb4918bed42951a76caaf6,http://www.museumschina.cn/img/waterMark/2019-01-02-14-28-22/yipu/da/62/05/23/41800001/00000785/6205234180000100000785-A-0001_wm.jpg,波纹双耳彩陶罐,甘谷县博物馆,陶器,新石器时代,二级,,单一/无机质/陶,http://www.museumschina.cn/img/waterMark/2019-01-02-14-28-22/yipu/da/62/05/23/41800001/00000785/6205234180000100000785-A-0001_wm.jpg
https://www.museumschina.cn/collection/details?id=B23E7B4AA2BD4C3F9E44C753AC18EB7F,http://www.museumschina.cn/img/waterMark/2019-01-02-14-28-22/yipu/da/53/29/28/21800003/00001419/5329282180000300001419-A-0001_wm.jpg,新石器时代新光遗址陶纺轮,云南省大理白族自治州永平县数字博物馆,陶器,新石器时代,一般,1997,单一/无机质/陶,http://www.museumschina.cn/img/waterMark/2019-01-02-14-28-22/yipu/da/53/29/28/21800003/00001419/5329282180000300001419-A-0001_wm.jpg
https://www.museumschina.cn/collection/details?id=b1ce599631914f008f558bcca169d1b6,http://www.museumschina.cn/img/waterMark/2019-01-02-14-28-22/yipu/da/62/29/23/21800003/00001363/6229232180000300001363-A-0001_wm.jpg,新石器时代马家窑文化马厂类型四大圈菱格纹双耳罐,永靖县博物馆,陶器,新石器时代,一级,1989,单一/无机质/陶,http://www.museumschina.cn/img/waterMark/2019-01-02-14-28-22/yipu/da/62/29/23/21800003/00001363/6229232180000300001363-A-0001_wm.jpg|http://www.museumschina.cn/img/waterMark/2019-01-02-14-28-22/yipu/da/62/29/23/21800003/00001363/6229232180000300001363-A-0002_wm.jpg|http://www.museumschina.cn/img/waterMark/2019-01-02-14-28-22/yipu/da/62/29/23/21800003/00001363/6229232180000300001363-A-0003_wm.jpg
https://www.museumschina.cn/collection/details?id=B1AC447D56C6439099ABC417A6106E86,http://www.museumschina.cn/img/waterMark/2019-01-02-14-28-22/yipu/da/23/05/23/21800001/00000018/2305232180000100000018-A-0001_wm.jpg,新石器时代篦点纹碟纹陶纺轮,宝清县博物馆,陶器,新石器时代,三级,2012,单一/无机质/陶,http://www.museumschina.cn/img/waterMark/2019-01-02-14-28-22/yipu/da/23/05/23/21800001/00000018/2305232180000100000018-A-0001_wm.jpg|http://www.museumschina.cn/img/waterMark/2019-01-02-14-28-22/yipu/da/23/05/23/21800001/00000018/2305232180000100000018-A-0002_wm.jpg
https://www.museumschina.cn/collection/details?id=b0d619a64b414ecdae95588a05cd6a5f,http://www.museumschina.cn/img/waterMark/2019-01-02-14-28-22/yipu/da/51/33/23/21800001/00000205/5133232180000100000205-A-0001_wm.jpg,新石器时代陶双耳铜罐,四川省甘孜藏族自治州丹巴县数字博物馆,陶器,新石器时代,未定级,,单一/无机质/陶,http://www.museumschina.cn/img/waterMark/2019-01-02-14-28-22/yipu/da/51/33/23/21800001/00000205/5133232180000100000205-A-0001_wm.jpg
https://www.museumschina.cn/collection/details?id=B07FA182F5764483A8C0B5F0569A7065,http://www.museumschina.cn/img/waterMark/2019-01-02-14-28-22/yipu/da/44/12/25/21800001/00003212/4412252180000100003212-A-0001_wm.jpg,新石器时代彩绘六大圆圈内方格纹双系大陶罐,封开县博物馆,陶器,新石器时代,二级,1988,单一/无机质/陶,http://www.museumschina.cn/img/waterMark/2019-01-02-14-28-22/yipu/da/44/12/25/21800001/00003212/4412252180000100003212-A-0001_wm.jpg|http://www.museumschina.cn/img/waterMark/2019-01-02-14-28-22/yipu/da/44/12/25/21800001/00003212/4412252180000100003212-A-0002_wm.jpg|http://www.museumschina.cn/img/waterMark/2019-01-02-14-28-22/yipu/da/44/12/25/21800001/00003212/4412252180000100003212-A-0003_wm.jpg|http://www.museumschina.cn/img/waterMark/2019-01-02-14-28-22/yipu/da/44/12/25/21800001/00003212/4412252180000100003212-A-0004_wm.jpg|http://www.museumschina.cn/img/waterMark/2019-01-02-14-28-22/yipu/da/44/12/25/21800001/00003212/4412252180000100003212-B-0001_wm.jpg|http://www.museumschina.cn/img/waterMark/2019-01-02-14-28-22/yipu/da/44/12/25/21800001/00003212/4412252180000100003212-C-0001_wm.jpg|http://www.museumschina.cn/img/waterMark/2019-01-02-14-28-22/yipu/da/44/12/25/21800001/00003212/4412252180000100003212-C-0002_wm.jpg|http://www.museumschina.cn/img/waterMark/2019-01-02-14-28-22/yipu/da/44/12/25/21800001/00003212/4412252180000100003212-C-0003_wm.jpg|http://www.museumschina.cn/img/waterMark/2019-01-02-14-28-22/yipu/da/44/12/25/21800001/00003212/4412252180000100003212-D-0001_wm.jpg|http://www.museumschina.cn/img/waterMark/2019-01-02-14-28-22/yipu/da/44/12/25/21800001/00003212/4412252180000100003212-E-0001_wm.jpg|http://www.museumschina.cn/img/waterMark/2019-01-02-14-28-22/yipu/da/44/12/25/21800001/00003212/4412252180000100003212-E-0002_wm.jpg|http://www.museumschina.cn/img/waterMark/2019-01-02-14-28-22/yipu/da/44/12/25/21800001/00003212/4412252180000100003212-F-0001_wm.jpg
https://www.museumschina.cn/collection/details?id=B02383D993064ED6A3C6129D2F82D6F9,http://www.museumschina.cn/img/waterMark/2019-01-02-14-28-22/yipu/da/53/29/31/21800023/00001922/5329312180002300001922-A-0001_wm.jpg,新石器时代网坠,剑川县民族博物馆,陶器,新石器时代,一般,2008,单一/无机质/陶,http://www.museumschina.cn/img/waterMark/2019-01-02-14-28-22/yipu/da/53/29/31/21800023/00001922/5329312180002300001922-A-0001_wm.jpg|http://www.museumschina.cn/img/waterMark/2019-01-02-14-28-22/yipu/da/53/29/31/21800023/00001922/5329312180002300001922-A-0002_wm.jpg|http://www.museumschina.cn/img/waterMark/2019-01-02-14-28-22/yipu/da/53/29/31/21800023/00001922/5329312180002300001922-C-0001_wm.jpg|http://www.museumschina.cn/img/waterMark/2019-01-02-14-28-22/yipu/da/53/29/31/21800023/00001922/5329312180002300001922-C-0002_wm.jpg|http://www.museumschina.cn/img/waterMark/2019-01-02-14-28-22/yipu/da/53/29/31/21800023/00001922/5329312180002300001922-C-0003_wm.jpg|http://www.museumschina.cn/img/waterMark/2019-01-02-14-28-22/yipu/da/53/29/31/21800023/00001922/5329312180002300001922-C-0004_wm.jpg
https://www.museumschina.cn/collection/details?id=afe61bac5b4a4d7c86ac96de4e766cff,http://www.museumschina.cn/img/waterMark/2019-01-02-14-28-22/yipu/da/23/02/25/21800001/00000103/2302252180000100000103-A-0001_wm.jpg,新石器时代陶纺轮,甘南县金代长城博物馆（文物管理所）,陶器,新石器时代,一般,1988,单一/无机质/陶,http://www.museumschina.cn/img/waterMark/2019-01-02-14-28-22/yipu/da/23/02/25/21800001/00000103/2302252180000100000103-A-0001_wm.jpg|http://www.museumschina.cn/img/waterMark/2019-01-02-14-28-22/yipu/da/23/02/25/21800001/00000103/2302252180000100000103-C-0001_wm.jpg|http://www.museumschina.cn/img/waterMark/2019-01-02-14-28-22/yipu/da/23/02/25/21800001/00000103/2302252180000100000103-D-0001_wm.jpg
https://www.museumschina.cn/collection/details?id=b7412f8302084e7ca55ace53d80fb418,http://www.museumschina.cn/img/waterMark/2019-01-02-14-28-22/yipu/da/35/08/22/21800007/10001331/3508222180000710001331-A-0001_wm.jpg,新石器时代彩陶片,闽东畲族博物馆（宁德市博物馆）,陶器,新石器时代,未定级,2010,单一/无机质/陶,http://www.museumschina.cn/img/waterMark/2019-01-02-14-28-22/yipu/da/35/08/22/21800007/10001331/3508222180000710001331-A-0001_wm.jpg|http://www.museumschina.cn/img/waterMark/2019-01-02-14-28-22/yipu/da/35/08/22/21800007/10001331/3508222180000710001331-C-0001_wm.jpg|http://www.museumschina.cn/img/waterMark/2019-01-02-14-28-22/yipu/da/35/08/22/21800007/10001331/3508222180000710001331-C-0002_wm.jpg|http://www.museumschina.cn/img/waterMark/2019-01-02-14-28-22/yipu/da/35/08/22/21800007/10001331/3508222180000710001331-F-0001_wm.jpg
https://www.museumschina.cn/collection/details?id=b71b63ab1a964b8486c5570dab3d8940,http://www.museumschina.cn/img/waterMark/2019-01-02-14-28-22/yipu/da/62/29/27/21800001/00000071/6229272180000100000071-A-0001_wm.jpg,齐家文化大双耳素陶罐,积石山保安族东乡族撒拉族自治县博物馆,陶器,新石器时代,二级,1989,单一/无机质/陶,http://www.museumschina.cn/img/waterMark/2019-01-02-14-28-22/yipu/da/62/29/27/21800001/00000071/6229272180000100000071-A-0001_wm.jpg|http://www.museumschina.cn/img/waterMark/2019-01-02-14-28-22/yipu/da/62/29/27/21800001/00000071/6229272180000100000071-A-0002_wm.jpg|http://www.museumschina.cn/img/waterMark/2019-01-02-14-28-22/yipu/da/62/29/27/21800001/00000071/6229272180000100000071-B-0001_wm.jpg|http://www.museumschina.cn/img/waterMark/2019-01-02-14-28-22/yipu/da/62/29/27/21800001/00000071/6229272180000100000071-C-0001_wm.jpg|http://www.museumschina.cn/img/waterMark/2019-01-02-14-28-22/yipu/da/62/29/27/21800001/00000071/6229272180000100000071-C-0002_wm.jpg|http://www.museumschina.cn/img/waterMark/2019-01-02-14-28-22/yipu/da/62/29/27/21800001/00000071/6229272180000100000071-F-0001_wm.jpg
https://www.museumschina.cn/collection/details?id=B1AC447D56C6439099ABC417A6106E86,http://www.museumschina.cn/img/waterMark/2019-01-02-14-28-22/yipu/da/23/05/23/21800001/00000018/2305232180000100000018-A-0001_wm.jpg,新石器时代篦点纹碟纹陶纺轮,宝清县博物馆,陶器,新石器时代,三级,2012,单一/无机质/陶,http://www.museumschina.cn/img/waterMark/2019-01-02-14-28-22/yipu/da/23/05/23/21800001/00000018/2305232180000100000018-A-0001_wm.jpg|http://www.museumschina.cn/img/waterMark/2019-01-02-14-28-22/yipu/da/23/05/23/21800001/00000018/2305232180000100000018-A-0002_wm.jpg
https://www.museumschina.cn/collection/details?id=b0d619a64b414ecdae95588a05cd6a5f,http://www.museumschina.cn/img/waterMark/2019-01-02-14-28-22/yipu/da/51/33/23/21800001/00000205/5133232180000100000205-A-0001_wm.jpg,新石器时代陶双耳铜罐,四川省甘孜藏族自治州丹巴县数字博物馆,陶器,新石器时代,未定级,,单一/无机质/陶,http://www.museumschina.cn/img/waterMark/2019-01-02-14-28-22/yipu/da/51/33/23/21800001/00000205/5133232180000100000205-A-0001_wm.jpg
https://www.museumschina.cn/collection/details?id=a960d2794dd14ad5b2ce8ab7ed7db179,http://www.museumschina.cn/img/waterMark/2019-01-02-14-28-22/yipu/da/62/10/25/21800001/00000159/6210252180000100000159-A-0001_wm.jpg,新石器时代仰韶文化葫芦口红陶瓶,正宁县博物馆,陶器,新石器时代,二级,1988,单一/无机质/陶,http://www.museumschina.cn/img/waterMark/2019-01-02-14-28-22/yipu/da/62/10/25/21800001/00000159/6210252180000100000159-A-0001_wm.jpg|http://www.museumschina.cn/img/waterMark/2019-01-02-14-28-22/yipu/da/62/10/25/21800001/00000159/6210252180000100000159-B-0001_wm.jpg|http://www.museumschina.cn/img/waterMark/2019-01-02-14-28-22/yipu/da/62/10/25/21800001/00000159/6210252180000100000159-E-0001_wm.jpg|http://www.museumschina.cn/img/waterMark/2019-01-02-14-28-22/yipu/da/62/10/25/21800001/00000159/6210252180000100000159-F-0001_wm.jpg
https://www.museumschina.cn/collection/details?id=A9C1F55B51484E188EE8CA34592E8B9B,http://www.museumschina.cn/img/waterMark/2019-01-02-14-28-22/yipu/da/33/04/81/21800001/00006505/3304812180000100006505-B-0001_wm.jpg,新石器时代良渚文化泥质灰陶带盖双鼻壶,海宁市博物馆,陶器,新石器时代,三级,1991,单一/无机质/陶,http://www.museumschina.cn/img/waterMark/2019-01-02-14-28-22/yipu/da/33/04/81/21800001/00006505/3304812180000100006505-B-0001_wm.jpg|http://www.museumschina.cn/img/waterMark/2019-01-02-14-28-22/yipu/da/33/04/81/21800001/00006505/3304812180000100006505-D-0001_wm.jpg|http://www.museumschina.cn/img/waterMark/2019-01-02-14-28-22/yipu/da/33/04/81/21800001/00006505/3304812180000100006505-D-0002_wm.jpg|http://www.museumschina.cn/img/waterMark/2019-01-02-14-28-22/yipu/da/33/04/81/21800001/00006505/3304812180000100006505-D-0003_wm.jpg|http://www.museumschina.cn/img/waterMark/2019-01-02-14-28-22/yipu/da/33/04/81/21800001/00006505/3304812180000100006505-F-0001_wm.jpg
https://www.museumschina.cn/collection/details?id=AA79840D0EFF4E29BFAFD4F2DF74AA64,http://www.museumschina.cn/img/waterMark/2019-01-02-14-28-22/yipu/da/62/06/23/21800001/00000480/6206232180000100000480-A-0001_wm.jpg,单耳单鋬篮纹红陶钵,天祝藏族自治县博物馆,陶器,新石器时代,三级,2009,单一/无机质/陶,http://www.museumschina.cn/img/waterMark/2019-01-02-14-28-22/yipu/da/62/06/23/21800001/00000480/6206232180000100000480-A-0001_wm.jpg|http://www.museumschina.cn/img/waterMark/2019-01-02-14-28-22/yipu/da/62/06/23/21800001/00000480/6206232180000100000480-B-0001_wm.jpg|http://www.museumschina.cn/img/waterMark/2019-01-02-14-28-22/yipu/da/62/06/23/21800001/00000480/6206232180000100000480-C-0001_wm.jpg|http://www.museumschina.cn/img/waterMark/2019-01-02-14-28-22/yipu/da/62/06/23/21800001/00000480/6206232180000100000480-C-0002_wm.jpg|http://www.museumschina.cn/img/waterMark/2019-01-02-14-28-22/yipu/da/62/06/23/21800001/00000480/6206232180000100000480-F-0001_wm.jpg
https://www.museumschina.cn/collection/details?id=aa1ff0027ec04b4d8c99a856c53ba57f,http://www.museumschina.cn/img/waterMark/2019-01-02-14-28-22/yipu/da/62/29/21/21800002/00000056/6229212180000200000056-A-0001_wm.jpg,新石器时代辛店文化双耳兽纹彩陶罐,临夏县博物馆,陶器,新石器时代,三级,1991,单一/无机质/陶,http://www.museumschina.cn/img/waterMark/2019-01-02-14-28-22/yipu/da/62/29/21/21800002/00000056/6229212180000200000056-A-0001_wm.jpg|http://www.museumschina.cn/img/waterMark/2019-01-02-14-28-22/yipu/da/62/29/21/21800002/00000056/6229212180000200000056-B-0001_wm.jpg|http://www.museumschina.cn/img/waterMark/2019-01-02-14-28-22/yipu/da/62/29/21/21800002/00000056/6229212180000200000056-F-0001_wm.jpg
https://www.museumschina.cn/collection/details?id=ab67ba55c5e74a18932632c8d260d387,http://www.museumschina.cn/img/waterMark/2019-01-02-14-28-22/yipu/da/62/29/23/21800003/00001339/6229232180000300001339-A-0001_wm.jpg,新石器时代马家窑文化马厂类型四大圈肢爪纹双耳彩陶罐,永靖县博物馆,陶器,新石器时代,一级,1991,单一/无机质/陶,http://www.museumschina.cn/img/waterMark/2019-01-02-14-28-22/yipu/da/62/29/23/21800003/00001339/6229232180000300001339-A-0001_wm.jpg|http://www.museumschina.cn/img/waterMark/2019-01-02-14-28-22/yipu/da/62/29/23/21800003/00001339/6229232180000300001339-B-0001_wm.jpg|http://www.museumschina.cn/img/waterMark/2019-01-02-14-28-22/yipu/da/62/29/23/21800003/00001339/6229232180000300001339-F-0001_wm.jpg
https://www.museumschina.cn/collection/details?id=AC93A0B9286544729456508A8E59FC21,http://www.museumschina.cn/img/waterMark/2019-01-02-14-28-22/yipu/da/53/23/24/21800003/00000048/5323242180000300000048-A-0000_wm.jpg,新石器时代陶瓶,云南省楚雄彝族自治州南华县数字博物馆,陶器,新石器时代,一般,1996,单一/无机质/陶,http://www.museumschina.cn/img/waterMark/2019-01-02-14-28-22/yipu/da/53/23/24/21800003/00000048/5323242180000300000048-A-0000_wm.jpg|http://www.museumschina.cn/img/waterMark/2019-01-02-14-28-22/yipu/da/53/23/24/21800003/00000048/5323242180000300000048-B-0000_wm.jpg|http://www.museumschina.cn/img/waterMark/2019-01-02-14-28-22/yipu/da/53/23/24/21800003/00000048/5323242180000300000048-B-0001_wm.jpg|http://www.museumschina.cn/img/waterMark/2019-01-02-14-28-22/yipu/da/53/23/24/21800003/00000048/5323242180000300000048-C-0000_wm.jpg|http://www.museumschina.cn/img/waterMark/2019-01-02-14-28-22/yipu/da/53/23/24/21800003/00000048/5323242180000300000048-E-0000_wm.jpg
https://www.museumschina.cn/collection/details?id=ac3b49d090b34f988628fac4dbefbb63,http://www.museumschina.cn/img/waterMark/2019-01-02-14-28-22/yipu/da/44/14/24/21800001/80000031/4414242180000180000031-A-1023_wm.jpg,新石器深黄褐色四大圆圈双耳彩陶壶,五华县博物馆,陶器,新石器时代,二级,1989,单一/-/-,http://www.museumschina.cn/img/waterMark/2019-01-02-14-28-22/yipu/da/44/14/24/21800001/80000031/4414242180000180000031-A-1023_wm.jpg|http://www.museumschina.cn/img/waterMark/2019-01-02-14-28-22/yipu/da/44/14/24/21800001/80000031/4414242180000180000031-A-1024_wm.jpg|http://www.museumschina.cn/img/waterMark/2019-01-02-14-28-22/yipu/da/44/14/24/21800001/80000031/4414242180000180000031-A-1025_wm.jpg|http://www.museumschina.cn/img/waterMark/2019-01-02-14-28-22/yipu/da/44/14/24/21800001/80000031/4414242180000180000031-A-1026_wm.jpg|http://www.museumschina.cn/img/waterMark/2019-01-02-14-28-22/yipu/da/44/14/24/21800001/80000031/4414242180000180000031-A-1027_wm.jpg|http://www.museumschina.cn/img/waterMark/2019-01-02-14-28-22/yipu/da/44/14/24/21800001/80000031/4414242180000180000031-A-1028_wm.jpg
https://www.museumschina.cn/collection/details?id=ACC1ED13F96C4A11A5FD5C52313000C9,http://www.museumschina.cn/img/waterMark/2019-01-02-14-28-22/yipu/da/62/29/01/21800004/00000837/6229012180000400000837-A-0001_wm.jpg,新石器时代马家窑文化“回”字纹双耳彩陶盆,临夏市博物馆,陶器,新石器时代,一级,1994,单一/无机质/陶,http://www.museumschina.cn/img/waterMark/2019-01-02-14-28-22/yipu/da/62/29/01/21800004/00000837/6229012180000400000837-A-0001_wm.jpg|http://www.museumschina.cn/img/waterMark/2019-01-02-14-28-22/yipu/da/62/29/01/21800004/00000837/6229012180000400000837-B-0001_wm.jpg|http://www.museumschina.cn/img/waterMark/2019-01-02-14-28-22/yipu/da/62/29/01/21800004/00000837/6229012180000400000837-C-0001_wm.jpg|http://www.museumschina.cn/img/waterMark/2019-01-02-14-28-22/yipu/da/62/29/01/21800004/00000837/6229012180000400000837-F-0001_wm.jpg
https://www.museumschina.cn/collection/details?id=ad8551f6cdc9494fa2daa7a051228ba0,http://www.museumschina.cn/img/waterMark/2019-01-02-14-28-22/yipu/da/35/01/24/21800002/10023895/3501242180000210023895-A-0001_wm.jpg,新石器时代陶釜,闽清县博物馆,陶器,新石器时代,一般,2013,单一/无机质/陶,http://www.museumschina.cn/img/waterMark/2019-01-02-14-28-22/yipu/da/35/01/24/21800002/10023895/3501242180000210023895-A-0001_wm.jpg|http://www.museumschina.cn/img/waterMark/2019-01-02-14-28-22/yipu/da/35/01/24/21800002/10023895/3501242180000210023895-B-0001_wm.jpg|http://www.museumschina.cn/img/waterMark/2019-01-02-14-28-22/yipu/da/35/01/24/21800002/10023895/3501242180000210023895-C-0001_wm.jpg|http://www.museumschina.cn/img/waterMark/2019-01-02-14-28-22/yipu/da/35/01/24/21800002/10023895/3501242180000210023895-D-0001_wm.jpg|http://www.museumschina.cn/img/waterMark/2019-01-02-14-28-22/yipu/da/35/01/24/21800002/10023895/3501242180000210023895-F-0001_wm.jpg
https://www.museumschina.cn/collection/details?id=a67059fef251404580fd7fee1a02c340,http://www.museumschina.cn/img/waterMark/2019-01-02-14-28-22/yipu/da/62/01/23/21800001/00003158/6201232180000100003158-A-0001_wm.jpg,半山类型折线锯齿纹双耳彩陶罐,榆中县博物馆,陶器,新石器时代,一级,1985,单一/无机质/陶,http://www.museumschina.cn/img/waterMark/2019-01-02-14-28-22/yipu/da/62/01/23/21800001/00003158/6201232180000100003158-A-0001_wm.jpg|http://www.museumschina.cn/img/waterMark/2019-01-02-14-28-22/yipu/da/62/01/23/21800001/00003158/6201232180000100003158-B-0001_wm.jpg|http://www.museumschina.cn/img/waterMark/2019-01-02-14-28-22/yipu/da/62/01/23/21800001/00003158/6201232180000100003158-C-0001_wm.jpg|http://www.museumschina.cn/img/waterMark/2019-01-02-14-28-22/yipu/da/62/01/23/21800001/00003158/6201232180000100003158-C-0002_wm.jpg|http://www.museumschina.cn/img/waterMark/2019-01-02-14-28-22/yipu/da/62/01/23/21800001/00003158/6201232180000100003158-C-0003_wm.jpg|http://www.museumschina.cn/img/waterMark/2019-01-02-14-28-22/yipu/da/62/01/23/21800001/00003158/6201232180000100003158-F-0001_wm.jpg
https://www.museumschina.cn/collection/details?id=A6992DDD16204798A2D8B614C512DC62,http://www.museumschina.cn/img/waterMark/2019-01-02-14-28-22/yipu/da/53/06/21/21800002/00000540/5306212180000200000540-A-0001_wm.jpg,新石器时代野石山遗址褐陶纺轮,云南省昭通市鲁甸县数字博物馆,陶器,新石器时代,一般,2006,单一/无机质/陶,http://www.museumschina.cn/img/waterMark/2019-01-02-14-28-22/yipu/da/53/06/21/21800002/00000540/5306212180000200000540-A-0001_wm.jpg|http://www.museumschina.cn/img/waterMark/2019-01-02-14-28-22/yipu/da/53/06/21/21800002/00000540/5306212180000200000540-C-0001_wm.jpg|http://www.museumschina.cn/img/waterMark/2019-01-02-14-28-22/yipu/da/53/06/21/21800002/00000540/5306212180000200000540-F-0001_wm.jpg
https://www.museumschina.cn/collection/details?id=a6cb7dcc7eb94255ad5376886bc7d54f,http://www.museumschina.cn/img/waterMark/2019-01-02-14-28-22/yipu/da/62/29/26/21800001/00000349/6229262180000100000349-A-0001_wm.jpg,新石器时代辛店文化绳纹双耳彩陶罐,东乡族自治县民族博物馆,陶器,新石器时代,二级,1987,单一/无机质/泥,http://www.museumschina.cn/img/waterMark/2019-01-02-14-28-22/yipu/da/62/29/26/21800001/00000349/6229262180000100000349-A-0001_wm.jpg|http://www.museumschina.cn/img/waterMark/2019-01-02-14-28-22/yipu/da/62/29/26/21800001/00000349/6229262180000100000349-A-0002_wm.jpg|http://www.museumschina.cn/img/waterMark/2019-01-02-14-28-22/yipu/da/62/29/26/21800001/00000349/6229262180000100000349-C-0001_wm.jpg|http://www.museumschina.cn/img/waterMark/2019-01-02-14-28-22/yipu/da/62/29/26/21800001/00000349/6229262180000100000349-C-0002_wm.jpg|http://www.museumschina.cn/img/waterMark/2019-01-02-14-28-22/yipu/da/62/29/26/21800001/00000349/6229262180000100000349-E-0001_wm.jpg|http://www.museumschina.cn/img/waterMark/2019-01-02-14-28-22/yipu/da/62/29/26/21800001/00000349/6229262180000100000349-F-0001_wm.jpg
https://www.museumschina.cn/collection/details?id=a6d47add2daa4573be050ac208af17cf,http://www.museumschina.cn/img/waterMark/2019-01-02-14-28-22/yipu/da/62/29/23/21800003/00001361/6229232180000300001361-A-0001_wm.jpg,新石器时代马家窑文化马厂类型平行锯齿纹双耳壶,永靖县博物馆,陶器,新石器时代,一级,1989,单一/无机质/陶,http://www.museumschina.cn/img/waterMark/2019-01-02-14-28-22/yipu/da/62/29/23/21800003/00001361/6229232180000300001361-A-0001_wm.jpg|http://www.museumschina.cn/img/waterMark/2019-01-02-14-28-22/yipu/da/62/29/23/21800003/00001361/6229232180000300001361-A-0002_wm.jpg|http://www.museumschina.cn/img/waterMark/2019-01-02-14-28-22/yipu/da/62/29/23/21800003/00001361/6229232180000300001361-A-0003_wm.jpg
https://www.museumschina.cn/collection/details?id=A6E9EA2977E345C4B320251C69BB5D78,http://www.museumschina.cn/img/waterMark/2019-01-02-14-28-22/yipu/da/31/01/16/21800002/00002304/3101162180000200002304-A-0001_wm.jpg,良渚文化灰陶网格纹瓦足盆,上海金山区博物馆,陶器,新石器时代,二级,2007,单一/无机质/陶,http://www.museumschina.cn/img/waterMark/2019-01-02-14-28-22/yipu/da/31/01/16/21800002/00002304/3101162180000200002304-A-0001_wm.jpg|http://www.museumschina.cn/img/waterMark/2019-01-02-14-28-22/yipu/da/31/01/16/21800002/00002304/3101162180000200002304-C-0001_wm.jpg|http://www.museumschina.cn/img/waterMark/2019-01-02-14-28-22/yipu/da/31/01/16/21800002/00002304/3101162180000200002304-F-0001_wm.jpg
https://www.museumschina.cn/collection/details?id=A702C584639D430296DB21232F414ED7,http://www.museumschina.cn/img/waterMark/2019-01-02-14-28-22/yipu/da/33/04/21/21800002/00001887/3304212180000200001887-B-0001_wm.jpg,新石器时代良渚文化灰陶盆,嘉善县博物馆（嘉善县文物保护所）,陶器,新石器时代,一般,1990,单一/无机质/陶,http://www.museumschina.cn/img/waterMark/2019-01-02-14-28-22/yipu/da/33/04/21/21800002/00001887/3304212180000200001887-B-0001_wm.jpg|http://www.museumschina.cn/img/waterMark/2019-01-02-14-28-22/yipu/da/33/04/21/21800002/00001887/3304212180000200001887-C-0001_wm.jpg|http://www.museumschina.cn/img/waterMark/2019-01-02-14-28-22/yipu/da/33/04/21/21800002/00001887/3304212180000200001887-F-0001_wm.jpg
https://www.museumschina.cn/collection/details?id=A7BCF6756EE146478FA7EC6B05BB597B,http://www.museumschina.cn/img/waterMark/2019-01-02-14-28-22/yipu/da/62/29/01/21800004/00000239/6229012180000400000239-A-0001_wm.jpg,新石器时代马家窑文化菱形纹双耳彩罐,临夏市博物馆,陶器,新石器时代,二级,1994,单一/无机质/陶,http://www.museumschina.cn/img/waterMark/2019-01-02-14-28-22/yipu/da/62/29/01/21800004/00000239/6229012180000400000239-A-0001_wm.jpg|http://www.museumschina.cn/img/waterMark/2019-01-02-14-28-22/yipu/da/62/29/01/21800004/00000239/6229012180000400000239-B-0001_wm.jpg|http://www.museumschina.cn/img/waterMark/2019-01-02-14-28-22/yipu/da/62/29/01/21800004/00000239/6229012180000400000239-C-0001_wm.jpg|http://www.museumschina.cn/img/waterMark/2019-01-02-14-28-22/yipu/da/62/29/01/21800004/00000239/6229012180000400000239-F-0001_wm.jpg
https://www.museumschina.cn/collection/details?id=A88B5E9B34854AF085EEE77610D67C53,http://www.museumschina.cn/img/waterMark/2019-01-02-14-28-22/yipu/da/53/23/24/21800003/00000007/5323242180000300000007-A-0001_wm.jpg,新石器时代敞口单耳双纽夹砂褐陶罐,云南省楚雄彝族自治州南华县数字博物馆,陶器,新石器时代,未定级,2010,单一/无机质/陶,http://www.museumschina.cn/img/waterMark/2019-01-02-14-28-22/yipu/da/53/23/24/21800003/00000007/5323242180000300000007-A-0001_wm.jpg|http://www.museumschina.cn/img/waterMark/2019-01-02-14-28-22/yipu/da/53/23/24/21800003/00000007/5323242180000300000007-B-0001_wm.jpg|http://www.museumschina.cn/img/waterMark/2019-01-02-14-28-22/yipu/da/53/23/24/21800003/00000007/5323242180000300000007-C-0001_wm.jpg|http://www.museumschina.cn/img/waterMark/2019-01-02-14-28-22/yipu/da/53/23/24/21800003/00000007/5323242180000300000007-E-0001_wm.jpg|http://www.museumschina.cn/img/waterMark/2019-01-02-14-28-22/yipu/da/53/23/24/21800003/00000007/5323242180000300000007-E-0002_wm.jpg
https://www.museumschina.cn/collection/details?id=A90FB13DE80F452D9849FDB4EDB526BC,http://www.museumschina.cn/img/waterMark/2019-01-02-14-28-22/yipu/da/23/02/05/21800001/00002190/2302052180000100002190-A-0001_wm.jpg,新石器时代素面陶器口沿残片,昂昂溪遗址博物馆,陶器,新石器时代,一般,1980,单一/无机质/陶,http://www.museumschina.cn/img/waterMark/2019-01-02-14-28-22/yipu/da/23/02/05/21800001/00002190/2302052180000100002190-A-0001_wm.jpg
https://www.museumschina.cn/collection/details?id=a960d2794dd14ad5b2ce8ab7ed7db179,http://www.museumschina.cn/img/waterMark/2019-01-02-14-28-22/yipu/da/62/10/25/21800001/00000159/6210252180000100000159-A-0001_wm.jpg,新石器时代仰韶文化葫芦口红陶瓶,正宁县博物馆,陶器,新石器时代,二级,1988,单一/无机质/陶,http://www.museumschina.cn/img/waterMark/2019-01-02-14-28-22/yipu/da/62/10/25/21800001/00000159/6210252180000100000159-A-0001_wm.jpg|http://www.museumschina.cn/img/waterMark/2019-01-02-14-28-22/yipu/da/62/10/25/21800001/00000159/6210252180000100000159-B-0001_wm.jpg|http://www.museumschina.cn/img/waterMark/2019-01-02-14-28-22/yipu/da/62/10/25/21800001/00000159/6210252180000100000159-E-0001_wm.jpg|http://www.museumschina.cn/img/waterMark/2019-01-02-14-28-22/yipu/da/62/10/25/21800001/00000159/6210252180000100000159-F-0001_wm.jpg
https://www.museumschina.cn/collection/details?id=A9C1F55B51484E188EE8CA34592E8B9B,http://www.museumschina.cn/img/waterMark/2019-01-02-14-28-22/yipu/da/33/04/81/21800001/00006505/3304812180000100006505-B-0001_wm.jpg,新石器时代良渚文化泥质灰陶带盖双鼻壶,海宁市博物馆,陶器,新石器时代,三级,1991,单一/无机质/陶,http://www.museumschina.cn/img/waterMark/2019-01-02-14-28-22/yipu/da/33/04/81/21800001/00006505/3304812180000100006505-B-0001_wm.jpg|http://www.museumschina.cn/img/waterMark/2019-01-02-14-28-22/yipu/da/33/04/81/21800001/00006505/3304812180000100006505-D-0001_wm.jpg|http://www.museumschina.cn/img/waterMark/2019-01-02-14-28-22/yipu/da/33/04/81/21800001/00006505/3304812180000100006505-D-0002_wm.jpg|http://www.museumschina.cn/img/waterMark/2019-01-02-14-28-22/yipu/da/33/04/81/21800001/00006505/3304812180000100006505-D-0003_wm.jpg|http://www.museumschina.cn/img/waterMark/2019-01-02-14-28-22/yipu/da/33/04/81/21800001/00006505/3304812180000100006505-F-0001_wm.jpg
https://www.museumschina.cn/collection/details?id=9c5d82aa9ef64e7dbdc3226412bd8708,http://www.museumschina.cn/img/waterMark/2019-01-02-14-28-22/yipu/da/44/01/14/21800006/00000013/4401142180000600000013-A-0001_wm.jpg,新石器时代马家窑文化马厂类型四球纹彩陶瓮,-,陶器,新石器时代,二级,1997,单一/无机质/陶,http://www.museumschina.cn/img/waterMark/2019-01-02-14-28-22/yipu/da/44/01/14/21800006/00000013/4401142180000600000013-A-0001_wm.jpg|http://www.museumschina.cn/img/waterMark/2019-01-02-14-28-22/yipu/da/44/01/14/21800006/00000013/4401142180000600000013-B-0001_wm.jpg|http://www.museumschina.cn/img/waterMark/2019-01-02-14-28-22/yipu/da/44/01/14/21800006/00000013/4401142180000600000013-C-0001_wm.jpg|http://www.museumschina.cn/img/waterMark/2019-01-02-14-28-22/yipu/da/44/01/14/21800006/00000013/4401142180000600000013-E-0001_wm.jpg|http://www.museumschina.cn/img/waterMark/2019-01-02-14-28-22/yipu/da/44/01/14/21800006/00000013/4401142180000600000013-E-0002_wm.jpg|http://www.museumschina.cn/img/waterMark/2019-01-02-14-28-22/yipu/da/44/01/14/21800006/00000013/4401142180000600000013-F-0001_wm.jpg
https://www.museumschina.cn/collection/details?id=9cda827b1a1a48598cb23656ac13cc40,http://www.museumschina.cn/img/waterMark/2019-01-02-14-28-22/yipu/da/35/01/21/21800005/10015603/3501212180000510015603-A-0001_wm.jpg,新石器时代陶釜,闽侯县博物馆,陶器,新石器时代,三级,,单一/无机质/陶,http://www.museumschina.cn/img/waterMark/2019-01-02-14-28-22/yipu/da/35/01/21/21800005/10015603/3501212180000510015603-A-0001_wm.jpg|http://www.museumschina.cn/img/waterMark/2019-01-02-14-28-22/yipu/da/35/01/21/21800005/10015603/3501212180000510015603-B-0001_wm.jpg|http://www.museumschina.cn/img/waterMark/2019-01-02-14-28-22/yipu/da/35/01/21/21800005/10015603/3501212180000510015603-C-0001_wm.jpg|http://www.museumschina.cn/img/waterMark/2019-01-02-14-28-22/yipu/da/35/01/21/21800005/10015603/3501212180000510015603-F-0001_wm.jpg
https://www.museumschina.cn/collection/details?id=9d38d847816a4bbc951aacafc19d20de,http://www.museumschina.cn/img/waterMark/2019-01-02-14-28-22/yipu/da/62/05/24/21800001/00002828/6205242180000100002828-A-0001_wm.jpg,石岭下类型鲵鱼纹彩陶瓶,武山县博物馆,陶器,新石器时代,一级,,单一/无机质/陶,http://www.museumschina.cn/img/waterMark/2019-01-02-14-28-22/yipu/da/62/05/24/21800001/00002828/6205242180000100002828-A-0001_wm.jpg|http://www.museumschina.cn/img/waterMark/2019-01-02-14-28-22/yipu/da/62/05/24/21800001/00002828/6205242180000100002828-C-0001_wm.jpg|http://www.museumschina.cn/img/waterMark/2019-01-02-14-28-22/yipu/da/62/05/24/21800001/00002828/6205242180000100002828-C-0002_wm.jpg|http://www.museumschina.cn/img/waterMark/2019-01-02-14-28-22/yipu/da/62/05/24/21800001/00002828/6205242180000100002828-C-0003_wm.jpg|http://www.museumschina.cn/img/waterMark/2019-01-02-14-28-22/yipu/da/62/05/24/21800001/00002828/6205242180000100002828-D-0001_wm.jpg|http://www.museumschina.cn/img/waterMark/2019-01-02-14-28-22/yipu/da/62/05/24/21800001/00002828/6205242180000100002828-F-0001_wm.jpg
https://www.museumschina.cn/collection/details?id=9D676DA3358C4131BF54F83E93507FCB,http://www.museumschina.cn/img/waterMark/2019-01-02-14-28-22/yipu/da/33/02/25/21800001/00000244/3302252180000100000244-A-0001_wm.jpg,新石器时代马家浜文化泥质夹砂红陶高足豆,浙江省宁波市象山县数字博物馆,陶器,新石器时代,一级,1998,单一/无机质/陶,http://www.museumschina.cn/img/waterMark/2019-01-02-14-28-22/yipu/da/33/02/25/21800001/00000244/3302252180000100000244-A-0001_wm.jpg|http://www.museumschina.cn/img/waterMark/2019-01-02-14-28-22/yipu/da/33/02/25/21800001/00000244/3302252180000100000244-B-0001_wm.jpg|http://www.museumschina.cn/img/waterMark/2019-01-02-14-28-22/yipu/da/33/02/25/21800001/00000244/3302252180000100000244-C-0001_wm.jpg|http://www.museumschina.cn/img/waterMark/2019-01-02-14-28-22/yipu/da/33/02/25/21800001/00000244/3302252180000100000244-E-0001_wm.jpg|http://www.museumschina.cn/img/waterMark/2019-01-02-14-28-22/yipu/da/33/02/25/21800001/00000244/3302252180000100000244-E-0002_wm.jpg|http://www.museumschina.cn/img/waterMark/2019-01-02-14-28-22/yipu/da/33/02/25/21800001/00000244/3302252180000100000244-F-0001_wm.jpg
https://www.museumschina.cn/collection/details?id=9DD001EF49F743788E5367DCAEEB630A,http://www.museumschina.cn/img/waterMark/2019-01-02-14-28-22/yipu/da/23/12/22/21800001/00000104/2312222180000100000104-A-0001_wm.jpg,新石器时代灰褐色夹砂陶陶器器耳,黑龙江省绥化市兰西县数字博物馆,陶器,新石器时代,一般,1998,单一/无机质/陶,http://www.museumschina.cn/img/waterMark/2019-01-02-14-28-22/yipu/da/23/12/22/21800001/00000104/2312222180000100000104-A-0001_wm.jpg
https://www.museumschina.cn/collection/details?id=9F83CDF873194A8D81E0041CC03C1AB9,http://www.museumschina.cn/img/waterMark/2019-01-02-14-28-22/yipu/da/62/29/01/21800004/00001975/6229012180000400001975-A-0001_wm.jpg,新石器时代人头形彩陶器盖,临夏市博物馆,陶器,新石器时代,一级,1992,单一/无机质/陶,http://www.museumschina.cn/img/waterMark/2019-01-02-14-28-22/yipu/da/62/29/01/21800004/00001975/6229012180000400001975-A-0001_wm.jpg|http://www.museumschina.cn/img/waterMark/2019-01-02-14-28-22/yipu/da/62/29/01/21800004/00001975/6229012180000400001975-A-0002_wm.jpg|http://www.museumschina.cn/img/waterMark/2019-01-02-14-28-22/yipu/da/62/29/01/21800004/00001975/6229012180000400001975-A-0003_wm.jpg|http://www.museumschina.cn/img/waterMark/2019-01-02-14-28-22/yipu/da/62/29/01/21800004/00001975/6229012180000400001975-A-0004_wm.jpg|http://www.museumschina.cn/img/waterMark/2019-01-02-14-28-22/yipu/da/62/29/01/21800004/00001975/6229012180000400001975-A-0005_wm.jpg
https://www.museumschina.cn/collection/details?id=a0b40f135dc64063b84fcdc2519a51db,http://www.museumschina.cn/img/waterMark/2019-01-02-14-28-22/yipu/da/44/12/26/21800001/00000458/4412262180000100000458-A-0001_wm.jpg,新石器时代马家窑文化四涡内波浪纹双系彩陶壶,德庆县博物馆,陶器,新石器时代,二级,1991,单一/无机质/陶,http://www.museumschina.cn/img/waterMark/2019-01-02-14-28-22/yipu/da/44/12/26/21800001/00000458/4412262180000100000458-A-0001_wm.jpg|http://www.museumschina.cn/img/waterMark/2019-01-02-14-28-22/yipu/da/44/12/26/21800001/00000458/4412262180000100000458-B-0001_wm.jpg|http://www.museumschina.cn/img/waterMark/2019-01-02-14-28-22/yipu/da/44/12/26/21800001/00000458/4412262180000100000458-C-0001_wm.jpg|http://www.museumschina.cn/img/waterMark/2019-01-02-14-28-22/yipu/da/44/12/26/21800001/00000458/4412262180000100000458-C-0002_wm.jpg|http://www.museumschina.cn/img/waterMark/2019-01-02-14-28-22/yipu/da/44/12/26/21800001/00000458/4412262180000100000458-C-0003_wm.jpg|http://www.museumschina.cn/img/waterMark/2019-01-02-14-28-22/yipu/da/44/12/26/21800001/00000458/4412262180000100000458-E-0001_wm.jpg|http://www.museumschina.cn/img/waterMark/2019-01-02-14-28-22/yipu/da/44/12/26/21800001/00000458/4412262180000100000458-E-0002_wm.jpg|http://www.museumschina.cn/img/waterMark/2019-01-02-14-28-22/yipu/da/44/12/26/21800001/00000458/4412262180000100000458-E-0003_wm.jpg|http://www.museumschina.cn/img/waterMark/2019-01-02-14-28-22/yipu/da/44/12/26/21800001/00000458/4412262180000100000458-E-0004_wm.jpg|http://www.museumschina.cn/img/waterMark/2019-01-02-14-28-22/yipu/da/44/12/26/21800001/00000458/4412262180000100000458-E-0005_wm.jpg|http://www.museumschina.cn/img/waterMark/2019-01-02-14-28-22/yipu/da/44/12/26/21800001/00000458/4412262180000100000458-F-0001_wm.jpg
https://www.museumschina.cn/collection/details?id=a173bf22f183477a955186981b7b2ba0,http://www.museumschina.cn/img/waterMark/2019-01-02-14-28-22/yipu/da/14/08/27/21800006/10007371/1408272180000610007371-A-0001_wm.jpg,新石器时代仰韶文化线纹双耳葫芦口平底红陶瓶,垣曲县自然博物馆,陶器,新石器时代,二级,2004,单一/无机质/陶,http://www.museumschina.cn/img/waterMark/2019-01-02-14-28-22/yipu/da/14/08/27/21800006/10007371/1408272180000610007371-A-0001_wm.jpg|http://www.museumschina.cn/img/waterMark/2019-01-02-14-28-22/yipu/da/14/08/27/21800006/10007371/1408272180000610007371-B-0001_wm.jpg|http://www.museumschina.cn/img/waterMark/2019-01-02-14-28-22/yipu/da/14/08/27/21800006/10007371/1408272180000610007371-C-0001_wm.jpg|http://www.museumschina.cn/img/waterMark/2019-01-02-14-28-22/yipu/da/14/08/27/21800006/10007371/1408272180000610007371-E-0001_wm.jpg|http://www.museumschina.cn/img/waterMark/2019-01-02-14-28-22/yipu/da/14/08/27/21800006/10007371/1408272180000610007371-F-0001_wm.jpg
https://www.museumschina.cn/collection/details?id=a22eb58e0ef944df80c663cbf6d86e44,http://www.museumschina.cn/img/waterMark/2019-01-02-14-28-22/yipu/da/62/01/11/21800001/00000177/6201112180000100000177-A-0001_wm.jpg,三角形附加堆文、绳纹双耳素陶罐,红古区博物馆,陶器,新石器时代,三级,,单一/无机质/陶,http://www.museumschina.cn/img/waterMark/2019-01-02-14-28-22/yipu/da/62/01/11/21800001/00000177/6201112180000100000177-A-0001_wm.jpg|http://www.museumschina.cn/img/waterMark/2019-01-02-14-28-22/yipu/da/62/01/11/21800001/00000177/6201112180000100000177-A-0002_wm.jpg|http://www.museumschina.cn/img/waterMark/2019-01-02-14-28-22/yipu/da/62/01/11/21800001/00000177/6201112180000100000177-B-0001_wm.jpg|http://www.museumschina.cn/img/waterMark/2019-01-02-14-28-22/yipu/da/62/01/11/21800001/00000177/6201112180000100000177-C-0001_wm.jpg|http://www.museumschina.cn/img/waterMark/2019-01-02-14-28-22/yipu/da/62/01/11/21800001/00000177/6201112180000100000177-C-0002_wm.jpg|http://www.museumschina.cn/img/waterMark/2019-01-02-14-28-22/yipu/da/62/01/11/21800001/00000177/6201112180000100000177-F-0001_wm.jpg
https://www.museumschina.cn/collection/details?id=a2d75c6df73c42bd94028a1a12c6ae21,http://www.museumschina.cn/img/waterMark/2019-01-02-14-28-22/yipu/da/62/10/02/21800002/00000421/6210022180000200000421-A-0001_wm.jpg,新石器时代夹砂红陶单耳罐,庆阳市西峰区博物馆,陶器,新石器时代,三级,1989,单一/无机质/陶,http://www.museumschina.cn/img/waterMark/2019-01-02-14-28-22/yipu/da/62/10/02/21800002/00000421/6210022180000200000421-A-0001_wm.jpg|http://www.museumschina.cn/img/waterMark/2019-01-02-14-28-22/yipu/da/62/10/02/21800002/00000421/6210022180000200000421-B-0001_wm.jpg|http://www.museumschina.cn/img/waterMark/2019-01-02-14-28-22/yipu/da/62/10/02/21800002/00000421/6210022180000200000421-F-0001_wm.jpg
https://www.museumschina.cn/collection/details?id=a2f6409de469495094f7453de2ffa9e7,http://www.museumschina.cn/img/waterMark/2019-01-02-14-28-22/yipu/da/62/05/24/21800001/00000229/6205242180000100000229-A-0001_wm.jpg,新石器时代联珠纹单耳红陶罐,武山县博物馆,陶器,新石器时代,三级,1992,单一/无机质/陶,http://www.museumschina.cn/img/waterMark/2019-01-02-14-28-22/yipu/da/62/05/24/21800001/00000229/6205242180000100000229-A-0001_wm.jpg|http://www.museumschina.cn/img/waterMark/2019-01-02-14-28-22/yipu/da/62/05/24/21800001/00000229/6205242180000100000229-B-0001_wm.jpg|http://www.museumschina.cn/img/waterMark/2019-01-02-14-28-22/yipu/da/62/05/24/21800001/00000229/6205242180000100000229-E-0001_wm.jpg|http://www.museumschina.cn/img/waterMark/2019-01-02-14-28-22/yipu/da/62/05/24/21800001/00000229/6205242180000100000229-F-0001_wm.jpg
https://www.museumschina.cn/collection/details?id=A3AEA3A8BAE540C09756FB3E399BE30E,http://www.museumschina.cn/img/waterMark/2019-01-02-14-28-22/yipu/da/62/29/24/21800001/00000081/6229242180000100000081-A-0001_wm.jpg,新石器时代齐家文化单耳素陶盉,广河县齐家文化博物馆,陶器,新石器时代,一级,1985,单一/无机质/陶,http://www.museumschina.cn/img/waterMark/2019-01-02-14-28-22/yipu/da/62/29/24/21800001/00000081/6229242180000100000081-A-0001_wm.jpg|http://www.museumschina.cn/img/waterMark/2019-01-02-14-28-22/yipu/da/62/29/24/21800001/00000081/6229242180000100000081-B-0001_wm.jpg|http://www.museumschina.cn/img/waterMark/2019-01-02-14-28-22/yipu/da/62/29/24/21800001/00000081/6229242180000100000081-C-0001_wm.jpg|http://www.museumschina.cn/img/waterMark/2019-01-02-14-28-22/yipu/da/62/29/24/21800001/00000081/6229242180000100000081-F-0001_wm.jpg
https://www.museumschina.cn/collection/details?id=9454fe43960d460699e25349d765bdf3,http://www.museumschina.cn/img/waterMark/2019-01-02-14-28-22/yipu/da/62/11/26/21800006/00000083/6211262180000600000083-A-0001_wm.jpg,新石器时代马家窑文化羽纹彩陶壶,岷县博物馆,陶器,新石器时代,三级,1958,单一/无机质/陶,http://www.museumschina.cn/img/waterMark/2019-01-02-14-28-22/yipu/da/62/11/26/21800006/00000083/6211262180000600000083-A-0001_wm.jpg|http://www.museumschina.cn/img/waterMark/2019-01-02-14-28-22/yipu/da/62/11/26/21800006/00000083/6211262180000600000083-A-0002_wm.jpg|http://www.museumschina.cn/img/waterMark/2019-01-02-14-28-22/yipu/da/62/11/26/21800006/00000083/6211262180000600000083-A-0003_wm.jpg|http://www.museumschina.cn/img/waterMark/2019-01-02-14-28-22/yipu/da/62/11/26/21800006/00000083/6211262180000600000083-A-0004_wm.jpg|http://www.museumschina.cn/img/waterMark/2019-01-02-14-28-22/yipu/da/62/11/26/21800006/00000083/6211262180000600000083-B-0001_wm.jpg|http://www.museumschina.cn/img/waterMark/2019-01-02-14-28-22/yipu/da/62/11/26/21800006/00000083/6211262180000600000083-F-0001_wm.jpg
https://www.museumschina.cn/collection/details?id=94F5AABD06D54B3C89F55A9E88367D3D,http://www.museumschina.cn/img/waterMark/2019-01-02-14-28-22/yipu/da/62/30/22/21800001/00000010/6230222180000100000010-A-0001_wm.jpg,新石器时代·灰陶瓶,卓尼县博物馆,陶器,新石器时代,未定级,,单一/无机质/陶,http://www.museumschina.cn/img/waterMark/2019-01-02-14-28-22/yipu/da/62/30/22/21800001/00000010/6230222180000100000010-A-0001_wm.jpg|http://www.museumschina.cn/img/waterMark/2019-01-02-14-28-22/yipu/da/62/30/22/21800001/00000010/6230222180000100000010-A-0002_wm.jpg|http://www.museumschina.cn/img/waterMark/2019-01-02-14-28-22/yipu/da/62/30/22/21800001/00000010/6230222180000100000010-B-0001_wm.jpg|http://www.museumschina.cn/img/waterMark/2019-01-02-14-28-22/yipu/da/62/30/22/21800001/00000010/6230222180000100000010-C-0001_wm.jpg|http://www.museumschina.cn/img/waterMark/2019-01-02-14-28-22/yipu/da/62/30/22/21800001/00000010/6230222180000100000010-C-0002_wm.jpg|http://www.museumschina.cn/img/waterMark/2019-01-02-14-28-22/yipu/da/62/30/22/21800001/00000010/6230222180000100000010-F-0001_wm.jpg
https://www.museumschina.cn/collection/details?id=950ed6f8a49f49e3ac2055287203b472,http://www.museumschina.cn/img/waterMark/2019-01-02-14-28-22/yipu/da/62/29/21/21800002/00000012/6229212180000200000012-A-0001_wm.jpg,新石器时代马家窑文化马厂类型夹砂彩陶罐,临夏县博物馆,陶器,新石器时代,一般,1991,单一/无机质/陶,http://www.museumschina.cn/img/waterMark/2019-01-02-14-28-22/yipu/da/62/29/21/21800002/00000012/6229212180000200000012-A-0001_wm.jpg|http://www.museumschina.cn/img/waterMark/2019-01-02-14-28-22/yipu/da/62/29/21/21800002/00000012/6229212180000200000012-B-0001_wm.jpg|http://www.museumschina.cn/img/waterMark/2019-01-02-14-28-22/yipu/da/62/29/21/21800002/00000012/6229212180000200000012-F-0001_wm.jpg
https://www.museumschina.cn/collection/details?id=955602dfb4bf4cf1b4e8b0591861300b,http://www.museumschina.cn/img/waterMark/2019-01-02-14-28-22/yipu/da/44/17/81/21800001/80000198/4417812180000180000198-A-0001_wm.jpg,新石器时代网纹双耳彩陶罐,阳春市博物馆,陶器,新石器时代,二级,1987,单一/无机质/陶,http://www.museumschina.cn/img/waterMark/2019-01-02-14-28-22/yipu/da/44/17/81/21800001/80000198/4417812180000180000198-A-0001_wm.jpg|http://www.museumschina.cn/img/waterMark/2019-01-02-14-28-22/yipu/da/44/17/81/21800001/80000198/4417812180000180000198-B-0001_wm.jpg|http://www.museumschina.cn/img/waterMark/2019-01-02-14-28-22/yipu/da/44/17/81/21800001/80000198/4417812180000180000198-C-0001_wm.jpg|http://www.museumschina.cn/img/waterMark/2019-01-02-14-28-22/yipu/da/44/17/81/21800001/80000198/4417812180000180000198-C-0002_wm.jpg|http://www.museumschina.cn/img/waterMark/2019-01-02-14-28-22/yipu/da/44/17/81/21800001/80000198/4417812180000180000198-E-0001_wm.jpg|http://www.museumschina.cn/img/waterMark/2019-01-02-14-28-22/yipu/da/44/17/81/21800001/80000198/4417812180000180000198-F-0001_wm.jpg
https://www.museumschina.cn/collection/details?id=97622BC3627F451DB5E033F709F63B55,http://www.museumschina.cn/img/waterMark/2019-01-02-14-28-22/yipu/da/51/05/25/21800002/00000466/5105252180000200000466-B-0001_wm.jpg,新石器时代绳纹陶片,四川省泸州市古蔺县数字博物馆,陶器,新石器时代,未定级,1995,单一/无机质/陶,http://www.museumschina.cn/img/waterMark/2019-01-02-14-28-22/yipu/da/51/05/25/21800002/00000466/5105252180000200000466-B-0001_wm.jpg|http://www.museumschina.cn/img/waterMark/2019-01-02-14-28-22/yipu/da/51/05/25/21800002/00000466/5105252180000200000466-D-0001_wm.jpg|http://www.museumschina.cn/img/waterMark/2019-01-02-14-28-22/yipu/da/51/05/25/21800002/00000466/5105252180000200000466-F-0001_wm.jpg
https://www.museumschina.cn/collection/details?id=9800B4700B9240BC8422C379D3A2251C,http://www.museumschina.cn/img/waterMark/2019-01-02-14-28-22/yipu/da/62/29/24/21800001/00001059/6229242180000100001059-A-0001_wm.jpg,新石器时代马家窑文化半山类型双环耳锯齿纹高颈彩陶壶,广河县齐家文化博物馆,陶器,新石器时代,一级,1988,单一/无机质/陶,http://www.museumschina.cn/img/waterMark/2019-01-02-14-28-22/yipu/da/62/29/24/21800001/00001059/6229242180000100001059-A-0001_wm.jpg|http://www.museumschina.cn/img/waterMark/2019-01-02-14-28-22/yipu/da/62/29/24/21800001/00001059/6229242180000100001059-B-0001_wm.jpg|http://www.museumschina.cn/img/waterMark/2019-01-02-14-28-22/yipu/da/62/29/24/21800001/00001059/6229242180000100001059-C-0001_wm.jpg|http://www.museumschina.cn/img/waterMark/2019-01-02-14-28-22/yipu/da/62/29/24/21800001/00001059/6229242180000100001059-F-0001_wm.jpg
https://www.museumschina.cn/collection/details?id=98B0676282FC4C01887E27D5D2335219,http://www.museumschina.cn/img/waterMark/2019-01-02-14-28-22/yipu/da/31/01/16/21800002/00002274/3101162180000200002274-A-0001_wm.jpg,崧泽文化灰陶塔式瓶,上海金山区博物馆,陶器,新石器时代,二级,2007,单一/无机质/陶,http://www.museumschina.cn/img/waterMark/2019-01-02-14-28-22/yipu/da/31/01/16/21800002/00002274/3101162180000200002274-A-0001_wm.jpg|http://www.museumschina.cn/img/waterMark/2019-01-02-14-28-22/yipu/da/31/01/16/21800002/00002274/3101162180000200002274-F-0001_wm.jpg
https://www.museumschina.cn/collection/details?id=99affded5fc341419f6a0ea5b8608632,http://www.museumschina.cn/img/waterMark/2019-01-02-14-28-22/yipu/da/14/08/30/21800017/00003075/1408302180001700003075-A-0001_wm.jpg,新石器时代彩陶罐,芮城县博物馆,陶器,新石器时代,三级,,单一/无机质/陶,http://www.museumschina.cn/img/waterMark/2019-01-02-14-28-22/yipu/da/14/08/30/21800017/00003075/1408302180001700003075-A-0001_wm.jpg|http://www.museumschina.cn/img/waterMark/2019-01-02-14-28-22/yipu/da/14/08/30/21800017/00003075/1408302180001700003075-A-0002_wm.jpg|http://www.museumschina.cn/img/waterMark/2019-01-02-14-28-22/yipu/da/14/08/30/21800017/00003075/1408302180001700003075-A-0003_wm.jpg|http://www.museumschina.cn/img/waterMark/2019-01-02-14-28-22/yipu/da/14/08/30/21800017/00003075/1408302180001700003075-A-0004_wm.jpg|http://www.museumschina.cn/img/waterMark/2019-01-02-14-28-22/yipu/da/14/08/30/21800017/00003075/1408302180001700003075-A-0005_wm.jpg|http://www.museumschina.cn/img/waterMark/2019-01-02-14-28-22/yipu/da/14/08/30/21800017/00003075/1408302180001700003075-A-0006_wm.jpg|http://www.museumschina.cn/img/waterMark/2019-01-02-14-28-22/yipu/da/14/08/30/21800017/00003075/1408302180001700003075-A-0007_wm.jpg|http://www.museumschina.cn/img/waterMark/2019-01-02-14-28-22/yipu/da/14/08/30/21800017/00003075/1408302180001700003075-B-0001_wm.jpg|http://www.museumschina.cn/img/waterMark/2019-01-02-14-28-22/yipu/da/14/08/30/21800017/00003075/1408302180001700003075-F-0001_wm.jpg
https://www.museumschina.cn/collection/details?id=99eb4240da01486eac6c18c5967cd8bc,http://www.museumschina.cn/img/waterMark/2019-01-02-14-28-22/yipu/da/62/01/23/21800001/00000968/6201232180000100000968-A-0001_wm.jpg,半山类型菱格纹双耳彩陶壶,榆中县博物馆,陶器,新石器时代,一级,1988,单一/无机质/陶,http://www.museumschina.cn/img/waterMark/2019-01-02-14-28-22/yipu/da/62/01/23/21800001/00000968/6201232180000100000968-A-0001_wm.jpg|http://www.museumschina.cn/img/waterMark/2019-01-02-14-28-22/yipu/da/62/01/23/21800001/00000968/6201232180000100000968-B-0001_wm.jpg|http://www.museumschina.cn/img/waterMark/2019-01-02-14-28-22/yipu/da/62/01/23/21800001/00000968/6201232180000100000968-C-0001_wm.jpg
https://www.museumschina.cn/collection/details?id=9A2F9F38C9264D8F869819F147F13B09,http://www.museumschina.cn/img/waterMark/2019-01-02-14-28-22/yipu/da/33/01/27/21800001/00000461/3301272180000100000461-A-0002_wm.jpg,新石器时代陶纺轮,浙江省杭州市淳安县数字博物馆,陶器,新石器时代,一般,,单一/无机质/陶,http://www.museumschina.cn/img/waterMark/2019-01-02-14-28-22/yipu/da/33/01/27/21800001/00000461/3301272180000100000461-A-0002_wm.jpg|http://www.museumschina.cn/img/waterMark/2019-01-02-14-28-22/yipu/da/33/01/27/21800001/00000461/3301272180000100000461-B-0002_wm.jpg|http://www.museumschina.cn/img/waterMark/2019-01-02-14-28-22/yipu/da/33/01/27/21800001/00000461/3301272180000100000461-D-0001_wm.jpg|http://www.museumschina.cn/img/waterMark/2019-01-02-14-28-22/yipu/da/33/01/27/21800001/00000461/3301272180000100000461-F-0001_wm.jpg
https://www.museumschina.cn/collection/details?id=9a3d8f1fa95a4126982418bc1cc89da6,http://www.museumschina.cn/img/waterMark/2019-01-02-14-28-22/yipu/da/62/09/21/21800001/00000059/6209212180000100000059-A-0001_wm.jpg,新石器时代四坝文化三角纹双耳彩陶罐,金塔县博物馆,陶器,新石器时代,二级,1992,单一/无机质/陶,http://www.museumschina.cn/img/waterMark/2019-01-02-14-28-22/yipu/da/62/09/21/21800001/00000059/6209212180000100000059-A-0001_wm.jpg|http://www.museumschina.cn/img/waterMark/2019-01-02-14-28-22/yipu/da/62/09/21/21800001/00000059/6209212180000100000059-B-0001_wm.jpg|http://www.museumschina.cn/img/waterMark/2019-01-02-14-28-22/yipu/da/62/09/21/21800001/00000059/6209212180000100000059-C-0001_wm.jpg|http://www.museumschina.cn/img/waterMark/2019-01-02-14-28-22/yipu/da/62/09/21/21800001/00000059/6209212180000100000059-F-0001_wm.jpg
https://www.museumschina.cn/collection/details?id=9ACAAE6A6137410FA261E810225485C6,http://www.museumschina.cn/img/waterMark/2019-01-02-14-28-22/yipu/da/23/12/22/21800001/00000089/2312222180000100000089-A-0001_wm.jpg,新石器时代红褐色夹砂陶器器盖,黑龙江省绥化市兰西县数字博物馆,陶器,新石器时代,一般,1998,单一/无机质/陶,http://www.museumschina.cn/img/waterMark/2019-01-02-14-28-22/yipu/da/23/12/22/21800001/00000089/2312222180000100000089-A-0001_wm.jpg
https://www.museumschina.cn/collection/details?id=9B03D7A0C3114D2DA423EA6AA934CED9,http://www.museumschina.cn/img/waterMark/2019-01-02-14-28-22/yipu/da/44/01/04/21800003/00000266/4401042180000300000266-A-0001_wm.jpg,新石器时代彩陶蛙纹双耳罐,越秀区博物馆,陶器,新石器时代,未定级,2011,单一/无机质/陶,http://www.museumschina.cn/img/waterMark/2019-01-02-14-28-22/yipu/da/44/01/04/21800003/00000266/4401042180000300000266-A-0001_wm.jpg|http://www.museumschina.cn/img/waterMark/2019-01-02-14-28-22/yipu/da/44/01/04/21800003/00000266/4401042180000300000266-B-0001_wm.jpg|http://www.museumschina.cn/img/waterMark/2019-01-02-14-28-22/yipu/da/44/01/04/21800003/00000266/4401042180000300000266-E-0001_wm.jpg|http://www.museumschina.cn/img/waterMark/2019-01-02-14-28-22/yipu/da/44/01/04/21800003/00000266/4401042180000300000266-E-0002_wm.jpg
https://www.museumschina.cn/collection/details?id=9BA7DE14868F4EEEB37492ECD6247F34,http://www.museumschina.cn/img/waterMark/2019-01-02-14-28-22/yipu/da/44/53/22/21800001/00001004/4453222180000100001004-A-0001_wm.jpg,新石器时代四大涡纹双耳彩陶壶,郁南县博物馆,陶器,新石器时代,三级,1990,单一/无机质/陶,http://www.museumschina.cn/img/waterMark/2019-01-02-14-28-22/yipu/da/44/53/22/21800001/00001004/4453222180000100001004-A-0001_wm.jpg|http://www.museumschina.cn/img/waterMark/2019-01-02-14-28-22/yipu/da/44/53/22/21800001/00001004/4453222180000100001004-B-0001_wm.jpg|http://www.museumschina.cn/img/waterMark/2019-01-02-14-28-22/yipu/da/44/53/22/21800001/00001004/4453222180000100001004-C-0001_wm.jpg|http://www.museumschina.cn/img/waterMark/2019-01-02-14-28-22/yipu/da/44/53/22/21800001/00001004/4453222180000100001004-D-0001_wm.jpg|http://www.museumschina.cn/img/waterMark/2019-01-02-14-28-22/yipu/da/44/53/22/21800001/00001004/4453222180000100001004-E-0001_wm.jpg|http://www.museumschina.cn/img/waterMark/2019-01-02-14-28-22/yipu/da/44/53/22/21800001/00001004/4453222180000100001004-F-0001_wm.jpg
https://www.museumschina.cn/collection/details?id=9bba7c7019f4482684268f110ea6fb87,http://www.museumschina.cn/img/waterMark/2019-01-02-14-28-22/yipu/da/35/01/22/21800004/10022097/3501222180000410022097-A-0001_wm.jpg,新石器时代瓦楞文灰陶带口沿残片,罗源县博物馆,陶器,新石器时代,一般,2004,单一/无机质/陶,http://www.museumschina.cn/img/waterMark/2019-01-02-14-28-22/yipu/da/35/01/22/21800004/10022097/3501222180000410022097-A-0001_wm.jpg|http://www.museumschina.cn/img/waterMark/2019-01-02-14-28-22/yipu/da/35/01/22/21800004/10022097/3501222180000410022097-F-0001_wm.jpg
https://www.museumschina.cn/collection/details?id=9c3213a09f9344b88dfadd9aed780a7f,http://www.museumschina.cn/img/waterMark/2019-01-02-14-28-22/yipu/da/62/29/27/21800001/00000027/6229272180000100000027-A-0001_wm.jpg,马厂类型四大圆圈纹双耳彩陶壶,积石山保安族东乡族撒拉族自治县博物馆,陶器,新石器时代,二级,1982,单一/无机质/陶,http://www.museumschina.cn/img/waterMark/2019-01-02-14-28-22/yipu/da/62/29/27/21800001/00000027/6229272180000100000027-A-0001_wm.jpg|http://www.museumschina.cn/img/waterMark/2019-01-02-14-28-22/yipu/da/62/29/27/21800001/00000027/6229272180000100000027-A-0002_wm.jpg|http://www.museumschina.cn/img/waterMark/2019-01-02-14-28-22/yipu/da/62/29/27/21800001/00000027/6229272180000100000027-B-0001_wm.jpg|http://www.museumschina.cn/img/waterMark/2019-01-02-14-28-22/yipu/da/62/29/27/21800001/00000027/6229272180000100000027-C-0001_wm.jpg|http://www.museumschina.cn/img/waterMark/2019-01-02-14-28-22/yipu/da/62/29/27/21800001/00000027/6229272180000100000027-C-0002_wm.jpg|http://www.museumschina.cn/img/waterMark/2019-01-02-14-28-22/yipu/da/62/29/27/21800001/00000027/6229272180000100000027-E-0001_wm.jpg
https://www.museumschina.cn/collection/details?id=8BC1E7AF16744F969460B306D72ECA37,http://www.museumschina.cn/img/waterMark/2019-01-02-14-28-22/yipu/da/44/16/23/21800001/00000886/4416232180000100000886-A-0001_wm.jpg,新石器时代晚期陶纺轮,连平县博物馆,陶器,新石器时代,一般,1986,单一/无机质/陶,http://www.museumschina.cn/img/waterMark/2019-01-02-14-28-22/yipu/da/44/16/23/21800001/00000886/4416232180000100000886-A-0001_wm.jpg|http://www.museumschina.cn/img/waterMark/2019-01-02-14-28-22/yipu/da/44/16/23/21800001/00000886/4416232180000100000886-F-0001_wm.jpg
https://www.museumschina.cn/collection/details?id=8bdadd6228e24864a75759354bf6dee2,http://www.museumschina.cn/img/waterMark/2019-01-02-14-28-22/yipu/da/62/05/23/41800001/00001150/6205234180000100001150-A-0001_wm.jpg,锥刺纹红陶铃,甘谷县博物馆,陶器,新石器时代,一级,,单一/无机质/陶,http://www.museumschina.cn/img/waterMark/2019-01-02-14-28-22/yipu/da/62/05/23/41800001/00001150/6205234180000100001150-A-0001_wm.jpg|http://www.museumschina.cn/img/waterMark/2019-01-02-14-28-22/yipu/da/62/05/23/41800001/00001150/6205234180000100001150-B-0001_wm.jpg
https://www.museumschina.cn/collection/details?id=8C4273233CB04D8197CA2D524836D422,http://www.museumschina.cn/img/waterMark/2019-01-02-14-28-22/yipu/da/62/05/22/21800002/00001602/6205222180000200001602-A-0001_wm.jpg,新石器时代彩陶钵,秦安县博物馆,陶器,新石器时代,一级,1986,单一/无机质/陶,http://www.museumschina.cn/img/waterMark/2019-01-02-14-28-22/yipu/da/62/05/22/21800002/00001602/6205222180000200001602-A-0001_wm.jpg
https://www.museumschina.cn/collection/details?id=8c673b778cee45bfa890d685508e8d26,http://www.museumschina.cn/img/waterMark/2019-01-02-14-28-22/yipu/da/44/08/23/21800001/00000197/4408232180000100000197-A-0001_wm.jpg,新石器时代彩陶波浪纹双耳罐,遂溪县博物馆,陶器,新石器时代,三级,1988,单一/-/-,http://www.museumschina.cn/img/waterMark/2019-01-02-14-28-22/yipu/da/44/08/23/21800001/00000197/4408232180000100000197-A-0001_wm.jpg|http://www.museumschina.cn/img/waterMark/2019-01-02-14-28-22/yipu/da/44/08/23/21800001/00000197/4408232180000100000197-A-0002_wm.jpg|http://www.museumschina.cn/img/waterMark/2019-01-02-14-28-22/yipu/da/44/08/23/21800001/00000197/4408232180000100000197-A-0003_wm.jpg|http://www.museumschina.cn/img/waterMark/2019-01-02-14-28-22/yipu/da/44/08/23/21800001/00000197/4408232180000100000197-B-0001_wm.jpg|http://www.museumschina.cn/img/waterMark/2019-01-02-14-28-22/yipu/da/44/08/23/21800001/00000197/4408232180000100000197-C-0001_wm.jpg|http://www.museumschina.cn/img/waterMark/2019-01-02-14-28-22/yipu/da/44/08/23/21800001/00000197/4408232180000100000197-C-0002_wm.jpg|http://www.museumschina.cn/img/waterMark/2019-01-02-14-28-22/yipu/da/44/08/23/21800001/00000197/4408232180000100000197-F-0001_wm.jpg
https://www.museumschina.cn/collection/details?id=8ca8fea61dc34bc2b9380ded5bad5570,http://www.museumschina.cn/img/waterMark/2019-01-02-14-28-22/yipu/da/23/01/26/21800001/00000052/2301262180000100000052-A-0001_wm.jpg,新石器时期王脖子山遗址群小陶纺轮,黑龙江省哈尔滨市巴彦县数字博物馆,陶器,新石器时代,三级,1997,单一/无机质/泥,http://www.museumschina.cn/img/waterMark/2019-01-02-14-28-22/yipu/da/23/01/26/21800001/00000052/2301262180000100000052-A-0001_wm.jpg
https://www.museumschina.cn/collection/details?id=8D71CCD7731E45B88C891BF95A42D929,/images/nopic1.jpg,新石器时代野石山遗址夹砂黑陶纺轮,云南省昭通市鲁甸县数字博物馆,陶器,新石器时代,三级,2006,复合或组合/无机复合或组合/陶,
https://www.museumschina.cn/collection/details?id=8dab51f9eebf4f9ea4f6cedcf88b4081,http://www.museumschina.cn/img/waterMark/2019-01-02-14-28-22/yipu/da/62/04/23/21800005/00000268/6204232180000500000268-A-0001_wm.jpg,新石器时代·双耳锯齿旋涡纹彩陶罐,景泰县博物馆,陶器,新石器时代,二级,1972,单一/无机质/陶,http://www.museumschina.cn/img/waterMark/2019-01-02-14-28-22/yipu/da/62/04/23/21800005/00000268/6204232180000500000268-A-0001_wm.jpg|http://www.museumschina.cn/img/waterMark/2019-01-02-14-28-22/yipu/da/62/04/23/21800005/00000268/6204232180000500000268-A-0002_wm.jpg|http://www.museumschina.cn/img/waterMark/2019-01-02-14-28-22/yipu/da/62/04/23/21800005/00000268/6204232180000500000268-B-0001_wm.jpg|http://www.museumschina.cn/img/waterMark/2019-01-02-14-28-22/yipu/da/62/04/23/21800005/00000268/6204232180000500000268-C-0001_wm.jpg|http://www.museumschina.cn/img/waterMark/2019-01-02-14-28-22/yipu/da/62/04/23/21800005/00000268/6204232180000500000268-C-0002_wm.jpg|http://www.museumschina.cn/img/waterMark/2019-01-02-14-28-22/yipu/da/62/04/23/21800005/00000268/6204232180000500000268-F-0001_wm.jpg
https://www.museumschina.cn/collection/details?id=8dcadaefcaa64ef09f5351aedd2edc65,http://www.museumschina.cn/img/waterMark/2019-01-02-14-28-22/yipu/da/62/30/24/21800001/00000007/6230242180000100000007-A-0001_wm.jpg,新石器时代·植物网格纹双耳彩陶罐,甘肃省甘南藏族自治州迭部县数字博物馆,陶器,新石器时代,二级,1987,单一/无机质/陶,http://www.museumschina.cn/img/waterMark/2019-01-02-14-28-22/yipu/da/62/30/24/21800001/00000007/6230242180000100000007-A-0001_wm.jpg
https://www.museumschina.cn/collection/details?id=8e029d6f888c498bbec33029d042d4a1,http://www.museumschina.cn/img/waterMark/2019-01-02-14-28-22/yipu/da/62/06/21/21800001/00000038/6206212180000100000038-A-0001_wm.jpg,单耳红陶筒状杯,民勤县博物馆,陶器,新石器时代,一般,,单一/无机质/陶,http://www.museumschina.cn/img/waterMark/2019-01-02-14-28-22/yipu/da/62/06/21/21800001/00000038/6206212180000100000038-A-0001_wm.jpg|http://www.museumschina.cn/img/waterMark/2019-01-02-14-28-22/yipu/da/62/06/21/21800001/00000038/6206212180000100000038-B-0001_wm.jpg|http://www.museumschina.cn/img/waterMark/2019-01-02-14-28-22/yipu/da/62/06/21/21800001/00000038/6206212180000100000038-C-0001_wm.jpg|http://www.museumschina.cn/img/waterMark/2019-01-02-14-28-22/yipu/da/62/06/21/21800001/00000038/6206212180000100000038-F-0001_wm.jpg
https://www.museumschina.cn/collection/details?id=8eaaf24abcd1460a9f5dd21f4ef003f1,http://www.museumschina.cn/img/waterMark/2019-01-02-14-28-22/yipu/da/35/09/81/21800004/10000313/3509812180000410000313-A-0001_wm.jpg,新石器时代昙石山文化圈足刻划竖条纹泥质灰黑陶盘,福建省昙石山遗址博物馆,陶器,新石器时代,二级,2009,单一/无机质/陶,http://www.museumschina.cn/img/waterMark/2019-01-02-14-28-22/yipu/da/35/09/81/21800004/10000313/3509812180000410000313-A-0001_wm.jpg
https://www.museumschina.cn/collection/details?id=8ebdb75688ce41f384d2cebfaf047f0b,http://www.museumschina.cn/img/waterMark/2019-01-02-14-28-22/yipu/da/62/29/26/21800001/00000293/6229262180000100000293-A-0001_wm.jpg,新石器时代马家窑文化马厂类型折线三角纹彩陶罐,东乡族自治县民族博物馆,陶器,新石器时代,二级,1982,单一/无机质/泥,http://www.museumschina.cn/img/waterMark/2019-01-02-14-28-22/yipu/da/62/29/26/21800001/00000293/6229262180000100000293-A-0001_wm.jpg|http://www.museumschina.cn/img/waterMark/2019-01-02-14-28-22/yipu/da/62/29/26/21800001/00000293/6229262180000100000293-B-0001_wm.jpg|http://www.museumschina.cn/img/waterMark/2019-01-02-14-28-22/yipu/da/62/29/26/21800001/00000293/6229262180000100000293-C-0001_wm.jpg|http://www.museumschina.cn/img/waterMark/2019-01-02-14-28-22/yipu/da/62/29/26/21800001/00000293/6229262180000100000293-F-0001_wm.jpg
https://www.museumschina.cn/collection/details?id=8ebec4ad83d9444488746d2d291b268c,http://www.museumschina.cn/img/waterMark/2019-01-02-14-28-22/yipu/da/62/04/23/21800005/00000323/6204232180000500000323-A-0001_wm.jpg,新石器时代·附加三角堆纹夹砂陶罐,景泰县博物馆,陶器,新石器时代,三级,1974,单一/无机质/陶,http://www.museumschina.cn/img/waterMark/2019-01-02-14-28-22/yipu/da/62/04/23/21800005/00000323/6204232180000500000323-A-0001_wm.jpg|http://www.museumschina.cn/img/waterMark/2019-01-02-14-28-22/yipu/da/62/04/23/21800005/00000323/6204232180000500000323-B-0001_wm.jpg|http://www.museumschina.cn/img/waterMark/2019-01-02-14-28-22/yipu/da/62/04/23/21800005/00000323/6204232180000500000323-C-0001_wm.jpg|http://www.museumschina.cn/img/waterMark/2019-01-02-14-28-22/yipu/da/62/04/23/21800005/00000323/6204232180000500000323-C-0002_wm.jpg|http://www.museumschina.cn/img/waterMark/2019-01-02-14-28-22/yipu/da/62/04/23/21800005/00000323/6204232180000500000323-F-0001_wm.jpg
https://www.museumschina.cn/collection/details?id=8F4511B295EE440FBC582317A99E7797,http://www.museumschina.cn/img/waterMark/2019-01-02-14-28-22/yipu/da/44/08/83/21800001/00000049/4408832180000100000049-A-0001_wm.jpg,新石器时代红陶双耳壶,吴川市博物馆,陶器,新石器时代,未定级,2011,单一/无机质/陶,http://www.museumschina.cn/img/waterMark/2019-01-02-14-28-22/yipu/da/44/08/83/21800001/00000049/4408832180000100000049-A-0001_wm.jpg|http://www.museumschina.cn/img/waterMark/2019-01-02-14-28-22/yipu/da/44/08/83/21800001/00000049/4408832180000100000049-B-0001_wm.jpg|http://www.museumschina.cn/img/waterMark/2019-01-02-14-28-22/yipu/da/44/08/83/21800001/00000049/4408832180000100000049-C-0001_wm.jpg|http://www.museumschina.cn/img/waterMark/2019-01-02-14-28-22/yipu/da/44/08/83/21800001/00000049/4408832180000100000049-D-0001_wm.jpg|http://www.museumschina.cn/img/waterMark/2019-01-02-14-28-22/yipu/da/44/08/83/21800001/00000049/4408832180000100000049-E-0001_wm.jpg|http://www.museumschina.cn/img/waterMark/2019-01-02-14-28-22/yipu/da/44/08/83/21800001/00000049/4408832180000100000049-F-0001_wm.jpg
https://www.museumschina.cn/collection/details?id=8f460a92f7904f63b60aabe3e7eb779d,http://www.museumschina.cn/img/waterMark/2019-01-02-14-28-22/yipu/da/62/29/23/21800003/00001390/6229232180000300001390-A-0001_wm.jpg,新石器时代马家窑文化马厂类型变体蛙纹双耳罐,永靖县博物馆,陶器,新石器时代,一级,1996,单一/无机质/陶,http://www.museumschina.cn/img/waterMark/2019-01-02-14-28-22/yipu/da/62/29/23/21800003/00001390/6229232180000300001390-A-0001_wm.jpg|http://www.museumschina.cn/img/waterMark/2019-01-02-14-28-22/yipu/da/62/29/23/21800003/00001390/6229232180000300001390-B-0001_wm.jpg|http://www.museumschina.cn/img/waterMark/2019-01-02-14-28-22/yipu/da/62/29/23/21800003/00001390/6229232180000300001390-F-0001_wm.jpg
https://www.museumschina.cn/collection/details?id=90be3e60698c4e08bb305a079b970d65,http://www.museumschina.cn/img/waterMark/2019-01-02-14-28-22/yipu/da/62/04/23/21800005/00000320/6204232180000500000320-A-0001_wm.jpg,新石器时代·单耳夹砂附加堆纹灰陶罐,景泰县博物馆,陶器,新石器时代,三级,1973,单一/无机质/陶,http://www.museumschina.cn/img/waterMark/2019-01-02-14-28-22/yipu/da/62/04/23/21800005/00000320/6204232180000500000320-A-0001_wm.jpg|http://www.museumschina.cn/img/waterMark/2019-01-02-14-28-22/yipu/da/62/04/23/21800005/00000320/6204232180000500000320-A-0002_wm.jpg|http://www.museumschina.cn/img/waterMark/2019-01-02-14-28-22/yipu/da/62/04/23/21800005/00000320/6204232180000500000320-B-0001_wm.jpg|http://www.museumschina.cn/img/waterMark/2019-01-02-14-28-22/yipu/da/62/04/23/21800005/00000320/6204232180000500000320-C-0001_wm.jpg|http://www.museumschina.cn/img/waterMark/2019-01-02-14-28-22/yipu/da/62/04/23/21800005/00000320/6204232180000500000320-C-0002_wm.jpg|http://www.museumschina.cn/img/waterMark/2019-01-02-14-28-22/yipu/da/62/04/23/21800005/00000320/6204232180000500000320-F-0001_wm.jpg
https://www.museumschina.cn/collection/details?id=90F49EA9541A4A5AA30F3B9C014BA70F,http://www.museumschina.cn/img/waterMark/2019-01-02-14-28-22/yipu/da/44/53/22/21800001/00000892/4453222180000100000892-A-0001_wm.jpg,新石器时代斜方格纹双耳彩陶壶,郁南县博物馆,陶器,新石器时代,三级,1990,单一/无机质/陶,http://www.museumschina.cn/img/waterMark/2019-01-02-14-28-22/yipu/da/44/53/22/21800001/00000892/4453222180000100000892-A-0001_wm.jpg|http://www.museumschina.cn/img/waterMark/2019-01-02-14-28-22/yipu/da/44/53/22/21800001/00000892/4453222180000100000892-B-0001_wm.jpg|http://www.museumschina.cn/img/waterMark/2019-01-02-14-28-22/yipu/da/44/53/22/21800001/00000892/4453222180000100000892-C-0001_wm.jpg|http://www.museumschina.cn/img/waterMark/2019-01-02-14-28-22/yipu/da/44/53/22/21800001/00000892/4453222180000100000892-D-0001_wm.jpg|http://www.museumschina.cn/img/waterMark/2019-01-02-14-28-22/yipu/da/44/53/22/21800001/00000892/4453222180000100000892-E-0001_wm.jpg|http://www.museumschina.cn/img/waterMark/2019-01-02-14-28-22/yipu/da/44/53/22/21800001/00000892/4453222180000100000892-F-0001_wm.jpg
https://www.museumschina.cn/collection/details?id=91671347772F4A5D952E4AA11BF5E289,http://www.museumschina.cn/img/waterMark/2019-01-02-14-28-22/yipu/da/62/05/22/21800002/00002411/6205222180000200002411-A-0001_wm.jpg,仰韶文化庙底沟类型彩陶罐,秦安县博物馆,陶器,新石器时代,一级,1977,单一/无机质/陶,http://www.museumschina.cn/img/waterMark/2019-01-02-14-28-22/yipu/da/62/05/22/21800002/00002411/6205222180000200002411-A-0001_wm.jpg|http://www.museumschina.cn/img/waterMark/2019-01-02-14-28-22/yipu/da/62/05/22/21800002/00002411/6205222180000200002411-A-0002_wm.jpg
https://www.museumschina.cn/collection/details?id=9172228CDA9546149CC514C154AE984A,http://www.museumschina.cn/img/waterMark/2019-01-02-14-28-22/yipu/da/53/23/28/21800010/00000236/5323282180001000000236-A-0001_wm.jpg,新石器时代陶纺轮,元谋县博物馆,陶器,新石器时代,未定级,1989,单一/无机质/陶,http://www.museumschina.cn/img/waterMark/2019-01-02-14-28-22/yipu/da/53/23/28/21800010/00000236/5323282180001000000236-A-0001_wm.jpg|http://www.museumschina.cn/img/waterMark/2019-01-02-14-28-22/yipu/da/53/23/28/21800010/00000236/5323282180001000000236-B-0001_wm.jpg|http://www.museumschina.cn/img/waterMark/2019-01-02-14-28-22/yipu/da/53/23/28/21800010/00000236/5323282180001000000236-C-0001_wm.jpg
https://www.museumschina.cn/collection/details?id=917B6EF3F0624C6187458CFB63CD105C,http://www.museumschina.cn/img/waterMark/2019-01-02-14-28-22/yipu/da/23/02/05/21800001/00001939/2302052180000100001939-A-0001_wm.jpg,新石器时代陶猴,昂昂溪遗址博物馆,陶器,新石器时代,三级,1991,单一/无机质/陶,http://www.museumschina.cn/img/waterMark/2019-01-02-14-28-22/yipu/da/23/02/05/21800001/00001939/2302052180000100001939-A-0001_wm.jpg|http://www.museumschina.cn/img/waterMark/2019-01-02-14-28-22/yipu/da/23/02/05/21800001/00001939/2302052180000100001939-A-0002_wm.jpg
https://www.museumschina.cn/collection/details?id=9190792157df483d8e4beb1ac567415c,http://www.museumschina.cn/img/waterMark/2019-01-02-14-28-22/yipu/da/62/01/23/21800001/00000962/6201232180000100000962-A-0001_wm.jpg,马家窑类型阴底折线纹双耳彩陶壶,榆中县博物馆,陶器,新石器时代,一级,1971,单一/无机质/陶,http://www.museumschina.cn/img/waterMark/2019-01-02-14-28-22/yipu/da/62/01/23/21800001/00000962/6201232180000100000962-A-0001_wm.jpg|http://www.museumschina.cn/img/waterMark/2019-01-02-14-28-22/yipu/da/62/01/23/21800001/00000962/6201232180000100000962-B-0001_wm.jpg|http://www.museumschina.cn/img/waterMark/2019-01-02-14-28-22/yipu/da/62/01/23/21800001/00000962/6201232180000100000962-C-0001_wm.jpg
https://www.museumschina.cn/collection/details?id=91a08d3b3a3244fb8ef67211b9fdc6f1,http://www.museumschina.cn/img/waterMark/2019-01-02-14-28-22/yipu/da/51/33/23/21800001/00000203/5133232180000100000203-A-0001_wm.jpg,新石器时代陶饰羊头双耳罐,四川省甘孜藏族自治州丹巴县数字博物馆,陶器,新石器时代,未定级,,单一/无机质/陶,http://www.museumschina.cn/img/waterMark/2019-01-02-14-28-22/yipu/da/51/33/23/21800001/00000203/5133232180000100000203-A-0001_wm.jpg
https://www.museumschina.cn/collection/details?id=921F299B9E93480FA9E0C35659CF23BE,http://www.museumschina.cn/img/waterMark/2019-01-02-14-28-22/yipu/da/53/06/21/21800002/00000582/5306212180000200000582-A-0001_wm.jpg,新石器时代野石山遗址夹砂直口红陶罐,云南省昭通市鲁甸县数字博物馆,陶器,新石器时代,三级,2006,复合或组合/无机复合或组合/陶,http://www.museumschina.cn/img/waterMark/2019-01-02-14-28-22/yipu/da/53/06/21/21800002/00000582/5306212180000200000582-A-0001_wm.jpg|http://www.museumschina.cn/img/waterMark/2019-01-02-14-28-22/yipu/da/53/06/21/21800002/00000582/5306212180000200000582-B-0001_wm.jpg|http://www.museumschina.cn/img/waterMark/2019-01-02-14-28-22/yipu/da/53/06/21/21800002/00000582/5306212180000200000582-F-0001_wm.jpg
https://www.museumschina.cn/collection/details?id=934AC1A2329D46DAB9A455CAB5626CCC,http://www.museumschina.cn/img/waterMark/2019-01-02-14-28-22/yipu/da/46/90/02/21800001/00000776/4690022180000100000776-A-0007_wm.jpg,新石器时代彩陶双耳壶,琼海市博物馆,陶器,新石器时代,二级,1987,单一/无机质/陶,http://www.museumschina.cn/img/waterMark/2019-01-02-14-28-22/yipu/da/46/90/02/21800001/00000776/4690022180000100000776-A-0007_wm.jpg|http://www.museumschina.cn/img/waterMark/2019-01-02-14-28-22/yipu/da/46/90/02/21800001/00000776/4690022180000100000776-B-0006_wm.jpg|http://www.museumschina.cn/img/waterMark/2019-01-02-14-28-22/yipu/da/46/90/02/21800001/00000776/4690022180000100000776-C-0003_wm.jpg|http://www.museumschina.cn/img/waterMark/2019-01-02-14-28-22/yipu/da/46/90/02/21800001/00000776/4690022180000100000776-F-0007_wm.jpg
https://www.museumschina.cn/collection/details?id=936a6528f9b144b2b8e1495e8c28cb94,http://www.museumschina.cn/img/waterMark/2019-01-02-14-28-22/yipu/da/62/10/23/21800002/00000363/6210232180000200000363-A-0001_wm.jpg,新石器时代绳纹夹砂灰陶缸,华池县博物馆,陶器,新石器时代,二级,1987,单一/无机质/陶,http://www.museumschina.cn/img/waterMark/2019-01-02-14-28-22/yipu/da/62/10/23/21800002/00000363/6210232180000200000363-A-0001_wm.jpg|http://www.museumschina.cn/img/waterMark/2019-01-02-14-28-22/yipu/da/62/10/23/21800002/00000363/6210232180000200000363-C-0001_wm.jpg|http://www.museumschina.cn/img/waterMark/2019-01-02-14-28-22/yipu/da/62/10/23/21800002/00000363/6210232180000200000363-E-0001_wm.jpg|http://www.museumschina.cn/img/waterMark/2019-01-02-14-28-22/yipu/da/62/10/23/21800002/00000363/6210232180000200000363-F-0001_wm.jpg
https://www.museumschina.cn/collection/details?id=9375dfa167ee44b68fb32625b201656c,http://www.museumschina.cn/img/waterMark/2019-01-02-14-28-22/yipu/da/62/29/26/21800001/00000007/6229262180000100000007-A-0001_wm.jpg,新石器时代齐家文化菱形网格纹双耳双鋬彩陶罐,东乡族自治县民族博物馆,陶器,新石器时代,二级,1993,单一/无机质/陶,http://www.museumschina.cn/img/waterMark/2019-01-02-14-28-22/yipu/da/62/29/26/21800001/00000007/6229262180000100000007-A-0001_wm.jpg|http://www.museumschina.cn/img/waterMark/2019-01-02-14-28-22/yipu/da/62/29/26/21800001/00000007/6229262180000100000007-B-0001_wm.jpg|http://www.museumschina.cn/img/waterMark/2019-01-02-14-28-22/yipu/da/62/29/26/21800001/00000007/6229262180000100000007-E-0001_wm.jpg|http://www.museumschina.cn/img/waterMark/2019-01-02-14-28-22/yipu/da/62/29/26/21800001/00000007/6229262180000100000007-F-0001_wm.jpg
https://www.museumschina.cn/collection/details?id=837F21392C4141188B0B3229F53DF572,http://www.museumschina.cn/img/waterMark/2019-01-02-14-28-22/yipu/da/33/04/81/21800001/00003903/3304812180000100003903-A-0001_wm.jpg,新石器时代崧泽文化陶盆,海宁市博物馆,陶器,新石器时代,三级,1991,单一/无机质/陶,http://www.museumschina.cn/img/waterMark/2019-01-02-14-28-22/yipu/da/33/04/81/21800001/00003903/3304812180000100003903-A-0001_wm.jpg|http://www.museumschina.cn/img/waterMark/2019-01-02-14-28-22/yipu/da/33/04/81/21800001/00003903/3304812180000100003903-B-0001_wm.jpg|http://www.museumschina.cn/img/waterMark/2019-01-02-14-28-22/yipu/da/33/04/81/21800001/00003903/3304812180000100003903-F-0001_wm.jpg
https://www.museumschina.cn/collection/details?id=839F7DCBB42E4D72B49B2B2825112823,http://www.museumschina.cn/img/waterMark/2019-01-02-14-28-22/yipu/da/62/10/27/21800001/00000060/6210272180000100000060-A-0001_wm.jpg,新石器时代常山下层文化篮纹夹砂红陶水管,镇原县博物馆,陶器,新石器时代,一级,1998,单一/无机质/陶,http://www.museumschina.cn/img/waterMark/2019-01-02-14-28-22/yipu/da/62/10/27/21800001/00000060/6210272180000100000060-A-0001_wm.jpg
https://www.museumschina.cn/collection/details?id=83A695C0D210410495FA21C6143DE131,http://www.museumschina.cn/img/waterMark/2019-01-02-14-28-22/yipu/da/44/01/04/21800003/00000314/4401042180000300000314-A-0001_wm.jpg,新石器时期双耳陶罐,越秀区博物馆,陶器,新石器时代,未定级,2011,单一/无机质/陶,http://www.museumschina.cn/img/waterMark/2019-01-02-14-28-22/yipu/da/44/01/04/21800003/00000314/4401042180000300000314-A-0001_wm.jpg|http://www.museumschina.cn/img/waterMark/2019-01-02-14-28-22/yipu/da/44/01/04/21800003/00000314/4401042180000300000314-B-0001_wm.jpg|http://www.museumschina.cn/img/waterMark/2019-01-02-14-28-22/yipu/da/44/01/04/21800003/00000314/4401042180000300000314-C-0001_wm.jpg|http://www.museumschina.cn/img/waterMark/2019-01-02-14-28-22/yipu/da/44/01/04/21800003/00000314/4401042180000300000314-E-0001_wm.jpg
https://www.museumschina.cn/collection/details?id=83E3845499344DFA92A37A903BB16BD8,http://www.museumschina.cn/img/waterMark/2019-01-02-14-28-22/yipu/da/44/16/21/21800001/00000564/4416212180000100000564-A-0001_wm.jpg,新石器时代彩绘方格几何纹四耳陶盆,紫金县博物馆,陶器,新石器时代,三级,1990,单一/无机质/陶,http://www.museumschina.cn/img/waterMark/2019-01-02-14-28-22/yipu/da/44/16/21/21800001/00000564/4416212180000100000564-A-0001_wm.jpg|http://www.museumschina.cn/img/waterMark/2019-01-02-14-28-22/yipu/da/44/16/21/21800001/00000564/4416212180000100000564-A-0002_wm.jpg|http://www.museumschina.cn/img/waterMark/2019-01-02-14-28-22/yipu/da/44/16/21/21800001/00000564/4416212180000100000564-A-0004_wm.jpg|http://www.museumschina.cn/img/waterMark/2019-01-02-14-28-22/yipu/da/44/16/21/21800001/00000564/4416212180000100000564-A-0005_wm.jpg|http://www.museumschina.cn/img/waterMark/2019-01-02-14-28-22/yipu/da/44/16/21/21800001/00000564/4416212180000100000564-B-0001_wm.jpg|http://www.museumschina.cn/img/waterMark/2019-01-02-14-28-22/yipu/da/44/16/21/21800001/00000564/4416212180000100000564-F-0001_wm.jpg
https://www.museumschina.cn/collection/details?id=8427f4ad699348fa8d63ecf48f08cb96,http://www.museumschina.cn/img/waterMark/2019-01-02-14-28-22/yipu/da/62/12/25/21800001/00000103/6212252180000100000103-A-0001_wm.jpg,新石器时代仰韶文化彩绘陶权杖头,西和县博物馆,陶器,新石器时代,一级,1981,单一/无机质/陶,http://www.museumschina.cn/img/waterMark/2019-01-02-14-28-22/yipu/da/62/12/25/21800001/00000103/6212252180000100000103-A-0001_wm.jpg
https://www.museumschina.cn/collection/details?id=842d3710c9cb4e04a7e252a95a0dd73a,http://www.museumschina.cn/img/waterMark/2019-01-02-14-28-22/yipu/da/62/06/21/21800001/00000047/6206212180000100000047-A-0001_wm.jpg,马厂类型网格回纹彩陶罐,民勤县博物馆,陶器,新石器时代,二级,,单一/无机质/陶,http://www.museumschina.cn/img/waterMark/2019-01-02-14-28-22/yipu/da/62/06/21/21800001/00000047/6206212180000100000047-A-0001_wm.jpg|http://www.museumschina.cn/img/waterMark/2019-01-02-14-28-22/yipu/da/62/06/21/21800001/00000047/6206212180000100000047-A-0007_wm.jpg|http://www.museumschina.cn/img/waterMark/2019-01-02-14-28-22/yipu/da/62/06/21/21800001/00000047/6206212180000100000047-B-0001_wm.jpg|http://www.museumschina.cn/img/waterMark/2019-01-02-14-28-22/yipu/da/62/06/21/21800001/00000047/6206212180000100000047-C-0001_wm.jpg|http://www.museumschina.cn/img/waterMark/2019-01-02-14-28-22/yipu/da/62/06/21/21800001/00000047/6206212180000100000047-E-0001_wm.jpg|http://www.museumschina.cn/img/waterMark/2019-01-02-14-28-22/yipu/da/62/06/21/21800001/00000047/6206212180000100000047-E-0002_wm.jpg|http://www.museumschina.cn/img/waterMark/2019-01-02-14-28-22/yipu/da/62/06/21/21800001/00000047/6206212180000100000047-F-0001_wm.jpg
https://www.museumschina.cn/collection/details?id=844F76D29AC64E4385F78A5B86EA114B,http://www.museumschina.cn/img/waterMark/2019-01-02-14-28-22/yipu/da/62/12/26/21800001/00001857/6212262180000100001857-A-0001_wm.jpg,新石器时代齐家文化猪头形陶器盖,甘肃省礼县博物馆,陶器,新石器时代,一级,1991,单一/无机质/陶,http://www.museumschina.cn/img/waterMark/2019-01-02-14-28-22/yipu/da/62/12/26/21800001/00001857/6212262180000100001857-A-0001_wm.jpg
https://www.museumschina.cn/collection/details?id=8563DC9D505644C78AE937EA43AFFC23,http://www.museumschina.cn/img/waterMark/2019-01-02-14-28-22/yipu/da/62/10/27/21800001/00000085/6210272180000100000085-A-0001_wm.jpg,新石器时代常山下层文化绦纹单耳红陶盖罐,镇原县博物馆,陶器,新石器时代,一级,1984,单一/无机质/陶,http://www.museumschina.cn/img/waterMark/2019-01-02-14-28-22/yipu/da/62/10/27/21800001/00000085/6210272180000100000085-A-0001_wm.jpg
https://www.museumschina.cn/collection/details?id=856B406C73A6478EBED9ACD426ECD962,http://www.museumschina.cn/img/waterMark/2019-01-02-14-28-22/yipu/da/44/53/81/21800001/00007411/4453812180000100007411-A-0001_wm.jpg,新石器时代马家窑文化四大圆圈网纹彩陶壶,罗定市博物馆,陶器,新石器时代,二级,2003,单一/无机质/陶,http://www.museumschina.cn/img/waterMark/2019-01-02-14-28-22/yipu/da/44/53/81/21800001/00007411/4453812180000100007411-A-0001_wm.jpg|http://www.museumschina.cn/img/waterMark/2019-01-02-14-28-22/yipu/da/44/53/81/21800001/00007411/4453812180000100007411-B-0001_wm.jpg|http://www.museumschina.cn/img/waterMark/2019-01-02-14-28-22/yipu/da/44/53/81/21800001/00007411/4453812180000100007411-C-0001_wm.jpg|http://www.museumschina.cn/img/waterMark/2019-01-02-14-28-22/yipu/da/44/53/81/21800001/00007411/4453812180000100007411-C-0002_wm.jpg|http://www.museumschina.cn/img/waterMark/2019-01-02-14-28-22/yipu/da/44/53/81/21800001/00007411/4453812180000100007411-C-0003_wm.jpg|http://www.museumschina.cn/img/waterMark/2019-01-02-14-28-22/yipu/da/44/53/81/21800001/00007411/4453812180000100007411-C-0004_wm.jpg|http://www.museumschina.cn/img/waterMark/2019-01-02-14-28-22/yipu/da/44/53/81/21800001/00007411/4453812180000100007411-D-0001_wm.jpg|http://www.museumschina.cn/img/waterMark/2019-01-02-14-28-22/yipu/da/44/53/81/21800001/00007411/4453812180000100007411-E-0001_wm.jpg|http://www.museumschina.cn/img/waterMark/2019-01-02-14-28-22/yipu/da/44/53/81/21800001/00007411/4453812180000100007411-E-0002_wm.jpg|http://www.museumschina.cn/img/waterMark/2019-01-02-14-28-22/yipu/da/44/53/81/21800001/00007411/4453812180000100007411-E-0003_wm.jpg|http://www.museumschina.cn/img/waterMark/2019-01-02-14-28-22/yipu/da/44/53/81/21800001/00007411/4453812180000100007411-F-0001_wm.jpg
https://www.museumschina.cn/collection/details?id=856e50ba145147d1a99c03efa3eb6915,http://www.museumschina.cn/img/waterMark/2019-01-02-14-28-22/yipu/da/62/29/25/21800002/00000003/6229252180000200000003-B-0001_wm.jpg,新石器时代陶拍,甘肃省临夏回族自治州和政县数字博物馆,陶器,新石器时代,三级,1982,单一/无机质/陶,http://www.museumschina.cn/img/waterMark/2019-01-02-14-28-22/yipu/da/62/29/25/21800002/00000003/6229252180000200000003-B-0001_wm.jpg|http://www.museumschina.cn/img/waterMark/2019-01-02-14-28-22/yipu/da/62/29/25/21800002/00000003/6229252180000200000003-D-0001_wm.jpg
https://www.museumschina.cn/collection/details?id=859F45801D1E4F8DB6C63342AF796BC5,http://www.museumschina.cn/img/waterMark/2019-01-02-14-28-22/yipu/da/53/23/24/21800003/00000036/5323242180000300000036-A-0000_wm.jpg,新石器时代圆底陶罐,云南省楚雄彝族自治州南华县数字博物馆,陶器,新石器时代,一般,1996,单一/无机质/陶,http://www.museumschina.cn/img/waterMark/2019-01-02-14-28-22/yipu/da/53/23/24/21800003/00000036/5323242180000300000036-A-0000_wm.jpg|http://www.museumschina.cn/img/waterMark/2019-01-02-14-28-22/yipu/da/53/23/24/21800003/00000036/5323242180000300000036-A-0001_wm.jpg|http://www.museumschina.cn/img/waterMark/2019-01-02-14-28-22/yipu/da/53/23/24/21800003/00000036/5323242180000300000036-B-0000_wm.jpg|http://www.museumschina.cn/img/waterMark/2019-01-02-14-28-22/yipu/da/53/23/24/21800003/00000036/5323242180000300000036-C-0000_wm.jpg|http://www.museumschina.cn/img/waterMark/2019-01-02-14-28-22/yipu/da/53/23/24/21800003/00000036/5323242180000300000036-D-0000_wm.jpg|http://www.museumschina.cn/img/waterMark/2019-01-02-14-28-22/yipu/da/53/23/24/21800003/00000036/5323242180000300000036-F-0000_wm.jpg|http://www.museumschina.cn/img/waterMark/2019-01-02-14-28-22/yipu/da/53/23/24/21800003/00000036/5323242180000300000036-F-0001_wm.jpg
https://www.museumschina.cn/collection/details?id=86b0b4a6f3d847739788a9bc975ad93d,http://www.museumschina.cn/img/waterMark/2019-01-02-14-28-22/yipu/da/14/08/27/21800006/10007383/1408272180000610007383-A-0001_wm.jpg,新石器时代仰韶文化泥质红陶黑彩几何纹折沿平口鼓腹下收平底陶盆,垣曲县自然博物馆,陶器,新石器时代,二级,,单一/无机质/陶,http://www.museumschina.cn/img/waterMark/2019-01-02-14-28-22/yipu/da/14/08/27/21800006/10007383/1408272180000610007383-A-0001_wm.jpg|http://www.museumschina.cn/img/waterMark/2019-01-02-14-28-22/yipu/da/14/08/27/21800006/10007383/1408272180000610007383-B-0001_wm.jpg|http://www.museumschina.cn/img/waterMark/2019-01-02-14-28-22/yipu/da/14/08/27/21800006/10007383/1408272180000610007383-C-0001_wm.jpg|http://www.museumschina.cn/img/waterMark/2019-01-02-14-28-22/yipu/da/14/08/27/21800006/10007383/1408272180000610007383-D-0001_wm.jpg|http://www.museumschina.cn/img/waterMark/2019-01-02-14-28-22/yipu/da/14/08/27/21800006/10007383/1408272180000610007383-F-0001_wm.jpg
https://www.museumschina.cn/collection/details?id=87BD562692454323A5CB02DF6A05FD01,http://www.museumschina.cn/img/waterMark/2019-01-02-14-28-22/yipu/da/53/05/24/21800002/00000029/5305242180000200000029-A-0001_wm.jpg,新石器时代陶纺轮,云南省保山市昌宁县数字博物馆,陶器,新石器时代,一般,1994,单一/无机质/陶,http://www.museumschina.cn/img/waterMark/2019-01-02-14-28-22/yipu/da/53/05/24/21800002/00000029/5305242180000200000029-A-0001_wm.jpg|http://www.museumschina.cn/img/waterMark/2019-01-02-14-28-22/yipu/da/53/05/24/21800002/00000029/5305242180000200000029-F-0001_wm.jpg
https://www.museumschina.cn/collection/details?id=87da778a825c43378e6f689c421055eb,http://www.museumschina.cn/img/waterMark/2019-01-02-14-28-22/yipu/da/62/12/25/21800001/00000106/6212252180000100000106-A-0001_wm.jpg,新石器时代马家窑文化七鋬红陶壶,西和县博物馆,陶器,新石器时代,一级,1976,单一/无机质/陶,http://www.museumschina.cn/img/waterMark/2019-01-02-14-28-22/yipu/da/62/12/25/21800001/00000106/6212252180000100000106-A-0001_wm.jpg
https://www.museumschina.cn/collection/details?id=883E9696C52449FAB17A2EFDD834BB1C,http://www.museumschina.cn/img/waterMark/2019-01-02-14-28-22/yipu/da/62/09/82/21800002/00008436/6209822180000200008436-A-0001_wm.jpg,新石器时代马厂类型双系葫芦网格纹彩陶罐,敦煌市博物馆,陶器,新石器时代,二级,1998,单一/无机质/陶,http://www.museumschina.cn/img/waterMark/2019-01-02-14-28-22/yipu/da/62/09/82/21800002/00008436/6209822180000200008436-A-0001_wm.jpg|http://www.museumschina.cn/img/waterMark/2019-01-02-14-28-22/yipu/da/62/09/82/21800002/00008436/6209822180000200008436-B-0001_wm.jpg|http://www.museumschina.cn/img/waterMark/2019-01-02-14-28-22/yipu/da/62/09/82/21800002/00008436/6209822180000200008436-C-0001_wm.jpg|http://www.museumschina.cn/img/waterMark/2019-01-02-14-28-22/yipu/da/62/09/82/21800002/00008436/6209822180000200008436-F-0001_wm.jpg
https://www.museumschina.cn/collection/details?id=88A640F97F434C969C17E819EBAC2776,http://www.museumschina.cn/img/waterMark/2019-01-02-14-28-22/yipu/da/53/29/28/21800003/00001639/5329282180000300001639-D-0001_wm.jpg,新石器时代新光遗址陶钵,云南省大理白族自治州永平县数字博物馆,陶器,新石器时代,一般,1996,单一/无机质/陶,http://www.museumschina.cn/img/waterMark/2019-01-02-14-28-22/yipu/da/53/29/28/21800003/00001639/5329282180000300001639-D-0001_wm.jpg
https://www.museumschina.cn/collection/details?id=88c18a30f2b64bc8868ac4427e55ddb0,http://www.museumschina.cn/img/waterMark/2019-01-02-14-28-22/yipu/da/62/11/23/21800001/00000560/6211232180000100000560-A-0001_wm.jpg,新石器时代马家窑文化弦纹双耳彩陶瓶,渭源县博物馆,陶器,新石器时代,二级,1991,单一/无机质/陶,http://www.museumschina.cn/img/waterMark/2019-01-02-14-28-22/yipu/da/62/11/23/21800001/00000560/6211232180000100000560-A-0001_wm.jpg
https://www.museumschina.cn/collection/details?id=8a0cecc42c9c487797866751022c14fc,http://www.museumschina.cn/img/waterMark/2019-01-02-14-28-22/yipu/da/62/05/24/21800001/00002840/6205242180000100002840-A-0001_wm.jpg,半坡类型宽环带纹圜底彩陶钵,武山县博物馆,陶器,新石器时代,一级,,单一/无机质/陶,http://www.museumschina.cn/img/waterMark/2019-01-02-14-28-22/yipu/da/62/05/24/21800001/00002840/6205242180000100002840-A-0001_wm.jpg|http://www.museumschina.cn/img/waterMark/2019-01-02-14-28-22/yipu/da/62/05/24/21800001/00002840/6205242180000100002840-B-0001_wm.jpg|http://www.museumschina.cn/img/waterMark/2019-01-02-14-28-22/yipu/da/62/05/24/21800001/00002840/6205242180000100002840-D-0001_wm.jpg|http://www.museumschina.cn/img/waterMark/2019-01-02-14-28-22/yipu/da/62/05/24/21800001/00002840/6205242180000100002840-E-0001_wm.jpg|http://www.museumschina.cn/img/waterMark/2019-01-02-14-28-22/yipu/da/62/05/24/21800001/00002840/6205242180000100002840-E-0002_wm.jpg|http://www.museumschina.cn/img/waterMark/2019-01-02-14-28-22/yipu/da/62/05/24/21800001/00002840/6205242180000100002840-F-0001_wm.jpg
https://www.museumschina.cn/collection/details?id=8A11C8727C56495287A272DEC367FA4E,http://www.museumschina.cn/img/waterMark/2019-01-02-14-28-22/yipu/da/62/03/21/21800001/00000886/6203212180000100000886-A-0001_wm.jpg,新石器单耳陶杯,永昌县博物馆,陶器,新石器时代,二级,1999,单一/无机质/陶,http://www.museumschina.cn/img/waterMark/2019-01-02-14-28-22/yipu/da/62/03/21/21800001/00000886/6203212180000100000886-A-0001_wm.jpg
https://www.museumschina.cn/collection/details?id=8a51668594224f76aabae4d3f550877d,http://www.museumschina.cn/img/waterMark/2019-01-02-14-28-22/yipu/da/62/04/23/21800005/00000270/6204232180000500000270-A-0001_wm.jpg,新石器时代·葫芦网纹双耳高领彩陶罐,景泰县博物馆,陶器,新石器时代,三级,1989,单一/无机质/陶,http://www.museumschina.cn/img/waterMark/2019-01-02-14-28-22/yipu/da/62/04/23/21800005/00000270/6204232180000500000270-A-0001_wm.jpg|http://www.museumschina.cn/img/waterMark/2019-01-02-14-28-22/yipu/da/62/04/23/21800005/00000270/6204232180000500000270-A-0002_wm.jpg|http://www.museumschina.cn/img/waterMark/2019-01-02-14-28-22/yipu/da/62/04/23/21800005/00000270/6204232180000500000270-B-0001_wm.jpg|http://www.museumschina.cn/img/waterMark/2019-01-02-14-28-22/yipu/da/62/04/23/21800005/00000270/6204232180000500000270-C-0001_wm.jpg|http://www.museumschina.cn/img/waterMark/2019-01-02-14-28-22/yipu/da/62/04/23/21800005/00000270/6204232180000500000270-C-0002_wm.jpg|http://www.museumschina.cn/img/waterMark/2019-01-02-14-28-22/yipu/da/62/04/23/21800005/00000270/6204232180000500000270-F-0001_wm.jpg
https://www.museumschina.cn/collection/details?id=8A898970CCBD4C0EA885782F1BA051EF,http://www.museumschina.cn/img/waterMark/2019-01-02-14-28-22/yipu/da/62/30/22/21800001/00000013/6230222180000100000013-A-0001_wm.jpg,新石器时代·灰陶瓮,卓尼县博物馆,陶器,新石器时代,未定级,,单一/无机质/陶,http://www.museumschina.cn/img/waterMark/2019-01-02-14-28-22/yipu/da/62/30/22/21800001/00000013/6230222180000100000013-A-0001_wm.jpg|http://www.museumschina.cn/img/waterMark/2019-01-02-14-28-22/yipu/da/62/30/22/21800001/00000013/6230222180000100000013-A-0002_wm.jpg|http://www.museumschina.cn/img/waterMark/2019-01-02-14-28-22/yipu/da/62/30/22/21800001/00000013/6230222180000100000013-B-0001_wm.jpg|http://www.museumschina.cn/img/waterMark/2019-01-02-14-28-22/yipu/da/62/30/22/21800001/00000013/6230222180000100000013-C-0001_wm.jpg|http://www.museumschina.cn/img/waterMark/2019-01-02-14-28-22/yipu/da/62/30/22/21800001/00000013/6230222180000100000013-C-0002_wm.jpg|http://www.museumschina.cn/img/waterMark/2019-01-02-14-28-22/yipu/da/62/30/22/21800001/00000013/6230222180000100000013-F-0001_wm.jpg
https://www.museumschina.cn/collection/details?id=79ffad060b6b4ab089b6da6429438c9a,http://www.museumschina.cn/img/waterMark/2019-01-02-14-28-22/yipu/da/62/30/24/21800001/00000049/6230242180000100000049-A-0001_wm.jpg,新石器时代·大口灰陶盆,甘肃省甘南藏族自治州迭部县数字博物馆,陶器,新石器时代,未定级,1988,单一/无机质/陶,http://www.museumschina.cn/img/waterMark/2019-01-02-14-28-22/yipu/da/62/30/24/21800001/00000049/6230242180000100000049-A-0001_wm.jpg
https://www.museumschina.cn/collection/details?id=7A8C13C87F6E426292945F7BC7F368C7,http://www.museumschina.cn/img/waterMark/2019-01-02-14-28-22/yipu/da/31/01/18/21800002/00002917/3101182180000200002917-A-0001_wm.jpg,黑陶鸟纹尊,青浦区博物馆,陶器,新石器时代,一级,1995,单一/无机质/陶,http://www.museumschina.cn/img/waterMark/2019-01-02-14-28-22/yipu/da/31/01/18/21800002/00002917/3101182180000200002917-A-0001_wm.jpg|http://www.museumschina.cn/img/waterMark/2019-01-02-14-28-22/yipu/da/31/01/18/21800002/00002917/3101182180000200002917-B-0001_wm.jpg|http://www.museumschina.cn/img/waterMark/2019-01-02-14-28-22/yipu/da/31/01/18/21800002/00002917/3101182180000200002917-D-0001_wm.jpg
https://www.museumschina.cn/collection/details?id=7B22786394A94135851A26259A7ED1C4,http://www.museumschina.cn/img/waterMark/2019-01-02-14-28-22/yipu/da/62/29/01/21800004/00000689/6229012180000400000689-A-0001_wm.jpg,新石器时代马家窑文化灰陶罐,临夏市博物馆,陶器,新石器时代,一级,1994,单一/无机质/陶,http://www.museumschina.cn/img/waterMark/2019-01-02-14-28-22/yipu/da/62/29/01/21800004/00000689/6229012180000400000689-A-0001_wm.jpg|http://www.museumschina.cn/img/waterMark/2019-01-02-14-28-22/yipu/da/62/29/01/21800004/00000689/6229012180000400000689-B-0001_wm.jpg|http://www.museumschina.cn/img/waterMark/2019-01-02-14-28-22/yipu/da/62/29/01/21800004/00000689/6229012180000400000689-C-0001_wm.jpg|http://www.museumschina.cn/img/waterMark/2019-01-02-14-28-22/yipu/da/62/29/01/21800004/00000689/6229012180000400000689-F-0001_wm.jpg
https://www.museumschina.cn/collection/details?id=7D0D9083DD1E4789A5F49BEAD962E38E,http://www.museumschina.cn/img/waterMark/2019-01-02-14-28-22/yipu/da/44/09/23/21800001/00000059/4409232180000100000059-A-0001_wm.jpg,新石器时代四大园圈双耳彩陶壶,电白县博物馆,陶器,新石器时代,三级,1990,单一/无机质/陶,http://www.museumschina.cn/img/waterMark/2019-01-02-14-28-22/yipu/da/44/09/23/21800001/00000059/4409232180000100000059-A-0001_wm.jpg|http://www.museumschina.cn/img/waterMark/2019-01-02-14-28-22/yipu/da/44/09/23/21800001/00000059/4409232180000100000059-B-0001_wm.jpg|http://www.museumschina.cn/img/waterMark/2019-01-02-14-28-22/yipu/da/44/09/23/21800001/00000059/4409232180000100000059-C-0001_wm.jpg|http://www.museumschina.cn/img/waterMark/2019-01-02-14-28-22/yipu/da/44/09/23/21800001/00000059/4409232180000100000059-F-0001_wm.jpg
https://www.museumschina.cn/collection/details?id=7B22786394A94135851A26259A7ED1C4,http://www.museumschina.cn/img/waterMark/2019-01-02-14-28-22/yipu/da/62/29/01/21800004/00000689/6229012180000400000689-A-0001_wm.jpg,新石器时代马家窑文化灰陶罐,临夏市博物馆,陶器,新石器时代,一级,1994,单一/无机质/陶,http://www.museumschina.cn/img/waterMark/2019-01-02-14-28-22/yipu/da/62/29/01/21800004/00000689/6229012180000400000689-A-0001_wm.jpg|http://www.museumschina.cn/img/waterMark/2019-01-02-14-28-22/yipu/da/62/29/01/21800004/00000689/6229012180000400000689-B-0001_wm.jpg|http://www.museumschina.cn/img/waterMark/2019-01-02-14-28-22/yipu/da/62/29/01/21800004/00000689/6229012180000400000689-C-0001_wm.jpg|http://www.museumschina.cn/img/waterMark/2019-01-02-14-28-22/yipu/da/62/29/01/21800004/00000689/6229012180000400000689-F-0001_wm.jpg
https://www.museumschina.cn/collection/details?id=7bcb7c10dff94e09b6ea8724c3a5e105,http://www.museumschina.cn/img/waterMark/2019-01-02-14-28-22/yipu/da/62/07/02/21800007/00000947/6207022180000700000947-A-0001_wm.jpg,马厂类型双耳彩陶罐,甘州区博物馆,陶器,新石器时代,三级,1999,单一/无机质/陶,http://www.museumschina.cn/img/waterMark/2019-01-02-14-28-22/yipu/da/62/07/02/21800007/00000947/6207022180000700000947-A-0001_wm.jpg
https://www.museumschina.cn/collection/details?id=7D0D9083DD1E4789A5F49BEAD962E38E,http://www.museumschina.cn/img/waterMark/2019-01-02-14-28-22/yipu/da/44/09/23/21800001/00000059/4409232180000100000059-A-0001_wm.jpg,新石器时代四大园圈双耳彩陶壶,电白县博物馆,陶器,新石器时代,三级,1990,单一/无机质/陶,http://www.museumschina.cn/img/waterMark/2019-01-02-14-28-22/yipu/da/44/09/23/21800001/00000059/4409232180000100000059-A-0001_wm.jpg|http://www.museumschina.cn/img/waterMark/2019-01-02-14-28-22/yipu/da/44/09/23/21800001/00000059/4409232180000100000059-B-0001_wm.jpg|http://www.museumschina.cn/img/waterMark/2019-01-02-14-28-22/yipu/da/44/09/23/21800001/00000059/4409232180000100000059-C-0001_wm.jpg|http://www.museumschina.cn/img/waterMark/2019-01-02-14-28-22/yipu/da/44/09/23/21800001/00000059/4409232180000100000059-F-0001_wm.jpg
https://www.museumschina.cn/collection/details?id=7d6e54eb8ffd48b1a5ea0b78406f7e66,http://www.museumschina.cn/img/waterMark/2019-01-02-14-28-22/yipu/da/62/05/25/21800001/00001987/6205252180000100001987-A-0001_wm.jpg,兽柄红陶魁钵,张家川回族自治县博物馆,陶器,新石器时代,一级,1989,单一/无机质/陶,http://www.museumschina.cn/img/waterMark/2019-01-02-14-28-22/yipu/da/62/05/25/21800001/00001987/6205252180000100001987-A-0001_wm.jpg
https://www.museumschina.cn/collection/details?id=7dff782c296f4832b188423d0b406f8a,http://www.museumschina.cn/img/waterMark/2019-01-02-14-28-22/yipu/da/35/01/24/21800002/10024176/3501242180000210024176-A-0001_wm.jpg,新石器时代陶壶,闽清县博物馆,陶器,新石器时代,一般,2013,单一/无机质/陶,http://www.museumschina.cn/img/waterMark/2019-01-02-14-28-22/yipu/da/35/01/24/21800002/10024176/3501242180000210024176-A-0001_wm.jpg|http://www.museumschina.cn/img/waterMark/2019-01-02-14-28-22/yipu/da/35/01/24/21800002/10024176/3501242180000210024176-B-0001_wm.jpg|http://www.museumschina.cn/img/waterMark/2019-01-02-14-28-22/yipu/da/35/01/24/21800002/10024176/3501242180000210024176-C-0001_wm.jpg|http://www.museumschina.cn/img/waterMark/2019-01-02-14-28-22/yipu/da/35/01/24/21800002/10024176/3501242180000210024176-C-0002_wm.jpg|http://www.museumschina.cn/img/waterMark/2019-01-02-14-28-22/yipu/da/35/01/24/21800002/10024176/3501242180000210024176-C-0003_wm.jpg|http://www.museumschina.cn/img/waterMark/2019-01-02-14-28-22/yipu/da/35/01/24/21800002/10024176/3501242180000210024176-D-0001_wm.jpg|http://www.museumschina.cn/img/waterMark/2019-01-02-14-28-22/yipu/da/35/01/24/21800002/10024176/3501242180000210024176-E-0001_wm.jpg|http://www.museumschina.cn/img/waterMark/2019-01-02-14-28-22/yipu/da/35/01/24/21800002/10024176/3501242180000210024176-F-0001_wm.jpg
https://www.museumschina.cn/collection/details?id=7E25B1D54D384408A3BA0BD209AF85AD,http://www.museumschina.cn/img/waterMark/2019-01-02-14-28-22/yipu/da/14/08/82/21800003/00000316/1408822180000300000316-A-0001_wm.jpg,新石器时代绳纹三袋足分裆陶鬲,河津市博物馆,陶器,新石器时代,二级,1980,单一/无机质/陶,http://www.museumschina.cn/img/waterMark/2019-01-02-14-28-22/yipu/da/14/08/82/21800003/00000316/1408822180000300000316-A-0001_wm.jpg|http://www.museumschina.cn/img/waterMark/2019-01-02-14-28-22/yipu/da/14/08/82/21800003/00000316/1408822180000300000316-B-0001_wm.jpg|http://www.museumschina.cn/img/waterMark/2019-01-02-14-28-22/yipu/da/14/08/82/21800003/00000316/1408822180000300000316-E-0001_wm.jpg|http://www.museumschina.cn/img/waterMark/2019-01-02-14-28-22/yipu/da/14/08/82/21800003/00000316/1408822180000300000316-F-0001_wm.jpg
https://www.museumschina.cn/collection/details?id=7e3f37319fed428d8b7c13628539bdd1,http://www.museumschina.cn/img/waterMark/2019-01-02-14-28-22/yipu/da/44/07/83/21800002/80000215/4407832180000280000215-A-0001_wm.jpg,新石器时代双系蛙纹彩陶壶,开平市华侨博物馆,陶器,新石器时代,三级,1985,单一/无机质/陶,http://www.museumschina.cn/img/waterMark/2019-01-02-14-28-22/yipu/da/44/07/83/21800002/80000215/4407832180000280000215-A-0001_wm.jpg|http://www.museumschina.cn/img/waterMark/2019-01-02-14-28-22/yipu/da/44/07/83/21800002/80000215/4407832180000280000215-A-1024_wm.jpg|http://www.museumschina.cn/img/waterMark/2019-01-02-14-28-22/yipu/da/44/07/83/21800002/80000215/4407832180000280000215-A-1025_wm.jpg|http://www.museumschina.cn/img/waterMark/2019-01-02-14-28-22/yipu/da/44/07/83/21800002/80000215/4407832180000280000215-A-1026_wm.jpg|http://www.museumschina.cn/img/waterMark/2019-01-02-14-28-22/yipu/da/44/07/83/21800002/80000215/4407832180000280000215-A-1027_wm.jpg|http://www.museumschina.cn/img/waterMark/2019-01-02-14-28-22/yipu/da/44/07/83/21800002/80000215/4407832180000280000215-A-1028_wm.jpg|http://www.museumschina.cn/img/waterMark/2019-01-02-14-28-22/yipu/da/44/07/83/21800002/80000215/4407832180000280000215-A-1029_wm.jpg|http://www.museumschina.cn/img/waterMark/2019-01-02-14-28-22/yipu/da/44/07/83/21800002/80000215/4407832180000280000215-B-0001_wm.jpg|http://www.museumschina.cn/img/waterMark/2019-01-02-14-28-22/yipu/da/44/07/83/21800002/80000215/4407832180000280000215-C-0001_wm.jpg|http://www.museumschina.cn/img/waterMark/2019-01-02-14-28-22/yipu/da/44/07/83/21800002/80000215/4407832180000280000215-C-0002_wm.jpg|http://www.museumschina.cn/img/waterMark/2019-01-02-14-28-22/yipu/da/44/07/83/21800002/80000215/4407832180000280000215-C-0003_wm.jpg|http://www.museumschina.cn/img/waterMark/2019-01-02-14-28-22/yipu/da/44/07/83/21800002/80000215/4407832180000280000215-D-0001_wm.jpg|http://www.museumschina.cn/img/waterMark/2019-01-02-14-28-22/yipu/da/44/07/83/21800002/80000215/4407832180000280000215-F-0001_wm.jpg
https://www.museumschina.cn/collection/details?id=7E4A2F2A7BF343638999FB87786B8FCB,http://www.museumschina.cn/img/waterMark/2019-01-02-14-28-22/yipu/da/31/01/20/21800002/00003103/3101202180000200003103-A-0003_wm.jpg,新石器时代马家窑文化陶器,奉贤区博物馆,陶器,新石器时代,未定级,2013,单一/无机质/陶,http://www.museumschina.cn/img/waterMark/2019-01-02-14-28-22/yipu/da/31/01/20/21800002/00003103/3101202180000200003103-A-0003_wm.jpg|http://www.museumschina.cn/img/waterMark/2019-01-02-14-28-22/yipu/da/31/01/20/21800002/00003103/3101202180000200003103-B-0003_wm.jpg|http://www.museumschina.cn/img/waterMark/2019-01-02-14-28-22/yipu/da/31/01/20/21800002/00003103/3101202180000200003103-C-0007_wm.jpg|http://www.museumschina.cn/img/waterMark/2019-01-02-14-28-22/yipu/da/31/01/20/21800002/00003103/3101202180000200003103-C-0008_wm.jpg|http://www.museumschina.cn/img/waterMark/2019-01-02-14-28-22/yipu/da/31/01/20/21800002/00003103/3101202180000200003103-C-0009_wm.jpg|http://www.museumschina.cn/img/waterMark/2019-01-02-14-28-22/yipu/da/31/01/20/21800002/00003103/3101202180000200003103-F-0003_wm.jpg
https://www.museumschina.cn/collection/details?id=7e7323b3bee4431aa51e5ea8b980f2fc,http://www.museumschina.cn/img/waterMark/2019-01-02-14-28-22/yipu/da/44/12/84/21800001/00000083/4412842180000100000083-A-0001_wm.jpg,新石器时代彩绘网格纹双系陶罐,四会市博物馆,陶器,新石器时代,三级,1988,单一/无机质/陶,http://www.museumschina.cn/img/waterMark/2019-01-02-14-28-22/yipu/da/44/12/84/21800001/00000083/4412842180000100000083-A-0001_wm.jpg|http://www.museumschina.cn/img/waterMark/2019-01-02-14-28-22/yipu/da/44/12/84/21800001/00000083/4412842180000100000083-B-0001_wm.jpg|http://www.museumschina.cn/img/waterMark/2019-01-02-14-28-22/yipu/da/44/12/84/21800001/00000083/4412842180000100000083-C-0001_wm.jpg|http://www.museumschina.cn/img/waterMark/2019-01-02-14-28-22/yipu/da/44/12/84/21800001/00000083/4412842180000100000083-C-0002_wm.jpg|http://www.museumschina.cn/img/waterMark/2019-01-02-14-28-22/yipu/da/44/12/84/21800001/00000083/4412842180000100000083-E-0001_wm.jpg|http://www.museumschina.cn/img/waterMark/2019-01-02-14-28-22/yipu/da/44/12/84/21800001/00000083/4412842180000100000083-F-0001_wm.jpg
https://www.museumschina.cn/collection/details?id=7fa53eecf6734db2b917b15ab7a5acb2,http://www.museumschina.cn/img/waterMark/2019-01-02-14-28-22/yipu/da/62/06/23/21800001/00000025/6206232180000100000025-A-0001_wm.jpg,新石器时代马家窑文化虫类纹双耳彩陶壶,天祝藏族自治县博物馆,陶器,新石器时代,一级,,单一/无机质/陶,http://www.museumschina.cn/img/waterMark/2019-01-02-14-28-22/yipu/da/62/06/23/21800001/00000025/6206232180000100000025-A-0001_wm.jpg|http://www.museumschina.cn/img/waterMark/2019-01-02-14-28-22/yipu/da/62/06/23/21800001/00000025/6206232180000100000025-B-0001_wm.jpg
https://www.museumschina.cn/collection/details?id=7faf108b697447d38073e58aaa0aa0c8,http://www.museumschina.cn/img/waterMark/2019-01-02-14-28-22/yipu/da/35/09/81/21800004/10000195/3509812180000410000195-A-0001_wm.jpg,新石器时代昙石山文化泥质灰陶碗,福建省昙石山遗址博物馆,陶器,新石器时代,二级,2001,单一/无机质/陶,http://www.museumschina.cn/img/waterMark/2019-01-02-14-28-22/yipu/da/35/09/81/21800004/10000195/3509812180000410000195-A-0001_wm.jpg|http://www.museumschina.cn/img/waterMark/2019-01-02-14-28-22/yipu/da/35/09/81/21800004/10000195/3509812180000410000195-B-0001_wm.jpg|http://www.museumschina.cn/img/waterMark/2019-01-02-14-28-22/yipu/da/35/09/81/21800004/10000195/3509812180000410000195-F-0001_wm.jpg
https://www.museumschina.cn/collection/details?id=8076d5744a564ec9944638fd3f97edab,http://www.museumschina.cn/img/waterMark/2019-01-02-14-28-22/yipu/da/62/09/02/21800004/00001847/6209022180000400001847-A-0001_wm.jpg,新石器时代四坝文化网格纹提梁彩陶罐,酒泉市肃州区博物馆,陶器,新石器时代,一级,1991,单一/无机质/陶,http://www.museumschina.cn/img/waterMark/2019-01-02-14-28-22/yipu/da/62/09/02/21800004/00001847/6209022180000400001847-A-0001_wm.jpg|http://www.museumschina.cn/img/waterMark/2019-01-02-14-28-22/yipu/da/62/09/02/21800004/00001847/6209022180000400001847-B-0001_wm.jpg
https://www.museumschina.cn/collection/details?id=817aaaa2aa2d4c62aa1ede377dfe08a4,http://www.museumschina.cn/img/waterMark/2019-01-02-14-28-22/yipu/da/62/05/25/21800001/00000390/6205252180000100000390-A-0001_wm.jpg,葫芦瓶,张家川回族自治县博物馆,陶器,新石器时代,二级,1988,单一/无机质/陶,http://www.museumschina.cn/img/waterMark/2019-01-02-14-28-22/yipu/da/62/05/25/21800001/00000390/6205252180000100000390-A-0001_wm.jpg
https://www.museumschina.cn/collection/details?id=81AD8BAAD17D4202BD55B4CDC1B9532F,http://www.museumschina.cn/img/waterMark/2019-01-02-14-28-22/yipu/da/53/06/21/21800002/00000724/5306212180000200000724-A-0002_wm.jpg,新石器时代野石山遗址平顶喇叭口黑陶盖,云南省昭通市鲁甸县数字博物馆,陶器,新石器时代,一般,2006,单一/无机质/陶,http://www.museumschina.cn/img/waterMark/2019-01-02-14-28-22/yipu/da/53/06/21/21800002/00000724/5306212180000200000724-A-0002_wm.jpg|http://www.museumschina.cn/img/waterMark/2019-01-02-14-28-22/yipu/da/53/06/21/21800002/00000724/5306212180000200000724-C-0001_wm.jpg|http://www.museumschina.cn/img/waterMark/2019-01-02-14-28-22/yipu/da/53/06/21/21800002/00000724/5306212180000200000724-F-0001_wm.jpg
https://www.museumschina.cn/collection/details?id=8219D881BCD343B0AF27A89599EC1B84,http://www.museumschina.cn/img/waterMark/2019-01-02-14-28-22/yipu/da/44/07/85/21800001/00000176/4407852180000100000176-A-0001_wm.jpg,新石器半山型双耳方格纹彩陶罐,恩平市博物馆,陶器,新石器时代,二级,1991,单一/无机质/陶,http://www.museumschina.cn/img/waterMark/2019-01-02-14-28-22/yipu/da/44/07/85/21800001/00000176/4407852180000100000176-A-0001_wm.jpg|http://www.museumschina.cn/img/waterMark/2019-01-02-14-28-22/yipu/da/44/07/85/21800001/00000176/4407852180000100000176-B-0001_wm.jpg|http://www.museumschina.cn/img/waterMark/2019-01-02-14-28-22/yipu/da/44/07/85/21800001/00000176/4407852180000100000176-C-0001_wm.jpg|http://www.museumschina.cn/img/waterMark/2019-01-02-14-28-22/yipu/da/44/07/85/21800001/00000176/4407852180000100000176-E-0001_wm.jpg|http://www.museumschina.cn/img/waterMark/2019-01-02-14-28-22/yipu/da/44/07/85/21800001/00000176/4407852180000100000176-F-0001_wm.jpg
https://www.museumschina.cn/collection/details?id=82279A41AD824B078689AED0E866B807,http://www.museumschina.cn/img/waterMark/2019-01-02-14-28-22/yipu/da/44/53/81/21800001/00001460/4453812180000100001460-A-0001_wm.jpg,新石器时代马家窑文化蛙纹双耳彩陶壶,罗定市博物馆,陶器,新石器时代,二级,2003,单一/无机质/陶,http://www.museumschina.cn/img/waterMark/2019-01-02-14-28-22/yipu/da/44/53/81/21800001/00001460/4453812180000100001460-A-0001_wm.jpg|http://www.museumschina.cn/img/waterMark/2019-01-02-14-28-22/yipu/da/44/53/81/21800001/00001460/4453812180000100001460-B-0001_wm.jpg|http://www.museumschina.cn/img/waterMark/2019-01-02-14-28-22/yipu/da/44/53/81/21800001/00001460/4453812180000100001460-C-0001_wm.jpg|http://www.museumschina.cn/img/waterMark/2019-01-02-14-28-22/yipu/da/44/53/81/21800001/00001460/4453812180000100001460-C-0002_wm.jpg|http://www.museumschina.cn/img/waterMark/2019-01-02-14-28-22/yipu/da/44/53/81/21800001/00001460/4453812180000100001460-C-0003_wm.jpg|http://www.museumschina.cn/img/waterMark/2019-01-02-14-28-22/yipu/da/44/53/81/21800001/00001460/4453812180000100001460-D-0001_wm.jpg|http://www.museumschina.cn/img/waterMark/2019-01-02-14-28-22/yipu/da/44/53/81/21800001/00001460/4453812180000100001460-E-0001_wm.jpg|http://www.museumschina.cn/img/waterMark/2019-01-02-14-28-22/yipu/da/44/53/81/21800001/00001460/4453812180000100001460-F-0001_wm.jpg
https://www.museumschina.cn/collection/details?id=823a49ddb12e448aae7abf5ea8e3a30a,http://www.museumschina.cn/img/waterMark/2019-01-02-14-28-22/yipu/da/62/29/26/21800001/00000006/6229262180000100000006-A-0001_wm.jpg,新石器时代齐家文化对三角纹双耳双鋬彩陶罐,东乡族自治县民族博物馆,陶器,新石器时代,二级,1993,单一/无机质/陶,http://www.museumschina.cn/img/waterMark/2019-01-02-14-28-22/yipu/da/62/29/26/21800001/00000006/6229262180000100000006-A-0001_wm.jpg|http://www.museumschina.cn/img/waterMark/2019-01-02-14-28-22/yipu/da/62/29/26/21800001/00000006/6229262180000100000006-E-0001_wm.jpg|http://www.museumschina.cn/img/waterMark/2019-01-02-14-28-22/yipu/da/62/29/26/21800001/00000006/6229262180000100000006-E-0002_wm.jpg|http://www.museumschina.cn/img/waterMark/2019-01-02-14-28-22/yipu/da/62/29/26/21800001/00000006/6229262180000100000006-F-0001_wm.jpg
https://www.museumschina.cn/collection/details?id=82d8508f70f44a2085514c543c881f95,http://www.museumschina.cn/img/waterMark/2019-01-02-14-28-22/yipu/da/44/01/14/21800006/00000003/4401142180000600000003-A-0001_wm.jpg,新石器时代马家窑文化马厂类型四球纹彩陶双耳罐,-,陶器,新石器时代,二级,1997,单一/无机质/陶,http://www.museumschina.cn/img/waterMark/2019-01-02-14-28-22/yipu/da/44/01/14/21800006/00000003/4401142180000600000003-A-0001_wm.jpg|http://www.museumschina.cn/img/waterMark/2019-01-02-14-28-22/yipu/da/44/01/14/21800006/00000003/4401142180000600000003-B-0001_wm.jpg|http://www.museumschina.cn/img/waterMark/2019-01-02-14-28-22/yipu/da/44/01/14/21800006/00000003/4401142180000600000003-C-0001_wm.jpg|http://www.museumschina.cn/img/waterMark/2019-01-02-14-28-22/yipu/da/44/01/14/21800006/00000003/4401142180000600000003-E-0001_wm.jpg|http://www.museumschina.cn/img/waterMark/2019-01-02-14-28-22/yipu/da/44/01/14/21800006/00000003/4401142180000600000003-E-0002_wm.jpg|http://www.museumschina.cn/img/waterMark/2019-01-02-14-28-22/yipu/da/44/01/14/21800006/00000003/4401142180000600000003-F-0001_wm.jpg
https://www.museumschina.cn/collection/details?id=82EAFE7453A84F1B8C11CAC8FA095E97,http://www.museumschina.cn/img/waterMark/2019-01-02-14-28-22/yipu/da/44/16/21/21800001/00000566/4416212180000100000566-A-0001_wm.jpg,新石器时代彩绘方格几何纹双耳陶壶,紫金县博物馆,陶器,新石器时代,三级,1990,单一/无机质/陶,http://www.museumschina.cn/img/waterMark/2019-01-02-14-28-22/yipu/da/44/16/21/21800001/00000566/4416212180000100000566-A-0001_wm.jpg|http://www.museumschina.cn/img/waterMark/2019-01-02-14-28-22/yipu/da/44/16/21/21800001/00000566/4416212180000100000566-B-0001_wm.jpg|http://www.museumschina.cn/img/waterMark/2019-01-02-14-28-22/yipu/da/44/16/21/21800001/00000566/4416212180000100000566-C-0001_wm.jpg|http://www.museumschina.cn/img/waterMark/2019-01-02-14-28-22/yipu/da/44/16/21/21800001/00000566/4416212180000100000566-C-0002_wm.jpg|http://www.museumschina.cn/img/waterMark/2019-01-02-14-28-22/yipu/da/44/16/21/21800001/00000566/4416212180000100000566-F-0001_wm.jpg
https://www.museumschina.cn/collection/details?id=830e44ea43bf448eac961f76d78b4882,http://www.museumschina.cn/img/waterMark/2019-01-02-14-28-22/yipu/da/35/09/81/21800004/10000583/3509812180000410000583-A-0001_wm.jpg,新石器时代昙石山文化小盘口折弧腹小圈足泥质彩陶罐,福建省昙石山遗址博物馆,陶器,新石器时代,一级,2009,单一/无机质/陶,http://www.museumschina.cn/img/waterMark/2019-01-02-14-28-22/yipu/da/35/09/81/21800004/10000583/3509812180000410000583-A-0001_wm.jpg|http://www.museumschina.cn/img/waterMark/2019-01-02-14-28-22/yipu/da/35/09/81/21800004/10000583/3509812180000410000583-B-0001_wm.jpg|http://www.museumschina.cn/img/waterMark/2019-01-02-14-28-22/yipu/da/35/09/81/21800004/10000583/3509812180000410000583-F-0001_wm.jpg
https://www.museumschina.cn/collection/details?id=831769617749450b8f1e221509a14698,http://www.museumschina.cn/img/waterMark/2019-01-02-14-28-22/yipu/da/62/01/11/21800001/00000396/6201112180000100000396-A-0001_wm.jpg,夹砂素陶罐,红古区博物馆,陶器,新石器时代,未定级,,单一/无机质/陶,http://www.museumschina.cn/img/waterMark/2019-01-02-14-28-22/yipu/da/62/01/11/21800001/00000396/6201112180000100000396-A-0001_wm.jpg|http://www.museumschina.cn/img/waterMark/2019-01-02-14-28-22/yipu/da/62/01/11/21800001/00000396/6201112180000100000396-A-0002_wm.jpg|http://www.museumschina.cn/img/waterMark/2019-01-02-14-28-22/yipu/da/62/01/11/21800001/00000396/6201112180000100000396-B-0001_wm.jpg|http://www.museumschina.cn/img/waterMark/2019-01-02-14-28-22/yipu/da/62/01/11/21800001/00000396/6201112180000100000396-C-0001_wm.jpg|http://www.museumschina.cn/img/waterMark/2019-01-02-14-28-22/yipu/da/62/01/11/21800001/00000396/6201112180000100000396-C-0002_wm.jpg|http://www.museumschina.cn/img/waterMark/2019-01-02-14-28-22/yipu/da/62/01/11/21800001/00000396/6201112180000100000396-F-0001_wm.jpg
https://www.museumschina.cn/collection/details?id=704079b0fa494d1b8881aa19f1f7e267,http://www.museumschina.cn/img/waterMark/2019-01-02-14-28-22/yipu/da/44/14/22/21800001/80000094/4414222180000180000094-A-0001_wm.jpg,新石器时代帐纹双耳彩陶罐,大埔县博物馆,陶器,新石器时代,二级,1987,单一/无机质/陶,http://www.museumschina.cn/img/waterMark/2019-01-02-14-28-22/yipu/da/44/14/22/21800001/80000094/4414222180000180000094-A-0001_wm.jpg|http://www.museumschina.cn/img/waterMark/2019-01-02-14-28-22/yipu/da/44/14/22/21800001/80000094/4414222180000180000094-B-0001_wm.jpg|http://www.museumschina.cn/img/waterMark/2019-01-02-14-28-22/yipu/da/44/14/22/21800001/80000094/4414222180000180000094-C-0001_wm.jpg|http://www.museumschina.cn/img/waterMark/2019-01-02-14-28-22/yipu/da/44/14/22/21800001/80000094/4414222180000180000094-C-0002_wm.jpg|http://www.museumschina.cn/img/waterMark/2019-01-02-14-28-22/yipu/da/44/14/22/21800001/80000094/4414222180000180000094-E-0001_wm.jpg|http://www.museumschina.cn/img/waterMark/2019-01-02-14-28-22/yipu/da/44/14/22/21800001/80000094/4414222180000180000094-F-0001_wm.jpg
https://www.museumschina.cn/collection/details?id=708D51DA45B44B7480763533176AAE34,http://www.museumschina.cn/img/waterMark/2019-01-02-14-28-22/yipu/da/44/53/81/21800001/00008067/4453812180000100008067-A-0001_wm.jpg,新石器时代马家窑文化绳纹双耳彩陶壶,罗定市博物馆,陶器,新石器时代,二级,2003,单一/无机质/陶,http://www.museumschina.cn/img/waterMark/2019-01-02-14-28-22/yipu/da/44/53/81/21800001/00008067/4453812180000100008067-A-0001_wm.jpg|http://www.museumschina.cn/img/waterMark/2019-01-02-14-28-22/yipu/da/44/53/81/21800001/00008067/4453812180000100008067-B-0001_wm.jpg|http://www.museumschina.cn/img/waterMark/2019-01-02-14-28-22/yipu/da/44/53/81/21800001/00008067/4453812180000100008067-C-0001_wm.jpg|http://www.museumschina.cn/img/waterMark/2019-01-02-14-28-22/yipu/da/44/53/81/21800001/00008067/4453812180000100008067-C-0002_wm.jpg|http://www.museumschina.cn/img/waterMark/2019-01-02-14-28-22/yipu/da/44/53/81/21800001/00008067/4453812180000100008067-C-0003_wm.jpg|http://www.museumschina.cn/img/waterMark/2019-01-02-14-28-22/yipu/da/44/53/81/21800001/00008067/4453812180000100008067-D-0001_wm.jpg|http://www.museumschina.cn/img/waterMark/2019-01-02-14-28-22/yipu/da/44/53/81/21800001/00008067/4453812180000100008067-E-0001_wm.jpg|http://www.museumschina.cn/img/waterMark/2019-01-02-14-28-22/yipu/da/44/53/81/21800001/00008067/4453812180000100008067-E-0002_wm.jpg|http://www.museumschina.cn/img/waterMark/2019-01-02-14-28-22/yipu/da/44/53/81/21800001/00008067/4453812180000100008067-F-0001_wm.jpg
https://www.museumschina.cn/collection/details?id=7104304818af4bf6b19c8aaa9a356a20,http://www.museumschina.cn/img/waterMark/2019-01-02-14-28-22/yipu/da/62/29/25/21800002/00000007/6229252180000200000007-A-0001_wm.jpg,新石器时代齐家文化双耳红陶罐,甘肃省临夏回族自治州和政县数字博物馆,陶器,新石器时代,三级,1982,单一/无机质/陶,http://www.museumschina.cn/img/waterMark/2019-01-02-14-28-22/yipu/da/62/29/25/21800002/00000007/6229252180000200000007-A-0001_wm.jpg|http://www.museumschina.cn/img/waterMark/2019-01-02-14-28-22/yipu/da/62/29/25/21800002/00000007/6229252180000200000007-B-0001_wm.jpg|http://www.museumschina.cn/img/waterMark/2019-01-02-14-28-22/yipu/da/62/29/25/21800002/00000007/6229252180000200000007-F-0001_wm.jpg
https://www.museumschina.cn/collection/details?id=7246a250936444e1a52f9c5a3c5c4e3a,http://www.museumschina.cn/img/waterMark/2019-01-02-14-28-22/yipu/da/62/08/02/21800007/00000631/6208022180000700000631-A-0001_wm.jpg,石岭下类型涡纹彩陶罐,平凉市崆峒区博物馆,陶器,新石器时代,一级,1985,单一/无机质/陶,http://www.museumschina.cn/img/waterMark/2019-01-02-14-28-22/yipu/da/62/08/02/21800007/00000631/6208022180000700000631-A-0001_wm.jpg|http://www.museumschina.cn/img/waterMark/2019-01-02-14-28-22/yipu/da/62/08/02/21800007/00000631/6208022180000700000631-A-0002_wm.jpg|http://www.museumschina.cn/img/waterMark/2019-01-02-14-28-22/yipu/da/62/08/02/21800007/00000631/6208022180000700000631-B-0001_wm.jpg|http://www.museumschina.cn/img/waterMark/2019-01-02-14-28-22/yipu/da/62/08/02/21800007/00000631/6208022180000700000631-E-0001_wm.jpg|http://www.museumschina.cn/img/waterMark/2019-01-02-14-28-22/yipu/da/62/08/02/21800007/00000631/6208022180000700000631-E-0002_wm.jpg|http://www.museumschina.cn/img/waterMark/2019-01-02-14-28-22/yipu/da/62/08/02/21800007/00000631/6208022180000700000631-F-0001_wm.jpg
https://www.museumschina.cn/collection/details?id=7266A70C876D4C05A078181E70847B91,http://www.museumschina.cn/img/waterMark/2019-01-02-14-28-22/yipu/da/33/07/82/21800001/00001459/3307822180000100001459-A-0001_wm.jpg,新石器时代石陶纺轮,义乌市博物馆,陶器,新石器时代,三级,1984,单一/无机质/陶,http://www.museumschina.cn/img/waterMark/2019-01-02-14-28-22/yipu/da/33/07/82/21800001/00001459/3307822180000100001459-A-0001_wm.jpg|http://www.museumschina.cn/img/waterMark/2019-01-02-14-28-22/yipu/da/33/07/82/21800001/00001459/3307822180000100001459-F-0001_wm.jpg
https://www.museumschina.cn/collection/details?id=72fc027641ea4df59360599354b2774b,http://www.museumschina.cn/img/waterMark/2019-01-02-14-28-22/yipu/da/62/29/23/21800003/00001369/6229232180000300001369-A-0001_wm.jpg,新石器时代马家窑文化马厂类型四大圆圈网格纹双耳壶,永靖县博物馆,陶器,新石器时代,一级,1989,单一/无机质/陶,http://www.museumschina.cn/img/waterMark/2019-01-02-14-28-22/yipu/da/62/29/23/21800003/00001369/6229232180000300001369-A-0001_wm.jpg|http://www.museumschina.cn/img/waterMark/2019-01-02-14-28-22/yipu/da/62/29/23/21800003/00001369/6229232180000300001369-A-0002_wm.jpg|http://www.museumschina.cn/img/waterMark/2019-01-02-14-28-22/yipu/da/62/29/23/21800003/00001369/6229232180000300001369-A-0003_wm.jpg
https://www.museumschina.cn/collection/details?id=730A14F4AE504535B5BBD1BEA1F31922,http://www.museumschina.cn/img/waterMark/2019-01-02-14-28-22/yipu/da/33/02/81/21800002/00001630/3302812180000200001630-A-0001_wm.jpg,新石器时代河姆渡文化泥质灰陶弹丸,余姚市河姆渡遗址博物馆,陶器,新石器时代,未定级,1992,单一/无机质/陶,http://www.museumschina.cn/img/waterMark/2019-01-02-14-28-22/yipu/da/33/02/81/21800002/00001630/3302812180000200001630-A-0001_wm.jpg|http://www.museumschina.cn/img/waterMark/2019-01-02-14-28-22/yipu/da/33/02/81/21800002/00001630/3302812180000200001630-D-0001_wm.jpg
https://www.museumschina.cn/collection/details?id=7340b48c54db4d32aceb4df787b8ec02,http://www.museumschina.cn/img/waterMark/2019-01-02-14-28-22/yipu/da/51/33/23/21800001/00000210/5133232180000100000210-A-0001_wm.jpg,新石器时代陶双大耳罐,四川省甘孜藏族自治州丹巴县数字博物馆,陶器,新石器时代,未定级,,单一/无机质/陶,http://www.museumschina.cn/img/waterMark/2019-01-02-14-28-22/yipu/da/51/33/23/21800001/00000210/5133232180000100000210-A-0001_wm.jpg
https://www.museumschina.cn/collection/details?id=7349E747CB29420D9D61D214F18CF9F6,http://www.museumschina.cn/img/waterMark/2019-01-02-14-28-22/yipu/da/33/04/81/21800001/00003438/3304812180000100003438-A-0001_wm.jpg,新石器时代良渚文化陶球,海宁市博物馆,陶器,新石器时代,三级,1991,单一/无机质/陶,http://www.museumschina.cn/img/waterMark/2019-01-02-14-28-22/yipu/da/33/04/81/21800001/00003438/3304812180000100003438-A-0001_wm.jpg
https://www.museumschina.cn/collection/details?id=7376546ECD0A44899397DB1C82DFAC71,http://www.museumschina.cn/img/waterMark/2019-01-02-14-28-22/yipu/da/44/18/81/21800001/00000209/4418812180000100000209-A-0001_wm.jpg,新石器时代彩绘网格纹双耳陶罐,英德市博物馆,陶器,新石器时代,三级,1988,单一/无机质/陶,http://www.museumschina.cn/img/waterMark/2019-01-02-14-28-22/yipu/da/44/18/81/21800001/00000209/4418812180000100000209-A-0001_wm.jpg|http://www.museumschina.cn/img/waterMark/2019-01-02-14-28-22/yipu/da/44/18/81/21800001/00000209/4418812180000100000209-B-0001_wm.jpg|http://www.museumschina.cn/img/waterMark/2019-01-02-14-28-22/yipu/da/44/18/81/21800001/00000209/4418812180000100000209-C-0001_wm.jpg|http://www.museumschina.cn/img/waterMark/2019-01-02-14-28-22/yipu/da/44/18/81/21800001/00000209/4418812180000100000209-C-0002_wm.jpg|http://www.museumschina.cn/img/waterMark/2019-01-02-14-28-22/yipu/da/44/18/81/21800001/00000209/4418812180000100000209-D-0001_wm.jpg|http://www.museumschina.cn/img/waterMark/2019-01-02-14-28-22/yipu/da/44/18/81/21800001/00000209/4418812180000100000209-E-0001_wm.jpg|http://www.museumschina.cn/img/waterMark/2019-01-02-14-28-22/yipu/da/44/18/81/21800001/00000209/4418812180000100000209-F-0001_wm.jpg
https://www.museumschina.cn/collection/details?id=73A2F369316240C1BACCADDB164488AC,http://www.museumschina.cn/img/waterMark/2019-01-02-14-28-22/yipu/da/62/12/26/21800001/00002535/6212262180000100002535-A-0001_wm.jpg,新石器时代寺洼文化鸟首双鋬三足陶鼎,甘肃省礼县博物馆,陶器,新石器时代,二级,,单一/无机质/陶,http://www.museumschina.cn/img/waterMark/2019-01-02-14-28-22/yipu/da/62/12/26/21800001/00002535/6212262180000100002535-A-0001_wm.jpg
https://www.museumschina.cn/collection/details?id=750dec543f434d0ba1d64542c16d2b7a,http://www.museumschina.cn/img/waterMark/2019-01-02-14-28-22/yipu/da/62/10/21/21800001/00001406/6210212180000100001406-A-0001_wm.jpg,新石器时代绳纹乳头足陶鬲,庆城县博物馆,陶器,新石器时代,三级,,单一/无机质/陶,http://www.museumschina.cn/img/waterMark/2019-01-02-14-28-22/yipu/da/62/10/21/21800001/00001406/6210212180000100001406-A-0001_wm.jpg|http://www.museumschina.cn/img/waterMark/2019-01-02-14-28-22/yipu/da/62/10/21/21800001/00001406/6210212180000100001406-B-0001_wm.jpg|http://www.museumschina.cn/img/waterMark/2019-01-02-14-28-22/yipu/da/62/10/21/21800001/00001406/6210212180000100001406-C-0001_wm.jpg|http://www.museumschina.cn/img/waterMark/2019-01-02-14-28-22/yipu/da/62/10/21/21800001/00001406/6210212180000100001406-D-0001_wm.jpg|http://www.museumschina.cn/img/waterMark/2019-01-02-14-28-22/yipu/da/62/10/21/21800001/00001406/6210212180000100001406-F-0001_wm.jpg
https://www.museumschina.cn/collection/details?id=753DA03C55B7471DA4C8BD71E538B3CD,http://www.museumschina.cn/img/waterMark/2019-01-02-14-28-22/yipu/da/33/04/21/21800002/00002868/3304212180000200002868-A-0001_wm.jpg,新石器时代崧泽文化灰陶豆,嘉善县博物馆（嘉善县文物保护所）,陶器,新石器时代,一般,,单一/无机质/陶,http://www.museumschina.cn/img/waterMark/2019-01-02-14-28-22/yipu/da/33/04/21/21800002/00002868/3304212180000200002868-A-0001_wm.jpg|http://www.museumschina.cn/img/waterMark/2019-01-02-14-28-22/yipu/da/33/04/21/21800002/00002868/3304212180000200002868-B-0001_wm.jpg|http://www.museumschina.cn/img/waterMark/2019-01-02-14-28-22/yipu/da/33/04/21/21800002/00002868/3304212180000200002868-C-0001_wm.jpg|http://www.museumschina.cn/img/waterMark/2019-01-02-14-28-22/yipu/da/33/04/21/21800002/00002868/3304212180000200002868-F-0001_wm.jpg
https://www.museumschina.cn/collection/details?id=75C5BC623DB94CDC9D68646D83578351,http://www.museumschina.cn/img/waterMark/2019-01-02-14-28-22/yipu/da/62/12/26/21800001/00001754/6212262180000100001754-A-0001_wm.jpg,新石器时代仰韶文化太阳渔网纹双耳彩陶瓶,甘肃省礼县博物馆,陶器,新石器时代,一级,1955,单一/无机质/陶,http://www.museumschina.cn/img/waterMark/2019-01-02-14-28-22/yipu/da/62/12/26/21800001/00001754/6212262180000100001754-A-0001_wm.jpg
https://www.museumschina.cn/collection/details?id=75ca4d40a1744b25bbe35599cfdfd85b,http://www.museumschina.cn/img/waterMark/2019-01-02-14-28-22/yipu/da/62/12/25/21800001/00000105/6212252180000100000105-A-0001_wm.jpg,新石器时代马家窑文化鸟眼漩涡纹彩陶壶,西和县博物馆,陶器,新石器时代,一级,1987,单一/无机质/陶,http://www.museumschina.cn/img/waterMark/2019-01-02-14-28-22/yipu/da/62/12/25/21800001/00000105/6212252180000100000105-A-0001_wm.jpg
https://www.museumschina.cn/collection/details?id=76251ee6ae8c4446874d2c868bfc0680,http://www.museumschina.cn/img/waterMark/2019-01-02-14-28-22/yipu/da/35/09/81/21800001/10108287/3509812180000110108287-A-01_wm.JPG,新石器时代磨光细泥灰陶簋,-,陶器,新石器时代,一级,1965,单一/无机质/陶,http://www.museumschina.cn/img/waterMark/2019-01-02-14-28-22/yipu/da/35/09/81/21800001/10108287/3509812180000110108287-A-01_wm.JPG|http://www.museumschina.cn/img/waterMark/2019-01-02-14-28-22/yipu/da/35/09/81/21800001/10108287/3509812180000110108287-B-01_wm.JPG|http://www.museumschina.cn/img/waterMark/2019-01-02-14-28-22/yipu/da/35/09/81/21800001/10108287/3509812180000110108287-C-01_wm.JPG|http://www.museumschina.cn/img/waterMark/2019-01-02-14-28-22/yipu/da/35/09/81/21800001/10108287/3509812180000110108287-C-02_wm.JPG|http://www.museumschina.cn/img/waterMark/2019-01-02-14-28-22/yipu/da/35/09/81/21800001/10108287/3509812180000110108287-E-01_wm.JPG|http://www.museumschina.cn/img/waterMark/2019-01-02-14-28-22/yipu/da/35/09/81/21800001/10108287/3509812180000110108287-E-02_wm.JPG|http://www.museumschina.cn/img/waterMark/2019-01-02-14-28-22/yipu/da/35/09/81/21800001/10108287/3509812180000110108287-E-03_wm.JPG|http://www.museumschina.cn/img/waterMark/2019-01-02-14-28-22/yipu/da/35/09/81/21800001/10108287/3509812180000110108287-K-01_wm.JPG
https://www.museumschina.cn/collection/details?id=762DC11DD03240FA81D0D43783007F95,http://www.museumschina.cn/img/waterMark/2019-01-02-14-28-22/yipu/da/44/53/81/21800001/00007919/4453812180000100007919-A-0001_wm.jpg,新石器时代马家窑文化四大圆圈挂账纹彩陶壶,罗定市博物馆,陶器,新石器时代,二级,2003,单一/无机质/陶,http://www.museumschina.cn/img/waterMark/2019-01-02-14-28-22/yipu/da/44/53/81/21800001/00007919/4453812180000100007919-A-0001_wm.jpg|http://www.museumschina.cn/img/waterMark/2019-01-02-14-28-22/yipu/da/44/53/81/21800001/00007919/4453812180000100007919-B-0001_wm.jpg|http://www.museumschina.cn/img/waterMark/2019-01-02-14-28-22/yipu/da/44/53/81/21800001/00007919/4453812180000100007919-C-0001_wm.jpg|http://www.museumschina.cn/img/waterMark/2019-01-02-14-28-22/yipu/da/44/53/81/21800001/00007919/4453812180000100007919-C-0002_wm.jpg|http://www.museumschina.cn/img/waterMark/2019-01-02-14-28-22/yipu/da/44/53/81/21800001/00007919/4453812180000100007919-C-0003_wm.jpg|http://www.museumschina.cn/img/waterMark/2019-01-02-14-28-22/yipu/da/44/53/81/21800001/00007919/4453812180000100007919-D-0001_wm.jpg|http://www.museumschina.cn/img/waterMark/2019-01-02-14-28-22/yipu/da/44/53/81/21800001/00007919/4453812180000100007919-D-0002_wm.jpg|http://www.museumschina.cn/img/waterMark/2019-01-02-14-28-22/yipu/da/44/53/81/21800001/00007919/4453812180000100007919-E-0001_wm.jpg|http://www.museumschina.cn/img/waterMark/2019-01-02-14-28-22/yipu/da/44/53/81/21800001/00007919/4453812180000100007919-F-0001_wm.jpg
https://www.museumschina.cn/collection/details?id=769F6FDEA75D4700B77CE11EECB4F135,http://www.museumschina.cn/img/waterMark/2019-01-02-14-28-22/yipu/da/31/01/16/21800002/00002544/3101162180000200002544-A-0001_wm.jpg,半山四大漩涡纹双耳壶,上海金山区博物馆,陶器,新石器时代,二级,2008,单一/无机质/陶,http://www.museumschina.cn/img/waterMark/2019-01-02-14-28-22/yipu/da/31/01/16/21800002/00002544/3101162180000200002544-A-0001_wm.jpg|http://www.museumschina.cn/img/waterMark/2019-01-02-14-28-22/yipu/da/31/01/16/21800002/00002544/3101162180000200002544-B-0001_wm.jpg|http://www.museumschina.cn/img/waterMark/2019-01-02-14-28-22/yipu/da/31/01/16/21800002/00002544/3101162180000200002544-C-0001_wm.jpg|http://www.museumschina.cn/img/waterMark/2019-01-02-14-28-22/yipu/da/31/01/16/21800002/00002544/3101162180000200002544-F-0001_wm.jpg
https://www.museumschina.cn/collection/details?id=76DBC8E635824BEEAC19557DEA8E5378,http://www.museumschina.cn/img/waterMark/2019-01-02-14-28-22/yipu/da/46/90/28/21800001/00001420/4690282180000100001420-A-0004_wm.jpg,新石器时代单耳彩绘陶罐,陵水黎族自治县博物馆,陶器,新石器时代,未定级,2003,单一/无机质/陶,http://www.museumschina.cn/img/waterMark/2019-01-02-14-28-22/yipu/da/46/90/28/21800001/00001420/4690282180000100001420-A-0004_wm.jpg|http://www.museumschina.cn/img/waterMark/2019-01-02-14-28-22/yipu/da/46/90/28/21800001/00001420/4690282180000100001420-B-0004_wm.jpg|http://www.museumschina.cn/img/waterMark/2019-01-02-14-28-22/yipu/da/46/90/28/21800001/00001420/4690282180000100001420-F-0004_wm.jpg
https://www.museumschina.cn/collection/details?id=772E776937FB43AD9D186E7485745EED,http://www.museumschina.cn/img/waterMark/2019-01-02-14-28-22/yipu/da/33/11/81/21800005/00013890/3311812180000500013890-A-0001_wm.jpg,新石器时代小陶豆,龙泉市博物馆,陶器,新石器时代,未定级,,单一/无机质/陶,http://www.museumschina.cn/img/waterMark/2019-01-02-14-28-22/yipu/da/33/11/81/21800005/00013890/3311812180000500013890-A-0001_wm.jpg|http://www.museumschina.cn/img/waterMark/2019-01-02-14-28-22/yipu/da/33/11/81/21800005/00013890/3311812180000500013890-B-0001_wm.jpg|http://www.museumschina.cn/img/waterMark/2019-01-02-14-28-22/yipu/da/33/11/81/21800005/00013890/3311812180000500013890-C-0001_wm.jpg|http://www.museumschina.cn/img/waterMark/2019-01-02-14-28-22/yipu/da/33/11/81/21800005/00013890/3311812180000500013890-C-0002_wm.jpg|http://www.museumschina.cn/img/waterMark/2019-01-02-14-28-22/yipu/da/33/11/81/21800005/00013890/3311812180000500013890-C-0003_wm.jpg|http://www.museumschina.cn/img/waterMark/2019-01-02-14-28-22/yipu/da/33/11/81/21800005/00013890/3311812180000500013890-F-0001_wm.jpg
https://www.museumschina.cn/collection/details?id=7791A75D11DF472DA052774DE0605A27,http://www.museumschina.cn/img/waterMark/2019-01-02-14-28-22/yipu/da/53/06/21/21800002/00000571/5306212180000200000571-A-0001_wm.jpg,新石器时代野石山遗址夹砂侈口单耳黑陶罐,云南省昭通市鲁甸县数字博物馆,陶器,新石器时代,三级,2006,复合或组合/无机复合或组合/陶,http://www.museumschina.cn/img/waterMark/2019-01-02-14-28-22/yipu/da/53/06/21/21800002/00000571/5306212180000200000571-A-0001_wm.jpg|http://www.museumschina.cn/img/waterMark/2019-01-02-14-28-22/yipu/da/53/06/21/21800002/00000571/5306212180000200000571-B-0001_wm.jpg|http://www.museumschina.cn/img/waterMark/2019-01-02-14-28-22/yipu/da/53/06/21/21800002/00000571/5306212180000200000571-F-0001_wm.jpg
https://www.museumschina.cn/collection/details?id=77b880682d7d424a94f12513ac80b0a2,http://www.museumschina.cn/img/waterMark/2019-01-02-14-28-22/yipu/da/44/08/23/21800001/00000198/4408232180000100000198-A-0001_wm.jpg,新石器时代彩陶菱形纹双耳罐,遂溪县博物馆,陶器,新石器时代,三级,1988,单一/-/-,http://www.museumschina.cn/img/waterMark/2019-01-02-14-28-22/yipu/da/44/08/23/21800001/00000198/4408232180000100000198-A-0001_wm.jpg|http://www.museumschina.cn/img/waterMark/2019-01-02-14-28-22/yipu/da/44/08/23/21800001/00000198/4408232180000100000198-A-0002_wm.jpg|http://www.museumschina.cn/img/waterMark/2019-01-02-14-28-22/yipu/da/44/08/23/21800001/00000198/4408232180000100000198-A-0003_wm.jpg|http://www.museumschina.cn/img/waterMark/2019-01-02-14-28-22/yipu/da/44/08/23/21800001/00000198/4408232180000100000198-B-0001_wm.jpg|http://www.museumschina.cn/img/waterMark/2019-01-02-14-28-22/yipu/da/44/08/23/21800001/00000198/4408232180000100000198-C-0001_wm.jpg|http://www.museumschina.cn/img/waterMark/2019-01-02-14-28-22/yipu/da/44/08/23/21800001/00000198/4408232180000100000198-C-0002_wm.jpg|http://www.museumschina.cn/img/waterMark/2019-01-02-14-28-22/yipu/da/44/08/23/21800001/00000198/4408232180000100000198-F-0001_wm.jpg
https://www.museumschina.cn/collection/details?id=7862f45567bf41608faf3150a75cbe8a,http://www.museumschina.cn/img/waterMark/2019-01-02-14-28-22/yipu/da/62/05/24/21800001/00002863/6205242180000100002863-A-0001_wm.jpg,马家窑文化鸟翅纹彩陶罐,武山县博物馆,陶器,新石器时代,二级,,单一/无机质/陶,http://www.museumschina.cn/img/waterMark/2019-01-02-14-28-22/yipu/da/62/05/24/21800001/00002863/6205242180000100002863-A-0001_wm.jpg|http://www.museumschina.cn/img/waterMark/2019-01-02-14-28-22/yipu/da/62/05/24/21800001/00002863/6205242180000100002863-B-0001_wm.jpg|http://www.museumschina.cn/img/waterMark/2019-01-02-14-28-22/yipu/da/62/05/24/21800001/00002863/6205242180000100002863-C-0001_wm.jpg|http://www.museumschina.cn/img/waterMark/2019-01-02-14-28-22/yipu/da/62/05/24/21800001/00002863/6205242180000100002863-D-0001_wm.jpg|http://www.museumschina.cn/img/waterMark/2019-01-02-14-28-22/yipu/da/62/05/24/21800001/00002863/6205242180000100002863-E-0001_wm.jpg|http://www.museumschina.cn/img/waterMark/2019-01-02-14-28-22/yipu/da/62/05/24/21800001/00002863/6205242180000100002863-F-0001_wm.jpg
https://www.museumschina.cn/collection/details?id=787596d43863453680c2f232c6a636cf,http://www.museumschina.cn/img/waterMark/2019-01-02-14-28-22/yipu/da/44/12/26/21800001/00000457/4412262180000100000457-A-0001_wm.jpg,新石器时代马家窑文化四涡内十字纹双系彩陶壶,德庆县博物馆,陶器,新石器时代,二级,1991,单一/无机质/陶,http://www.museumschina.cn/img/waterMark/2019-01-02-14-28-22/yipu/da/44/12/26/21800001/00000457/4412262180000100000457-A-0001_wm.jpg|http://www.museumschina.cn/img/waterMark/2019-01-02-14-28-22/yipu/da/44/12/26/21800001/00000457/4412262180000100000457-B-0001_wm.jpg|http://www.museumschina.cn/img/waterMark/2019-01-02-14-28-22/yipu/da/44/12/26/21800001/00000457/4412262180000100000457-C-0001_wm.jpg|http://www.museumschina.cn/img/waterMark/2019-01-02-14-28-22/yipu/da/44/12/26/21800001/00000457/4412262180000100000457-C-0002_wm.jpg|http://www.museumschina.cn/img/waterMark/2019-01-02-14-28-22/yipu/da/44/12/26/21800001/00000457/4412262180000100000457-C-0003_wm.jpg|http://www.museumschina.cn/img/waterMark/2019-01-02-14-28-22/yipu/da/44/12/26/21800001/00000457/4412262180000100000457-E-0001_wm.jpg|http://www.museumschina.cn/img/waterMark/2019-01-02-14-28-22/yipu/da/44/12/26/21800001/00000457/4412262180000100000457-E-0002_wm.jpg|http://www.museumschina.cn/img/waterMark/2019-01-02-14-28-22/yipu/da/44/12/26/21800001/00000457/4412262180000100000457-E-0003_wm.jpg|http://www.museumschina.cn/img/waterMark/2019-01-02-14-28-22/yipu/da/44/12/26/21800001/00000457/4412262180000100000457-E-0004_wm.jpg|http://www.museumschina.cn/img/waterMark/2019-01-02-14-28-22/yipu/da/44/12/26/21800001/00000457/4412262180000100000457-E-0005_wm.jpg|http://www.museumschina.cn/img/waterMark/2019-01-02-14-28-22/yipu/da/44/12/26/21800001/00000457/4412262180000100000457-E-0006_wm.jpg|http://www.museumschina.cn/img/waterMark/2019-01-02-14-28-22/yipu/da/44/12/26/21800001/00000457/4412262180000100000457-F-0001_wm.jpg
https://www.museumschina.cn/collection/details?id=79131e1dc3904da9bc9d780f15654baa,http://www.museumschina.cn/img/waterMark/2019-01-02-14-28-22/yipu/da/62/29/27/21800001/00000032/6229272180000100000032-A-0001_wm.jpg,马厂类型肢爪纹双耳彩陶壶,积石山保安族东乡族撒拉族自治县博物馆,陶器,新石器时代,二级,1987,单一/无机质/陶,http://www.museumschina.cn/img/waterMark/2019-01-02-14-28-22/yipu/da/62/29/27/21800001/00000032/6229272180000100000032-A-0001_wm.jpg|http://www.museumschina.cn/img/waterMark/2019-01-02-14-28-22/yipu/da/62/29/27/21800001/00000032/6229272180000100000032-A-0003_wm.jpg|http://www.museumschina.cn/img/waterMark/2019-01-02-14-28-22/yipu/da/62/29/27/21800001/00000032/6229272180000100000032-B-0001_wm.jpg|http://www.museumschina.cn/img/waterMark/2019-01-02-14-28-22/yipu/da/62/29/27/21800001/00000032/6229272180000100000032-C-0001_wm.jpg|http://www.museumschina.cn/img/waterMark/2019-01-02-14-28-22/yipu/da/62/29/27/21800001/00000032/6229272180000100000032-C-0002_wm.jpg|http://www.museumschina.cn/img/waterMark/2019-01-02-14-28-22/yipu/da/62/29/27/21800001/00000032/6229272180000100000032-F-0001_wm.jpg
https://www.museumschina.cn/collection/details?id=79C09CAA78114EA5A1AD6107501F9CFB,http://www.museumschina.cn/img/waterMark/2019-01-02-14-28-22/yipu/da/23/12/22/21800001/00000092/2312222180000100000092-A-0001_wm.jpg,新石器时代红褐色夹砂陶盉器足,黑龙江省绥化市兰西县数字博物馆,陶器,新石器时代,一般,1998,单一/无机质/陶,http://www.museumschina.cn/img/waterMark/2019-01-02-14-28-22/yipu/da/23/12/22/21800001/00000092/2312222180000100000092-A-0001_wm.jpg
https://www.museumschina.cn/collection/details?id=79e10a81832946afa3bbb242e623c7a6,http://www.museumschina.cn/img/waterMark/2019-01-02-14-28-22/yipu/da/62/08/26/21800001/00000327/6208262180000100000327-A-0001_wm.jpg,石岭下型禾纹曲腹彩陶盆,静宁县博物馆,陶器,新石器时代,一级,1987,单一/无机质/陶,http://www.museumschina.cn/img/waterMark/2019-01-02-14-28-22/yipu/da/62/08/26/21800001/00000327/6208262180000100000327-A-0001_wm.jpg|http://www.museumschina.cn/img/waterMark/2019-01-02-14-28-22/yipu/da/62/08/26/21800001/00000327/6208262180000100000327-B-0001_wm.jpg|http://www.museumschina.cn/img/waterMark/2019-01-02-14-28-22/yipu/da/62/08/26/21800001/00000327/6208262180000100000327-F-0001_wm.jpg
https://www.museumschina.cn/collection/details?id=67F60BF47292452482E9146F1B4441F1,http://www.museumschina.cn/img/waterMark/2019-01-02-14-28-22/yipu/da/53/29/01/21800022/00008613/5329012180002200008613-A-0001_wm.jpg,新石器时代环形陶釜,大理市博物馆,陶器,新石器时代,二级,,单一/无机质/陶,http://www.museumschina.cn/img/waterMark/2019-01-02-14-28-22/yipu/da/53/29/01/21800022/00008613/5329012180002200008613-A-0001_wm.jpg|http://www.museumschina.cn/img/waterMark/2019-01-02-14-28-22/yipu/da/53/29/01/21800022/00008613/5329012180002200008613-A-0002_wm.jpg|http://www.museumschina.cn/img/waterMark/2019-01-02-14-28-22/yipu/da/53/29/01/21800022/00008613/5329012180002200008613-A-0003_wm.jpg|http://www.museumschina.cn/img/waterMark/2019-01-02-14-28-22/yipu/da/53/29/01/21800022/00008613/5329012180002200008613-A-0004_wm.jpg|http://www.museumschina.cn/img/waterMark/2019-01-02-14-28-22/yipu/da/53/29/01/21800022/00008613/5329012180002200008613-A-0005_wm.jpg|http://www.museumschina.cn/img/waterMark/2019-01-02-14-28-22/yipu/da/53/29/01/21800022/00008613/5329012180002200008613-A-0006_wm.jpg
https://www.museumschina.cn/collection/details?id=685ac72641af470ab4d9481396016a79,http://www.museumschina.cn/img/waterMark/2019-01-02-14-28-22/yipu/da/44/14/27/21800001/80000105/4414272180000180000105-A-1030_wm.jpg,新石器时代马家窑褐彩条形纹双系陶罐,蕉岭县博物馆,陶器,新石器时代,三级,1989,单一/无机质/陶,http://www.museumschina.cn/img/waterMark/2019-01-02-14-28-22/yipu/da/44/14/27/21800001/80000105/4414272180000180000105-A-1030_wm.jpg|http://www.museumschina.cn/img/waterMark/2019-01-02-14-28-22/yipu/da/44/14/27/21800001/80000105/4414272180000180000105-B-0001_wm.jpg|http://www.museumschina.cn/img/waterMark/2019-01-02-14-28-22/yipu/da/44/14/27/21800001/80000105/4414272180000180000105-C-0001_wm.jpg|http://www.museumschina.cn/img/waterMark/2019-01-02-14-28-22/yipu/da/44/14/27/21800001/80000105/4414272180000180000105-E-0001_wm.jpg|http://www.museumschina.cn/img/waterMark/2019-01-02-14-28-22/yipu/da/44/14/27/21800001/80000105/4414272180000180000105-E-0002_wm.jpg|http://www.museumschina.cn/img/waterMark/2019-01-02-14-28-22/yipu/da/44/14/27/21800001/80000105/4414272180000180000105-E-0003_wm.jpg|http://www.museumschina.cn/img/waterMark/2019-01-02-14-28-22/yipu/da/44/14/27/21800001/80000105/4414272180000180000105-E-0004_wm.jpg|http://www.museumschina.cn/img/waterMark/2019-01-02-14-28-22/yipu/da/44/14/27/21800001/80000105/4414272180000180000105-F-0001_wm.jpg
https://www.museumschina.cn/collection/details?id=68945de384934023bec26d201216fc1e,http://www.museumschina.cn/img/waterMark/2019-01-02-14-28-22/yipu/da/35/01/22/21800004/10023664/3501222180000410023664-A-0001_wm.jpg,新石器时代灰陶片,罗源县博物馆,陶器,新石器时代,一般,2004,单一/无机质/陶,http://www.museumschina.cn/img/waterMark/2019-01-02-14-28-22/yipu/da/35/01/22/21800004/10023664/3501222180000410023664-A-0001_wm.jpg|http://www.museumschina.cn/img/waterMark/2019-01-02-14-28-22/yipu/da/35/01/22/21800004/10023664/3501222180000410023664-F-0001_wm.jpg
https://www.museumschina.cn/collection/details?id=68b2a0c0e7d14b21907447fb5550778e,http://www.museumschina.cn/img/waterMark/2019-01-02-14-28-22/yipu/da/62/29/27/21800001/00000114/6229272180000100000114-A-0001_wm.jpg,齐家文化双耳素陶壶,积石山保安族东乡族撒拉族自治县博物馆,陶器,新石器时代,二级,1982,单一/无机质/陶,http://www.museumschina.cn/img/waterMark/2019-01-02-14-28-22/yipu/da/62/29/27/21800001/00000114/6229272180000100000114-A-0001_wm.jpg|http://www.museumschina.cn/img/waterMark/2019-01-02-14-28-22/yipu/da/62/29/27/21800001/00000114/6229272180000100000114-A-0002_wm.jpg|http://www.museumschina.cn/img/waterMark/2019-01-02-14-28-22/yipu/da/62/29/27/21800001/00000114/6229272180000100000114-B-0001_wm.jpg|http://www.museumschina.cn/img/waterMark/2019-01-02-14-28-22/yipu/da/62/29/27/21800001/00000114/6229272180000100000114-C-0001_wm.jpg|http://www.museumschina.cn/img/waterMark/2019-01-02-14-28-22/yipu/da/62/29/27/21800001/00000114/6229272180000100000114-C-0002_wm.jpg|http://www.museumschina.cn/img/waterMark/2019-01-02-14-28-22/yipu/da/62/29/27/21800001/00000114/6229272180000100000114-F-0001_wm.jpg
https://www.museumschina.cn/collection/details?id=68b906f1759642689249ae33662a244c,http://www.museumschina.cn/img/waterMark/2019-01-02-14-28-22/yipu/da/62/08/02/21800007/00000577/6208022180000700000577-A-0001_wm.jpg,石岭下类型旋涡纹彩陶罐,平凉市崆峒区博物馆,陶器,新石器时代,二级,1978,单一/无机质/陶,http://www.museumschina.cn/img/waterMark/2019-01-02-14-28-22/yipu/da/62/08/02/21800007/00000577/6208022180000700000577-A-0001_wm.jpg|http://www.museumschina.cn/img/waterMark/2019-01-02-14-28-22/yipu/da/62/08/02/21800007/00000577/6208022180000700000577-B-0001_wm.jpg|http://www.museumschina.cn/img/waterMark/2019-01-02-14-28-22/yipu/da/62/08/02/21800007/00000577/6208022180000700000577-E-0001_wm.jpg|http://www.museumschina.cn/img/waterMark/2019-01-02-14-28-22/yipu/da/62/08/02/21800007/00000577/6208022180000700000577-F-0001_wm.jpg
https://www.museumschina.cn/collection/details?id=68F9E5FBB17C4165AC363E2EE38C2B17,http://www.museumschina.cn/img/waterMark/2019-01-02-14-28-22/yipu/da/23/05/23/21800001/00000010/2305232180000100000010-A-0001_wm.jpg,新石器时代莲花纹圈足陶杯,宝清县博物馆,陶器,新石器时代,二级,2007,单一/无机质/陶,http://www.museumschina.cn/img/waterMark/2019-01-02-14-28-22/yipu/da/23/05/23/21800001/00000010/2305232180000100000010-A-0001_wm.jpg|http://www.museumschina.cn/img/waterMark/2019-01-02-14-28-22/yipu/da/23/05/23/21800001/00000010/2305232180000100000010-B-0001_wm.jpg|http://www.museumschina.cn/img/waterMark/2019-01-02-14-28-22/yipu/da/23/05/23/21800001/00000010/2305232180000100000010-F-0001_wm.jpg
https://www.museumschina.cn/collection/details?id=69fbc75fb1d447faa38e064d4a7fec58,http://www.museumschina.cn/img/waterMark/2019-01-02-14-28-22/yipu/da/62/05/24/21800001/00002983/6205242180000100002983-A-0001_wm.jpg,马家窑文化单耳三大网格纹彩陶罐,武山县博物馆,陶器,新石器时代,三级,,单一/无机质/陶,http://www.museumschina.cn/img/waterMark/2019-01-02-14-28-22/yipu/da/62/05/24/21800001/00002983/6205242180000100002983-A-0001_wm.jpg|http://www.museumschina.cn/img/waterMark/2019-01-02-14-28-22/yipu/da/62/05/24/21800001/00002983/6205242180000100002983-B-0001_wm.jpg|http://www.museumschina.cn/img/waterMark/2019-01-02-14-28-22/yipu/da/62/05/24/21800001/00002983/6205242180000100002983-D-0001_wm.jpg|http://www.museumschina.cn/img/waterMark/2019-01-02-14-28-22/yipu/da/62/05/24/21800001/00002983/6205242180000100002983-E-0001_wm.jpg|http://www.museumschina.cn/img/waterMark/2019-01-02-14-28-22/yipu/da/62/05/24/21800001/00002983/6205242180000100002983-E-0002_wm.jpg|http://www.museumschina.cn/img/waterMark/2019-01-02-14-28-22/yipu/da/62/05/24/21800001/00002983/6205242180000100002983-F-0001_wm.jpg
https://www.museumschina.cn/collection/details?id=6AAE6AC7B8F84D47B7BA52C793CA0446,http://www.museumschina.cn/img/waterMark/2019-01-02-14-28-22/yipu/da/62/29/24/21800001/00000444/6229242180000100000444-A-0001_wm.jpg,新石器时代马家窑文化半山类型漩涡纹彩陶壶,广河县齐家文化博物馆,陶器,新石器时代,二级,1985,单一/无机质/陶,http://www.museumschina.cn/img/waterMark/2019-01-02-14-28-22/yipu/da/62/29/24/21800001/00000444/6229242180000100000444-A-0001_wm.jpg|http://www.museumschina.cn/img/waterMark/2019-01-02-14-28-22/yipu/da/62/29/24/21800001/00000444/6229242180000100000444-B-0001_wm.jpg|http://www.museumschina.cn/img/waterMark/2019-01-02-14-28-22/yipu/da/62/29/24/21800001/00000444/6229242180000100000444-B-0002_wm.jpg|http://www.museumschina.cn/img/waterMark/2019-01-02-14-28-22/yipu/da/62/29/24/21800001/00000444/6229242180000100000444-F-0001_wm.jpg
https://www.museumschina.cn/collection/details?id=6ABE9A87275D44DB855812C4095DB061,http://www.museumschina.cn/img/waterMark/2019-01-02-14-28-22/yipu/da/62/29/01/21800004/00000108/6229012180000400000108-A-0001_wm.jpg,新石器时代马家窑文化四大圆圈纹双耳彩陶罐,临夏市博物馆,陶器,新石器时代,二级,1994,单一/无机质/陶,http://www.museumschina.cn/img/waterMark/2019-01-02-14-28-22/yipu/da/62/29/01/21800004/00000108/6229012180000400000108-A-0001_wm.jpg|http://www.museumschina.cn/img/waterMark/2019-01-02-14-28-22/yipu/da/62/29/01/21800004/00000108/6229012180000400000108-B-0001_wm.jpg|http://www.museumschina.cn/img/waterMark/2019-01-02-14-28-22/yipu/da/62/29/01/21800004/00000108/6229012180000400000108-C-0001_wm.jpg|http://www.museumschina.cn/img/waterMark/2019-01-02-14-28-22/yipu/da/62/29/01/21800004/00000108/6229012180000400000108-F-0001_wm.jpg
https://www.museumschina.cn/collection/details?id=6B4975ABCBC24DB688CD6D00EDF78BBC,http://www.museumschina.cn/img/waterMark/2019-01-02-14-28-22/yipu/da/33/05/22/21800001/00000039/3305222180000100000039-A-0001_wm.jpg,新石器时代马家浜文化夹砂陶鬹,长兴县博物馆,陶器,新石器时代,一级,1988,单一/无机质/陶,http://www.museumschina.cn/img/waterMark/2019-01-02-14-28-22/yipu/da/33/05/22/21800001/00000039/3305222180000100000039-A-0001_wm.jpg|http://www.museumschina.cn/img/waterMark/2019-01-02-14-28-22/yipu/da/33/05/22/21800001/00000039/3305222180000100000039-A-0002_wm.jpg|http://www.museumschina.cn/img/waterMark/2019-01-02-14-28-22/yipu/da/33/05/22/21800001/00000039/3305222180000100000039-B-0001_wm.jpg|http://www.museumschina.cn/img/waterMark/2019-01-02-14-28-22/yipu/da/33/05/22/21800001/00000039/3305222180000100000039-C-0001_wm.jpg|http://www.museumschina.cn/img/waterMark/2019-01-02-14-28-22/yipu/da/33/05/22/21800001/00000039/3305222180000100000039-C-0002_wm.jpg|http://www.museumschina.cn/img/waterMark/2019-01-02-14-28-22/yipu/da/33/05/22/21800001/00000039/3305222180000100000039-F-0001_wm.jpg
https://www.museumschina.cn/collection/details?id=6D3504C4E4A84260924F1093F1280FBB,http://www.museumschina.cn/img/waterMark/2019-01-02-14-28-22/yipu/da/44/52/24/21800001/00000411/4452242180000100000411-A-0001_wm.jpg,新石器时代马家窑文化彩绘几何纹双系陶壶,惠来县博物馆,陶器,新石器时代,三级,1994,单一/无机质/陶,http://www.museumschina.cn/img/waterMark/2019-01-02-14-28-22/yipu/da/44/52/24/21800001/00000411/4452242180000100000411-A-0001_wm.jpg|http://www.museumschina.cn/img/waterMark/2019-01-02-14-28-22/yipu/da/44/52/24/21800001/00000411/4452242180000100000411-B-0001_wm.jpg|http://www.museumschina.cn/img/waterMark/2019-01-02-14-28-22/yipu/da/44/52/24/21800001/00000411/4452242180000100000411-C-0001_wm.jpg|http://www.museumschina.cn/img/waterMark/2019-01-02-14-28-22/yipu/da/44/52/24/21800001/00000411/4452242180000100000411-D-0001_wm.jpg|http://www.museumschina.cn/img/waterMark/2019-01-02-14-28-22/yipu/da/44/52/24/21800001/00000411/4452242180000100000411-E-0001_wm.jpg|http://www.museumschina.cn/img/waterMark/2019-01-02-14-28-22/yipu/da/44/52/24/21800001/00000411/4452242180000100000411-F-0001_wm.jpg
https://www.museumschina.cn/collection/details?id=6E5E2AAD27F547239C2A05F23FF84451,http://www.museumschina.cn/img/waterMark/2019-01-02-14-28-22/yipu/da/62/29/24/21800001/00000007/6229242180000100000007-A-0001_wm.jpg,新石器时代齐家文化素陶鬹,广河县齐家文化博物馆,陶器,新石器时代,一级,1985,单一/无机质/陶,http://www.museumschina.cn/img/waterMark/2019-01-02-14-28-22/yipu/da/62/29/24/21800001/00000007/6229242180000100000007-A-0001_wm.jpg|http://www.museumschina.cn/img/waterMark/2019-01-02-14-28-22/yipu/da/62/29/24/21800001/00000007/6229242180000100000007-B-0001_wm.jpg|http://www.museumschina.cn/img/waterMark/2019-01-02-14-28-22/yipu/da/62/29/24/21800001/00000007/6229242180000100000007-C-0001_wm.jpg|http://www.museumschina.cn/img/waterMark/2019-01-02-14-28-22/yipu/da/62/29/24/21800001/00000007/6229242180000100000007-E-0001_wm.jpg
https://www.museumschina.cn/collection/details?id=6c7da8da12d441cfbe34f5964bba6adc,http://www.museumschina.cn/img/waterMark/2019-01-02-14-28-22/yipu/da/62/10/21/21800001/00001682/6210212180000100001682-A-0001_wm.jpg,新石器时代柳纹红陶罐,庆城县博物馆,陶器,新石器时代,三级,1990,单一/无机质/陶,http://www.museumschina.cn/img/waterMark/2019-01-02-14-28-22/yipu/da/62/10/21/21800001/00001682/6210212180000100001682-A-0001_wm.jpg|http://www.museumschina.cn/img/waterMark/2019-01-02-14-28-22/yipu/da/62/10/21/21800001/00001682/6210212180000100001682-C-0001_wm.jpg|http://www.museumschina.cn/img/waterMark/2019-01-02-14-28-22/yipu/da/62/10/21/21800001/00001682/6210212180000100001682-C-0002_wm.jpg|http://www.museumschina.cn/img/waterMark/2019-01-02-14-28-22/yipu/da/62/10/21/21800001/00001682/6210212180000100001682-D-0001_wm.jpg|http://www.museumschina.cn/img/waterMark/2019-01-02-14-28-22/yipu/da/62/10/21/21800001/00001682/6210212180000100001682-D-0002_wm.jpg
https://www.museumschina.cn/collection/details?id=6ce4dca6eaf94ac88df12a235d9854b3,http://www.museumschina.cn/img/waterMark/2019-01-02-14-28-22/yipu/da/62/05/23/41800001/00000081/6205234180000100000081-A-0001_wm.jpg,旋涡纹双耳彩陶瓮,甘谷县博物馆,陶器,新石器时代,二级,,单一/无机质/陶,http://www.museumschina.cn/img/waterMark/2019-01-02-14-28-22/yipu/da/62/05/23/41800001/00000081/6205234180000100000081-A-0001_wm.jpg
https://www.museumschina.cn/collection/details?id=6D3504C4E4A84260924F1093F1280FBB,http://www.museumschina.cn/img/waterMark/2019-01-02-14-28-22/yipu/da/44/52/24/21800001/00000411/4452242180000100000411-A-0001_wm.jpg,新石器时代马家窑文化彩绘几何纹双系陶壶,惠来县博物馆,陶器,新石器时代,三级,1994,单一/无机质/陶,http://www.museumschina.cn/img/waterMark/2019-01-02-14-28-22/yipu/da/44/52/24/21800001/00000411/4452242180000100000411-A-0001_wm.jpg|http://www.museumschina.cn/img/waterMark/2019-01-02-14-28-22/yipu/da/44/52/24/21800001/00000411/4452242180000100000411-B-0001_wm.jpg|http://www.museumschina.cn/img/waterMark/2019-01-02-14-28-22/yipu/da/44/52/24/21800001/00000411/4452242180000100000411-C-0001_wm.jpg|http://www.museumschina.cn/img/waterMark/2019-01-02-14-28-22/yipu/da/44/52/24/21800001/00000411/4452242180000100000411-D-0001_wm.jpg|http://www.museumschina.cn/img/waterMark/2019-01-02-14-28-22/yipu/da/44/52/24/21800001/00000411/4452242180000100000411-E-0001_wm.jpg|http://www.museumschina.cn/img/waterMark/2019-01-02-14-28-22/yipu/da/44/52/24/21800001/00000411/4452242180000100000411-F-0001_wm.jpg
https://www.museumschina.cn/collection/details?id=6df8b39532054c06803fce7fa9b67c81,http://www.museumschina.cn/img/waterMark/2019-01-02-14-28-22/yipu/da/51/01/13/21800001/10002483/5101132180000110002483-A-0001_wm.jpg,新石器时代灰陶网坠,四川省成都市青白江区数字博物馆,陶器,新石器时代,三级,,单一/无机质/陶,http://www.museumschina.cn/img/waterMark/2019-01-02-14-28-22/yipu/da/51/01/13/21800001/10002483/5101132180000110002483-A-0001_wm.jpg|http://www.museumschina.cn/img/waterMark/2019-01-02-14-28-22/yipu/da/51/01/13/21800001/10002483/5101132180000110002483-A-0002_wm.jpg
https://www.museumschina.cn/collection/details?id=6e3b3e9adb4f47b7b14bbc1697b6d07f,http://www.museumschina.cn/img/waterMark/2019-01-02-14-28-22/yipu/da/62/08/02/21800007/00000580/6208022180000700000580-A-0001_wm.jpg,齐家文化篮纹红陶盘,平凉市崆峒区博物馆,陶器,新石器时代,二级,1978,单一/无机质/陶,http://www.museumschina.cn/img/waterMark/2019-01-02-14-28-22/yipu/da/62/08/02/21800007/00000580/6208022180000700000580-A-0001_wm.jpg|http://www.museumschina.cn/img/waterMark/2019-01-02-14-28-22/yipu/da/62/08/02/21800007/00000580/6208022180000700000580-B-0001_wm.jpg|http://www.museumschina.cn/img/waterMark/2019-01-02-14-28-22/yipu/da/62/08/02/21800007/00000580/6208022180000700000580-E-0001_wm.jpg|http://www.museumschina.cn/img/waterMark/2019-01-02-14-28-22/yipu/da/62/08/02/21800007/00000580/6208022180000700000580-F-0001_wm.jpg
https://www.museumschina.cn/collection/details?id=6E5E2AAD27F547239C2A05F23FF84451,http://www.museumschina.cn/img/waterMark/2019-01-02-14-28-22/yipu/da/62/29/24/21800001/00000007/6229242180000100000007-A-0001_wm.jpg,新石器时代齐家文化素陶鬹,广河县齐家文化博物馆,陶器,新石器时代,一级,1985,单一/无机质/陶,http://www.museumschina.cn/img/waterMark/2019-01-02-14-28-22/yipu/da/62/29/24/21800001/00000007/6229242180000100000007-A-0001_wm.jpg|http://www.museumschina.cn/img/waterMark/2019-01-02-14-28-22/yipu/da/62/29/24/21800001/00000007/6229242180000100000007-B-0001_wm.jpg|http://www.museumschina.cn/img/waterMark/2019-01-02-14-28-22/yipu/da/62/29/24/21800001/00000007/6229242180000100000007-C-0001_wm.jpg|http://www.museumschina.cn/img/waterMark/2019-01-02-14-28-22/yipu/da/62/29/24/21800001/00000007/6229242180000100000007-E-0001_wm.jpg
https://www.museumschina.cn/collection/details?id=6e97c8377788459c92adfcec9ba22ce9,http://www.museumschina.cn/img/waterMark/2019-01-02-14-28-22/yipu/da/62/01/11/21800001/00000397/6201112180000100000397-A-0001_wm.jpg,素陶夹砂壶,红古区博物馆,陶器,新石器时代,未定级,,单一/无机质/陶,http://www.museumschina.cn/img/waterMark/2019-01-02-14-28-22/yipu/da/62/01/11/21800001/00000397/6201112180000100000397-A-0001_wm.jpg|http://www.museumschina.cn/img/waterMark/2019-01-02-14-28-22/yipu/da/62/01/11/21800001/00000397/6201112180000100000397-A-0002_wm.jpg|http://www.museumschina.cn/img/waterMark/2019-01-02-14-28-22/yipu/da/62/01/11/21800001/00000397/6201112180000100000397-A-0003_wm.jpg|http://www.museumschina.cn/img/waterMark/2019-01-02-14-28-22/yipu/da/62/01/11/21800001/00000397/6201112180000100000397-A-0004_wm.jpg|http://www.museumschina.cn/img/waterMark/2019-01-02-14-28-22/yipu/da/62/01/11/21800001/00000397/6201112180000100000397-B-0001_wm.jpg|http://www.museumschina.cn/img/waterMark/2019-01-02-14-28-22/yipu/da/62/01/11/21800001/00000397/6201112180000100000397-D-0001_wm.jpg|http://www.museumschina.cn/img/waterMark/2019-01-02-14-28-22/yipu/da/62/01/11/21800001/00000397/6201112180000100000397-F-0001_wm.jpg
https://www.museumschina.cn/collection/details?id=6e9c1095387f442798de481b9cd1599d,http://www.museumschina.cn/img/waterMark/2019-01-02-14-28-22/yipu/da/62/05/25/21800001/00001985/6205252180000100001985-A-0001_wm.jpg,弧边三角圆点纹彩陶盆,张家川回族自治县博物馆,陶器,新石器时代,一级,1972,单一/无机质/陶,http://www.museumschina.cn/img/waterMark/2019-01-02-14-28-22/yipu/da/62/05/25/21800001/00001985/6205252180000100001985-A-0001_wm.jpg
https://www.museumschina.cn/collection/details?id=6ec1364989f542658d40f05126bfe688,http://www.museumschina.cn/img/waterMark/2019-01-02-14-28-22/yipu/da/44/07/81/21800001/80000376/4407812180000180000376-A-0001_wm.jpg,新石器时代双耳彩陶壶,台山市博物馆,陶器,新石器时代,三级,1984,单一/无机质/陶,http://www.museumschina.cn/img/waterMark/2019-01-02-14-28-22/yipu/da/44/07/81/21800001/80000376/4407812180000180000376-A-0001_wm.jpg|http://www.museumschina.cn/img/waterMark/2019-01-02-14-28-22/yipu/da/44/07/81/21800001/80000376/4407812180000180000376-B-0001_wm.jpg|http://www.museumschina.cn/img/waterMark/2019-01-02-14-28-22/yipu/da/44/07/81/21800001/80000376/4407812180000180000376-C-0001_wm.jpg|http://www.museumschina.cn/img/waterMark/2019-01-02-14-28-22/yipu/da/44/07/81/21800001/80000376/4407812180000180000376-C-0002_wm.jpg|http://www.museumschina.cn/img/waterMark/2019-01-02-14-28-22/yipu/da/44/07/81/21800001/80000376/4407812180000180000376-C-0003_wm.jpg|http://www.museumschina.cn/img/waterMark/2019-01-02-14-28-22/yipu/da/44/07/81/21800001/80000376/4407812180000180000376-D-0001_wm.jpg|http://www.museumschina.cn/img/waterMark/2019-01-02-14-28-22/yipu/da/44/07/81/21800001/80000376/4407812180000180000376-E-0001_wm.jpg|http://www.museumschina.cn/img/waterMark/2019-01-02-14-28-22/yipu/da/44/07/81/21800001/80000376/4407812180000180000376-E-0002_wm.jpg|http://www.museumschina.cn/img/waterMark/2019-01-02-14-28-22/yipu/da/44/07/81/21800001/80000376/4407812180000180000376-F-0001_wm.jpg
https://www.museumschina.cn/collection/details?id=6F1D5F2ED14946C891B3B3A88A11A44D,http://www.museumschina.cn/img/waterMark/2019-01-02-14-28-22/yipu/da/23/06/22/21800001/00001531/2306222180000100001531-B-0001_wm.jpg,新石器时代小拉哈文化陶钵,肇源博物馆,陶器,新石器时代,二级,2014,单一/无机质/陶,http://www.museumschina.cn/img/waterMark/2019-01-02-14-28-22/yipu/da/23/06/22/21800001/00001531/2306222180000100001531-B-0001_wm.jpg|http://www.museumschina.cn/img/waterMark/2019-01-02-14-28-22/yipu/da/23/06/22/21800001/00001531/2306222180000100001531-C-0001_wm.jpg|http://www.museumschina.cn/img/waterMark/2019-01-02-14-28-22/yipu/da/23/06/22/21800001/00001531/2306222180000100001531-C-0002_wm.jpg|http://www.museumschina.cn/img/waterMark/2019-01-02-14-28-22/yipu/da/23/06/22/21800001/00001531/2306222180000100001531-F-0001_wm.jpg
https://www.museumschina.cn/collection/details?id=5e9c0e46fc11400583f63ad3ae7671f8,http://www.museumschina.cn/img/waterMark/2019-01-02-14-28-22/yipu/da/44/12/24/21800001/00000023/4412242180000100000023-A-0001_wm.jpg,新石器时代双耳彩陶罐,怀集县博物馆,陶器,新石器时代,三级,1989,单一/无机质/陶,http://www.museumschina.cn/img/waterMark/2019-01-02-14-28-22/yipu/da/44/12/24/21800001/00000023/4412242180000100000023-A-0001_wm.jpg|http://www.museumschina.cn/img/waterMark/2019-01-02-14-28-22/yipu/da/44/12/24/21800001/00000023/4412242180000100000023-B-0001_wm.jpg|http://www.museumschina.cn/img/waterMark/2019-01-02-14-28-22/yipu/da/44/12/24/21800001/00000023/4412242180000100000023-E-0001_wm.jpg|http://www.museumschina.cn/img/waterMark/2019-01-02-14-28-22/yipu/da/44/12/24/21800001/00000023/4412242180000100000023-F-0001_wm.jpg
https://www.museumschina.cn/collection/details?id=5f7c2221135240789381ce8daf0b0801,http://www.museumschina.cn/img/waterMark/2019-01-02-14-28-22/yipu/da/62/08/02/21800007/00000901/6208022180000700000901-A-0001_wm.jpg,石岭下类型旋涡纹彩陶壶,平凉市崆峒区博物馆,陶器,新石器时代,一级,1978,单一/无机质/陶,http://www.museumschina.cn/img/waterMark/2019-01-02-14-28-22/yipu/da/62/08/02/21800007/00000901/6208022180000700000901-A-0001_wm.jpg|http://www.museumschina.cn/img/waterMark/2019-01-02-14-28-22/yipu/da/62/08/02/21800007/00000901/6208022180000700000901-B-0001_wm.jpg|http://www.museumschina.cn/img/waterMark/2019-01-02-14-28-22/yipu/da/62/08/02/21800007/00000901/6208022180000700000901-E-0001_wm.jpg|http://www.museumschina.cn/img/waterMark/2019-01-02-14-28-22/yipu/da/62/08/02/21800007/00000901/6208022180000700000901-F-0001_wm.jpg
https://www.museumschina.cn/collection/details?id=5fa409e5f9de461bac777cf46a565ba6,http://www.museumschina.cn/img/waterMark/2019-01-02-14-28-22/yipu/da/62/30/24/21800001/00000065/6230242180000100000065-A-0001_wm.jpg,新石器时代·双耳单面波浪纹彩陶罐,甘肃省甘南藏族自治州迭部县数字博物馆,陶器,新石器时代,未定级,2007,单一/无机质/陶,http://www.museumschina.cn/img/waterMark/2019-01-02-14-28-22/yipu/da/62/30/24/21800001/00000065/6230242180000100000065-A-0001_wm.jpg
https://www.museumschina.cn/collection/details?id=60b253eb6a3d44d294fa056ae1e0cd1c,http://www.museumschina.cn/img/waterMark/2019-01-02-14-28-22/yipu/da/23/02/25/21800001/00000009/2302252180000100000009-A-0001_wm.jpg,新石器时代陶制陶纺轮,甘南县金代长城博物馆（文物管理所）,陶器,新石器时代,三级,1995,单一/无机质/陶,http://www.museumschina.cn/img/waterMark/2019-01-02-14-28-22/yipu/da/23/02/25/21800001/00000009/2302252180000100000009-A-0001_wm.jpg|http://www.museumschina.cn/img/waterMark/2019-01-02-14-28-22/yipu/da/23/02/25/21800001/00000009/2302252180000100000009-D-0001_wm.jpg
https://www.museumschina.cn/collection/details?id=6100723018154aff9e3aed70d88bca60,http://www.museumschina.cn/img/waterMark/2019-01-02-14-28-22/yipu/da/62/29/26/21800001/00000323/6229262180000100000323-A-0001_wm.jpg,新石器时代齐家文化带流素陶钵,东乡族自治县民族博物馆,陶器,新石器时代,二级,1987,单一/无机质/泥,http://www.museumschina.cn/img/waterMark/2019-01-02-14-28-22/yipu/da/62/29/26/21800001/00000323/6229262180000100000323-A-0001_wm.jpg|http://www.museumschina.cn/img/waterMark/2019-01-02-14-28-22/yipu/da/62/29/26/21800001/00000323/6229262180000100000323-B-0001_wm.jpg|http://www.museumschina.cn/img/waterMark/2019-01-02-14-28-22/yipu/da/62/29/26/21800001/00000323/6229262180000100000323-C-0001_wm.jpg|http://www.museumschina.cn/img/waterMark/2019-01-02-14-28-22/yipu/da/62/29/26/21800001/00000323/6229262180000100000323-F-0001_wm.jpg
https://www.museumschina.cn/collection/details?id=61ee86fb7b1549d2973d586c597a38f2,http://www.museumschina.cn/img/waterMark/2019-01-02-14-28-22/yipu/da/35/09/81/21800004/10000427/3509812180000410000427-A-0001_wm.jpg,新石器时代昙石山文化夹砂黄陶杯,福建省昙石山遗址博物馆,陶器,新石器时代,一级,2009,单一/无机质/陶,http://www.museumschina.cn/img/waterMark/2019-01-02-14-28-22/yipu/da/35/09/81/21800004/10000427/3509812180000410000427-A-0001_wm.jpg|http://www.museumschina.cn/img/waterMark/2019-01-02-14-28-22/yipu/da/35/09/81/21800004/10000427/3509812180000410000427-F-0002_wm.jpg
https://www.museumschina.cn/collection/details?id=620269d486b348d18fc0668bf43c728b,http://www.museumschina.cn/img/waterMark/2019-01-02-14-28-22/yipu/da/44/12/83/21800001/00000103/4412832180000100000103-A-0001_wm.jpg,新石器时代马家窑文化彩绘四大圆圈内四小圆圈方格纹双系陶罐,高要市博物馆,陶器,新石器时代,二级,1988,单一/无机质/陶,http://www.museumschina.cn/img/waterMark/2019-01-02-14-28-22/yipu/da/44/12/83/21800001/00000103/4412832180000100000103-A-0001_wm.jpg|http://www.museumschina.cn/img/waterMark/2019-01-02-14-28-22/yipu/da/44/12/83/21800001/00000103/4412832180000100000103-B-0001_wm.jpg|http://www.museumschina.cn/img/waterMark/2019-01-02-14-28-22/yipu/da/44/12/83/21800001/00000103/4412832180000100000103-C-0001_wm.jpg|http://www.museumschina.cn/img/waterMark/2019-01-02-14-28-22/yipu/da/44/12/83/21800001/00000103/4412832180000100000103-C-0002_wm.jpg|http://www.museumschina.cn/img/waterMark/2019-01-02-14-28-22/yipu/da/44/12/83/21800001/00000103/4412832180000100000103-C-0003_wm.jpg|http://www.museumschina.cn/img/waterMark/2019-01-02-14-28-22/yipu/da/44/12/83/21800001/00000103/4412832180000100000103-C-0004_wm.jpg|http://www.museumschina.cn/img/waterMark/2019-01-02-14-28-22/yipu/da/44/12/83/21800001/00000103/4412832180000100000103-E-0001_wm.jpg|http://www.museumschina.cn/img/waterMark/2019-01-02-14-28-22/yipu/da/44/12/83/21800001/00000103/4412832180000100000103-E-0002_wm.jpg|http://www.museumschina.cn/img/waterMark/2019-01-02-14-28-22/yipu/da/44/12/83/21800001/00000103/4412832180000100000103-F-0001_wm.jpg
https://www.museumschina.cn/collection/details?id=629f77202f0140a4b617b724b720d58d,http://www.museumschina.cn/img/waterMark/2019-01-02-14-28-22/yipu/da/62/04/23/21800005/00000326/6204232180000500000326-A-0001_wm.jpg,新石器时代·鸟形双耳红陶壶,景泰县博物馆,陶器,新石器时代,三级,1973,单一/无机质/陶,http://www.museumschina.cn/img/waterMark/2019-01-02-14-28-22/yipu/da/62/04/23/21800005/00000326/6204232180000500000326-A-0001_wm.jpg|http://www.museumschina.cn/img/waterMark/2019-01-02-14-28-22/yipu/da/62/04/23/21800005/00000326/6204232180000500000326-A-0002_wm.jpg|http://www.museumschina.cn/img/waterMark/2019-01-02-14-28-22/yipu/da/62/04/23/21800005/00000326/6204232180000500000326-B-0001_wm.jpg|http://www.museumschina.cn/img/waterMark/2019-01-02-14-28-22/yipu/da/62/04/23/21800005/00000326/6204232180000500000326-C-0001_wm.jpg|http://www.museumschina.cn/img/waterMark/2019-01-02-14-28-22/yipu/da/62/04/23/21800005/00000326/6204232180000500000326-C-0002_wm.jpg|http://www.museumschina.cn/img/waterMark/2019-01-02-14-28-22/yipu/da/62/04/23/21800005/00000326/6204232180000500000326-F-0001_wm.jpg
https://www.museumschina.cn/collection/details?id=62F5101AD8EF488D88FA53BF3138AE15,http://www.museumschina.cn/img/waterMark/2019-01-02-14-28-22/yipu/da/44/09/23/21800001/00000058/4409232180000100000058-A-0001_wm.jpg,新石器时代彩陶谷纹双耳大罐,电白县博物馆,陶器,新石器时代,二级,1990,单一/无机质/陶,http://www.museumschina.cn/img/waterMark/2019-01-02-14-28-22/yipu/da/44/09/23/21800001/00000058/4409232180000100000058-A-0001_wm.jpg|http://www.museumschina.cn/img/waterMark/2019-01-02-14-28-22/yipu/da/44/09/23/21800001/00000058/4409232180000100000058-B-0001_wm.jpg|http://www.museumschina.cn/img/waterMark/2019-01-02-14-28-22/yipu/da/44/09/23/21800001/00000058/4409232180000100000058-C-0001_wm.jpg|http://www.museumschina.cn/img/waterMark/2019-01-02-14-28-22/yipu/da/44/09/23/21800001/00000058/4409232180000100000058-F-0001_wm.jpg
https://www.museumschina.cn/collection/details?id=6303B79F4C5B4538B3A329D1EAC57F5D,http://www.museumschina.cn/img/waterMark/2019-01-02-14-28-22/yipu/da/23/12/22/21800001/00000098/2312222180000100000098-A-0001_wm.jpg,新石器时代红褐色素面纹夹砂陶陶器残片,黑龙江省绥化市兰西县数字博物馆,陶器,新石器时代,一般,1998,单一/无机质/陶,http://www.museumschina.cn/img/waterMark/2019-01-02-14-28-22/yipu/da/23/12/22/21800001/00000098/2312222180000100000098-A-0001_wm.jpg
https://www.museumschina.cn/collection/details?id=639ce61aa72b4b8bb197813cc4b5138a,http://www.museumschina.cn/img/waterMark/2019-01-02-14-28-22/yipu/da/44/02/00/21800003/00000008/4402002180000300000008-A-0001_wm.jpg,新石器时代晚期彩陶双耳大罐,仁化县博物馆,陶器,新石器时代,三级,1989,单一/无机质/陶,http://www.museumschina.cn/img/waterMark/2019-01-02-14-28-22/yipu/da/44/02/00/21800003/00000008/4402002180000300000008-A-0001_wm.jpg|http://www.museumschina.cn/img/waterMark/2019-01-02-14-28-22/yipu/da/44/02/00/21800003/00000008/4402002180000300000008-B-0001_wm.jpg|http://www.museumschina.cn/img/waterMark/2019-01-02-14-28-22/yipu/da/44/02/00/21800003/00000008/4402002180000300000008-C-0001_wm.jpg|http://www.museumschina.cn/img/waterMark/2019-01-02-14-28-22/yipu/da/44/02/00/21800003/00000008/4402002180000300000008-D-0001_wm.jpg|http://www.museumschina.cn/img/waterMark/2019-01-02-14-28-22/yipu/da/44/02/00/21800003/00000008/4402002180000300000008-E-0001_wm.jpg|http://www.museumschina.cn/img/waterMark/2019-01-02-14-28-22/yipu/da/44/02/00/21800003/00000008/4402002180000300000008-F-0001_wm.jpg
https://www.museumschina.cn/collection/details?id=644ec4f88ce1453eb4aa921022fb839f,http://www.museumschina.cn/img/waterMark/2019-01-02-14-28-22/yipu/da/44/12/26/21800001/00000289/4412262180000100000289-A-0001_wm.jpg,新石器时代马家窑文化四涡内方格纹双系彩陶壶,德庆县博物馆,陶器,新石器时代,二级,1985,单一/无机质/陶,http://www.museumschina.cn/img/waterMark/2019-01-02-14-28-22/yipu/da/44/12/26/21800001/00000289/4412262180000100000289-A-0001_wm.jpg|http://www.museumschina.cn/img/waterMark/2019-01-02-14-28-22/yipu/da/44/12/26/21800001/00000289/4412262180000100000289-B-0001_wm.jpg|http://www.museumschina.cn/img/waterMark/2019-01-02-14-28-22/yipu/da/44/12/26/21800001/00000289/4412262180000100000289-C-0001_wm.jpg|http://www.museumschina.cn/img/waterMark/2019-01-02-14-28-22/yipu/da/44/12/26/21800001/00000289/4412262180000100000289-C-0002_wm.jpg|http://www.museumschina.cn/img/waterMark/2019-01-02-14-28-22/yipu/da/44/12/26/21800001/00000289/4412262180000100000289-C-0003_wm.jpg|http://www.museumschina.cn/img/waterMark/2019-01-02-14-28-22/yipu/da/44/12/26/21800001/00000289/4412262180000100000289-E-0001_wm.jpg|http://www.museumschina.cn/img/waterMark/2019-01-02-14-28-22/yipu/da/44/12/26/21800001/00000289/4412262180000100000289-E-0002_wm.jpg|http://www.museumschina.cn/img/waterMark/2019-01-02-14-28-22/yipu/da/44/12/26/21800001/00000289/4412262180000100000289-E-0003_wm.jpg|http://www.museumschina.cn/img/waterMark/2019-01-02-14-28-22/yipu/da/44/12/26/21800001/00000289/4412262180000100000289-E-0004_wm.jpg|http://www.museumschina.cn/img/waterMark/2019-01-02-14-28-22/yipu/da/44/12/26/21800001/00000289/4412262180000100000289-E-0005_wm.jpg|http://www.museumschina.cn/img/waterMark/2019-01-02-14-28-22/yipu/da/44/12/26/21800001/00000289/4412262180000100000289-E-0006_wm.jpg|http://www.museumschina.cn/img/waterMark/2019-01-02-14-28-22/yipu/da/44/12/26/21800001/00000289/4412262180000100000289-E-0007_wm.jpg|http://www.museumschina.cn/img/waterMark/2019-01-02-14-28-22/yipu/da/44/12/26/21800001/00000289/4412262180000100000289-E-0008_wm.jpg|http://www.museumschina.cn/img/waterMark/2019-01-02-14-28-22/yipu/da/44/12/26/21800001/00000289/4412262180000100000289-E-0009_wm.jpg|http://www.museumschina.cn/img/waterMark/2019-01-02-14-28-22/yipu/da/44/12/26/21800001/00000289/4412262180000100000289-F-0001_wm.jpg
https://www.museumschina.cn/collection/details?id=659A53C196644E18963EFB2803EEFF60,http://www.museumschina.cn/img/waterMark/2019-01-02-14-28-22/yipu/da/62/12/26/21800001/00001647/6212262180000100001647-A-0001_wm.jpg,新石器时代齐家文化红陶双连豆,甘肃省礼县博物馆,陶器,新石器时代,一级,1994,单一/无机质/陶,http://www.museumschina.cn/img/waterMark/2019-01-02-14-28-22/yipu/da/62/12/26/21800001/00001647/6212262180000100001647-A-0001_wm.jpg
https://www.museumschina.cn/collection/details?id=65A5BDFF481E431F8B40BEB1F1A9831E,http://www.museumschina.cn/img/waterMark/2019-01-02-14-28-22/yipu/da/44/12/25/21800001/00003203/4412252180000100003203-A-0001_wm.jpg,新石器时代彩绘四大圆圈内方格纹双系大陶罐,封开县博物馆,陶器,新石器时代,二级,1988,单一/无机质/陶,http://www.museumschina.cn/img/waterMark/2019-01-02-14-28-22/yipu/da/44/12/25/21800001/00003203/4412252180000100003203-A-0001_wm.jpg|http://www.museumschina.cn/img/waterMark/2019-01-02-14-28-22/yipu/da/44/12/25/21800001/00003203/4412252180000100003203-A-0002_wm.jpg|http://www.museumschina.cn/img/waterMark/2019-01-02-14-28-22/yipu/da/44/12/25/21800001/00003203/4412252180000100003203-A-0003_wm.jpg|http://www.museumschina.cn/img/waterMark/2019-01-02-14-28-22/yipu/da/44/12/25/21800001/00003203/4412252180000100003203-A-0004_wm.jpg|http://www.museumschina.cn/img/waterMark/2019-01-02-14-28-22/yipu/da/44/12/25/21800001/00003203/4412252180000100003203-B-0001_wm.jpg|http://www.museumschina.cn/img/waterMark/2019-01-02-14-28-22/yipu/da/44/12/25/21800001/00003203/4412252180000100003203-C-0001_wm.jpg|http://www.museumschina.cn/img/waterMark/2019-01-02-14-28-22/yipu/da/44/12/25/21800001/00003203/4412252180000100003203-C-0002_wm.jpg|http://www.museumschina.cn/img/waterMark/2019-01-02-14-28-22/yipu/da/44/12/25/21800001/00003203/4412252180000100003203-C-0003_wm.jpg|http://www.museumschina.cn/img/waterMark/2019-01-02-14-28-22/yipu/da/44/12/25/21800001/00003203/4412252180000100003203-D-0001_wm.jpg|http://www.museumschina.cn/img/waterMark/2019-01-02-14-28-22/yipu/da/44/12/25/21800001/00003203/4412252180000100003203-F-0001_wm.jpg
https://www.museumschina.cn/collection/details?id=557838D731B44396BF211A870A3A5713,http://www.museumschina.cn/img/waterMark/2019-01-02-14-28-22/yipu/da/53/29/01/21800022/00008627/5329012180002200008627-A-0001_wm.jpg,新石器时代单流口陶钵,大理市博物馆,陶器,新石器时代,二级,,单一/无机质/陶,http://www.museumschina.cn/img/waterMark/2019-01-02-14-28-22/yipu/da/53/29/01/21800022/00008627/5329012180002200008627-A-0001_wm.jpg|http://www.museumschina.cn/img/waterMark/2019-01-02-14-28-22/yipu/da/53/29/01/21800022/00008627/5329012180002200008627-A-0002_wm.jpg|http://www.museumschina.cn/img/waterMark/2019-01-02-14-28-22/yipu/da/53/29/01/21800022/00008627/5329012180002200008627-A-0003_wm.jpg|http://www.museumschina.cn/img/waterMark/2019-01-02-14-28-22/yipu/da/53/29/01/21800022/00008627/5329012180002200008627-A-0004_wm.jpg|http://www.museumschina.cn/img/waterMark/2019-01-02-14-28-22/yipu/da/53/29/01/21800022/00008627/5329012180002200008627-A-0005_wm.jpg|http://www.museumschina.cn/img/waterMark/2019-01-02-14-28-22/yipu/da/53/29/01/21800022/00008627/5329012180002200008627-A-0006_wm.jpg
https://www.museumschina.cn/collection/details?id=55C598D0277E456480D8B76FFB496F7F,http://www.museumschina.cn/img/waterMark/2019-01-02-14-28-22/yipu/da/31/01/18/21800002/00002621/3101182180000200002621-A-0001_wm.jpg,陶纺轮,青浦区博物馆,陶器,新石器时代,二级,1989,单一/无机质/陶,http://www.museumschina.cn/img/waterMark/2019-01-02-14-28-22/yipu/da/31/01/18/21800002/00002621/3101182180000200002621-A-0001_wm.jpg|http://www.museumschina.cn/img/waterMark/2019-01-02-14-28-22/yipu/da/31/01/18/21800002/00002621/3101182180000200002621-F-0001_wm.jpg
https://www.museumschina.cn/collection/details?id=5654b58738f44179b232cf15e6a24fa2,http://www.museumschina.cn/img/waterMark/2019-01-02-14-28-22/yipu/da/35/05/03/21800007/10004191/3505032180000710004191-A-0001_wm.jpg,新石器时代陶拍,晋江市博物馆,陶器,新石器时代,三级,1979,单一/无机质/陶,http://www.museumschina.cn/img/waterMark/2019-01-02-14-28-22/yipu/da/35/05/03/21800007/10004191/3505032180000710004191-A-0001_wm.jpg|http://www.museumschina.cn/img/waterMark/2019-01-02-14-28-22/yipu/da/35/05/03/21800007/10004191/3505032180000710004191-C-0001_wm.jpg|http://www.museumschina.cn/img/waterMark/2019-01-02-14-28-22/yipu/da/35/05/03/21800007/10004191/3505032180000710004191-C-0002_wm.jpg|http://www.museumschina.cn/img/waterMark/2019-01-02-14-28-22/yipu/da/35/05/03/21800007/10004191/3505032180000710004191-C-0003_wm.jpg|http://www.museumschina.cn/img/waterMark/2019-01-02-14-28-22/yipu/da/35/05/03/21800007/10004191/3505032180000710004191-C-0004_wm.jpg|http://www.museumschina.cn/img/waterMark/2019-01-02-14-28-22/yipu/da/35/05/03/21800007/10004191/3505032180000710004191-C-0005_wm.jpg|http://www.museumschina.cn/img/waterMark/2019-01-02-14-28-22/yipu/da/35/05/03/21800007/10004191/3505032180000710004191-C-0006_wm.jpg|http://www.museumschina.cn/img/waterMark/2019-01-02-14-28-22/yipu/da/35/05/03/21800007/10004191/3505032180000710004191-C-0007_wm.jpg|http://www.museumschina.cn/img/waterMark/2019-01-02-14-28-22/yipu/da/35/05/03/21800007/10004191/3505032180000710004191-C-0008_wm.jpg|http://www.museumschina.cn/img/waterMark/2019-01-02-14-28-22/yipu/da/35/05/03/21800007/10004191/3505032180000710004191-F-0001_wm.jpg
https://www.museumschina.cn/collection/details?id=56E671C8C0794AD4AD61CD2AA0B10F31,http://www.museumschina.cn/img/waterMark/2019-01-02-14-28-22/yipu/da/33/02/25/21800001/00000235/3302252180000100000235-A-0001_wm.jpg,新石器时代夹碳陶釜,浙江省宁波市象山县数字博物馆,陶器,新石器时代,一般,2000,单一/无机质/陶,http://www.museumschina.cn/img/waterMark/2019-01-02-14-28-22/yipu/da/33/02/25/21800001/00000235/3302252180000100000235-A-0001_wm.jpg|http://www.museumschina.cn/img/waterMark/2019-01-02-14-28-22/yipu/da/33/02/25/21800001/00000235/3302252180000100000235-B-0001_wm.jpg|http://www.museumschina.cn/img/waterMark/2019-01-02-14-28-22/yipu/da/33/02/25/21800001/00000235/3302252180000100000235-F-0001_wm.jpg
https://www.museumschina.cn/collection/details?id=570fcabcc4e049858650dc0cf2256cdc,http://www.museumschina.cn/img/waterMark/2019-01-02-14-28-22/yipu/da/44/08/23/21800001/00000138/4408232180000100000138-A-0001_wm.jpg,新石器时代彩陶四大圆圈十字纹双耳壶,遂溪县博物馆,陶器,新石器时代,三级,1988,单一/-/-,http://www.museumschina.cn/img/waterMark/2019-01-02-14-28-22/yipu/da/44/08/23/21800001/00000138/4408232180000100000138-A-0001_wm.jpg|http://www.museumschina.cn/img/waterMark/2019-01-02-14-28-22/yipu/da/44/08/23/21800001/00000138/4408232180000100000138-A-0002_wm.jpg|http://www.museumschina.cn/img/waterMark/2019-01-02-14-28-22/yipu/da/44/08/23/21800001/00000138/4408232180000100000138-A-0003_wm.jpg|http://www.museumschina.cn/img/waterMark/2019-01-02-14-28-22/yipu/da/44/08/23/21800001/00000138/4408232180000100000138-B-0001_wm.jpg|http://www.museumschina.cn/img/waterMark/2019-01-02-14-28-22/yipu/da/44/08/23/21800001/00000138/4408232180000100000138-C-0001_wm.jpg|http://www.museumschina.cn/img/waterMark/2019-01-02-14-28-22/yipu/da/44/08/23/21800001/00000138/4408232180000100000138-C-0002_wm.jpg|http://www.museumschina.cn/img/waterMark/2019-01-02-14-28-22/yipu/da/44/08/23/21800001/00000138/4408232180000100000138-E-0001_wm.jpg|http://www.museumschina.cn/img/waterMark/2019-01-02-14-28-22/yipu/da/44/08/23/21800001/00000138/4408232180000100000138-E-0002_wm.jpg|http://www.museumschina.cn/img/waterMark/2019-01-02-14-28-22/yipu/da/44/08/23/21800001/00000138/4408232180000100000138-F-0001_wm.jpg
https://www.museumschina.cn/collection/details?id=586d34ef854940229dd2fd226a0e92a3,http://www.museumschina.cn/img/waterMark/2019-01-02-14-28-22/yipu/da/35/04/25/21800004/10000538/3504252180000410000538-A-0001_wm.jpg,新石器时代陶纺轮,泉州市博物馆,陶器,新石器时代,三级,2007,单一/无机质/陶,http://www.museumschina.cn/img/waterMark/2019-01-02-14-28-22/yipu/da/35/04/25/21800004/10000538/3504252180000410000538-A-0001_wm.jpg|http://www.museumschina.cn/img/waterMark/2019-01-02-14-28-22/yipu/da/35/04/25/21800004/10000538/3504252180000410000538-A-0002_wm.jpg|http://www.museumschina.cn/img/waterMark/2019-01-02-14-28-22/yipu/da/35/04/25/21800004/10000538/3504252180000410000538-A-0003_wm.jpg|http://www.museumschina.cn/img/waterMark/2019-01-02-14-28-22/yipu/da/35/04/25/21800004/10000538/3504252180000410000538-A-0004_wm.jpg|http://www.museumschina.cn/img/waterMark/2019-01-02-14-28-22/yipu/da/35/04/25/21800004/10000538/3504252180000410000538-B-0001_wm.jpg|http://www.museumschina.cn/img/waterMark/2019-01-02-14-28-22/yipu/da/35/04/25/21800004/10000538/3504252180000410000538-F-0001_wm.jpg
https://www.museumschina.cn/collection/details?id=588DB23ED9BF4072A5369BD104569DCA,http://www.museumschina.cn/img/waterMark/2019-01-02-14-28-22/yipu/da/44/12/25/21800001/00008250/4412252180000100008250-A-0001_wm.jpg,新石器时代彩陶双系高颈罐,封开县博物馆,陶器,新石器时代,二级,1988,单一/无机质/陶,http://www.museumschina.cn/img/waterMark/2019-01-02-14-28-22/yipu/da/44/12/25/21800001/00008250/4412252180000100008250-A-0001_wm.jpg|http://www.museumschina.cn/img/waterMark/2019-01-02-14-28-22/yipu/da/44/12/25/21800001/00008250/4412252180000100008250-B-0001_wm.jpg|http://www.museumschina.cn/img/waterMark/2019-01-02-14-28-22/yipu/da/44/12/25/21800001/00008250/4412252180000100008250-C-0001_wm.jpg|http://www.museumschina.cn/img/waterMark/2019-01-02-14-28-22/yipu/da/44/12/25/21800001/00008250/4412252180000100008250-C-0002_wm.jpg|http://www.museumschina.cn/img/waterMark/2019-01-02-14-28-22/yipu/da/44/12/25/21800001/00008250/4412252180000100008250-C-0003_wm.jpg|http://www.museumschina.cn/img/waterMark/2019-01-02-14-28-22/yipu/da/44/12/25/21800001/00008250/4412252180000100008250-F-0001_wm.jpg
https://www.museumschina.cn/collection/details?id=589205F7EC9E4ECD9D0282979F8BB7E2,http://www.museumschina.cn/img/waterMark/2019-01-02-14-28-22/yipu/da/44/09/23/21800001/00000056/4409232180000100000056-A-0001_wm.jpg,新石器时代彩陶编织纹双耳大罐,电白县博物馆,陶器,新石器时代,二级,1990,单一/无机质/陶,http://www.museumschina.cn/img/waterMark/2019-01-02-14-28-22/yipu/da/44/09/23/21800001/00000056/4409232180000100000056-A-0001_wm.jpg|http://www.museumschina.cn/img/waterMark/2019-01-02-14-28-22/yipu/da/44/09/23/21800001/00000056/4409232180000100000056-B-0001_wm.jpg|http://www.museumschina.cn/img/waterMark/2019-01-02-14-28-22/yipu/da/44/09/23/21800001/00000056/4409232180000100000056-C-0001_wm.jpg|http://www.museumschina.cn/img/waterMark/2019-01-02-14-28-22/yipu/da/44/09/23/21800001/00000056/4409232180000100000056-F-0001_wm.jpg
https://www.museumschina.cn/collection/details?id=5A1213B2DB094BC6B33663B189B0D458,http://www.museumschina.cn/img/waterMark/2019-01-02-14-28-22/yipu/da/53/06/21/21800002/00000672/5306212180000200000672-A-0001_wm.jpg,新石器时代野石山遗址磨光单耳黑陶罐,云南省昭通市鲁甸县数字博物馆,陶器,新石器时代,三级,2006,单一/无机质/陶,http://www.museumschina.cn/img/waterMark/2019-01-02-14-28-22/yipu/da/53/06/21/21800002/00000672/5306212180000200000672-A-0001_wm.jpg|http://www.museumschina.cn/img/waterMark/2019-01-02-14-28-22/yipu/da/53/06/21/21800002/00000672/5306212180000200000672-B-0001_wm.jpg|http://www.museumschina.cn/img/waterMark/2019-01-02-14-28-22/yipu/da/53/06/21/21800002/00000672/5306212180000200000672-F-0001_wm.jpg
https://www.museumschina.cn/collection/details?id=5a34c5b448454a01b4bcc73415238ba6,http://www.museumschina.cn/img/waterMark/2019-01-02-14-28-22/yipu/da/62/11/24/21800003/00001123/6211242180000300001123-A-0003_wm.jpg,新石器时代马家窑文化锯齿纹彩陶单耳罐,临洮县博物馆,陶器,新石器时代,三级,1992,单一/无机质/陶,http://www.museumschina.cn/img/waterMark/2019-01-02-14-28-22/yipu/da/62/11/24/21800003/00001123/6211242180000300001123-A-0003_wm.jpg|http://www.museumschina.cn/img/waterMark/2019-01-02-14-28-22/yipu/da/62/11/24/21800003/00001123/6211242180000300001123-B-0001_wm.jpg|http://www.museumschina.cn/img/waterMark/2019-01-02-14-28-22/yipu/da/62/11/24/21800003/00001123/6211242180000300001123-F-0001_wm.jpg
https://www.museumschina.cn/collection/details?id=5A572F1541E44309BCDDA7F46C0FDE1B,http://www.museumschina.cn/img/waterMark/2019-01-02-14-28-22/yipu/da/53/29/28/21800003/00002011/5329282180000300002011-A-0001_wm.jpg,新石器时代新光遗址陶罐（残）,云南省大理白族自治州永平县数字博物馆,陶器,新石器时代,一般,1997,单一/无机质/陶,http://www.museumschina.cn/img/waterMark/2019-01-02-14-28-22/yipu/da/53/29/28/21800003/00002011/5329282180000300002011-A-0001_wm.jpg
https://www.museumschina.cn/collection/details?id=5C44FA983FFF4419AC160214A3B4411D,http://www.museumschina.cn/img/waterMark/2019-01-02-14-28-22/yipu/da/44/16/21/21800001/00000563/4416212180000100000563-A-0001_wm.jpg,新石器时代彩绘方格纹双耳陶壶,紫金县博物馆,陶器,新石器时代,三级,1990,单一/无机质/陶,http://www.museumschina.cn/img/waterMark/2019-01-02-14-28-22/yipu/da/44/16/21/21800001/00000563/4416212180000100000563-A-0001_wm.jpg|http://www.museumschina.cn/img/waterMark/2019-01-02-14-28-22/yipu/da/44/16/21/21800001/00000563/4416212180000100000563-A-0002_wm.jpg|http://www.museumschina.cn/img/waterMark/2019-01-02-14-28-22/yipu/da/44/16/21/21800001/00000563/4416212180000100000563-B-0001_wm.jpg|http://www.museumschina.cn/img/waterMark/2019-01-02-14-28-22/yipu/da/44/16/21/21800001/00000563/4416212180000100000563-C-0002_wm.jpg|http://www.museumschina.cn/img/waterMark/2019-01-02-14-28-22/yipu/da/44/16/21/21800001/00000563/4416212180000100000563-F-0001_wm.jpg
https://www.museumschina.cn/collection/details?id=5CD594837048470C90388D8F1A293EF9,http://www.museumschina.cn/img/waterMark/2019-01-02-14-28-22/yipu/da/53/09/27/21800001/00000178/5309272180000100000178-A-0001_wm.jpg,新石器时代沧源崖画八号点弦纹点线纹黑褐色陶片,云南省临沧市沧源佤族自治县数字博物馆,陶器,新石器时代,一般,2005,单一/无机质/陶,http://www.museumschina.cn/img/waterMark/2019-01-02-14-28-22/yipu/da/53/09/27/21800001/00000178/5309272180000100000178-A-0001_wm.jpg|http://www.museumschina.cn/img/waterMark/2019-01-02-14-28-22/yipu/da/53/09/27/21800001/00000178/5309272180000100000178-D-0001_wm.jpg|http://www.museumschina.cn/img/waterMark/2019-01-02-14-28-22/yipu/da/53/09/27/21800001/00000178/5309272180000100000178-E-0001_wm.jpg
https://www.museumschina.cn/collection/details?id=5DD25F771BD542AB8E2E26CFA63587DF,http://www.museumschina.cn/img/waterMark/2019-01-02-14-28-22/yipu/da/62/29/24/21800001/00000053/6229242180000100000053-A-0001_wm.jpg,新石器时代齐家文化加砂素陶鬲,广河县齐家文化博物馆,陶器,新石器时代,二级,1985,单一/无机质/陶,http://www.museumschina.cn/img/waterMark/2019-01-02-14-28-22/yipu/da/62/29/24/21800001/00000053/6229242180000100000053-A-0001_wm.jpg|http://www.museumschina.cn/img/waterMark/2019-01-02-14-28-22/yipu/da/62/29/24/21800001/00000053/6229242180000100000053-B-0001_wm.jpg|http://www.museumschina.cn/img/waterMark/2019-01-02-14-28-22/yipu/da/62/29/24/21800001/00000053/6229242180000100000053-C-0001_wm.jpg|http://www.museumschina.cn/img/waterMark/2019-01-02-14-28-22/yipu/da/62/29/24/21800001/00000053/6229242180000100000053-F-0001_wm.jpg
https://www.museumschina.cn/collection/details?id=5DEB9EA78507413688511429B5835D51,http://www.museumschina.cn/img/waterMark/2019-01-02-14-28-22/yipu/da/62/05/22/21800002/00002409/6205222180000200002409-A-0001_wm.jpg,仰韶文化半坡类型变体鱼纹彩陶钵,秦安县博物馆,陶器,新石器时代,一级,1978,单一/无机质/陶,http://www.museumschina.cn/img/waterMark/2019-01-02-14-28-22/yipu/da/62/05/22/21800002/00002409/6205222180000200002409-A-0001_wm.jpg|http://www.museumschina.cn/img/waterMark/2019-01-02-14-28-22/yipu/da/62/05/22/21800002/00002409/6205222180000200002409-A-0002_wm.jpg
https://www.museumschina.cn/collection/details?id=4DCE3C53AD6A4FE8A1E638A8567DE3BB,http://www.museumschina.cn/img/waterMark/2019-01-02-14-28-22/yipu/da/44/06/07/21800001/00000958/4406072180000100000958-A-0001_wm.jpg,新石器时代网纹彩陶双耳罐,三水区博物馆,陶器,新石器时代,三级,1987,单一/无机质/陶,http://www.museumschina.cn/img/waterMark/2019-01-02-14-28-22/yipu/da/44/06/07/21800001/00000958/4406072180000100000958-A-0001_wm.jpg|http://www.museumschina.cn/img/waterMark/2019-01-02-14-28-22/yipu/da/44/06/07/21800001/00000958/4406072180000100000958-B-0001_wm.jpg|http://www.museumschina.cn/img/waterMark/2019-01-02-14-28-22/yipu/da/44/06/07/21800001/00000958/4406072180000100000958-C-0001_wm.jpg|http://www.museumschina.cn/img/waterMark/2019-01-02-14-28-22/yipu/da/44/06/07/21800001/00000958/4406072180000100000958-C-0002_wm.jpg|http://www.museumschina.cn/img/waterMark/2019-01-02-14-28-22/yipu/da/44/06/07/21800001/00000958/4406072180000100000958-F-0001_wm.jpg
https://www.museumschina.cn/collection/details?id=4DCE3C53AD6A4FE8A1E638A8567DE3BB,http://www.museumschina.cn/img/waterMark/2019-01-02-14-28-22/yipu/da/44/06/07/21800001/00000958/4406072180000100000958-A-0001_wm.jpg,新石器时代网纹彩陶双耳罐,三水区博物馆,陶器,新石器时代,三级,1987,单一/无机质/陶,http://www.museumschina.cn/img/waterMark/2019-01-02-14-28-22/yipu/da/44/06/07/21800001/00000958/4406072180000100000958-A-0001_wm.jpg|http://www.museumschina.cn/img/waterMark/2019-01-02-14-28-22/yipu/da/44/06/07/21800001/00000958/4406072180000100000958-B-0001_wm.jpg|http://www.museumschina.cn/img/waterMark/2019-01-02-14-28-22/yipu/da/44/06/07/21800001/00000958/4406072180000100000958-C-0001_wm.jpg|http://www.museumschina.cn/img/waterMark/2019-01-02-14-28-22/yipu/da/44/06/07/21800001/00000958/4406072180000100000958-C-0002_wm.jpg|http://www.museumschina.cn/img/waterMark/2019-01-02-14-28-22/yipu/da/44/06/07/21800001/00000958/4406072180000100000958-F-0001_wm.jpg
https://www.museumschina.cn/collection/details?id=4E31431EC7FC428BB174F8C1C248FAFB,http://www.museumschina.cn/img/waterMark/2019-01-02-14-28-22/yipu/da/44/08/82/21800001/00002327/4408822180000100002327-A-0001_wm.jpg,新石器时代折线锯齿纹单耳彩陶壶,雷州市博物馆,陶器,新石器时代,二级,1988,单一/无机质/陶,http://www.museumschina.cn/img/waterMark/2019-01-02-14-28-22/yipu/da/44/08/82/21800001/00002327/4408822180000100002327-A-0001_wm.jpg|http://www.museumschina.cn/img/waterMark/2019-01-02-14-28-22/yipu/da/44/08/82/21800001/00002327/4408822180000100002327-B-0001_wm.jpg|http://www.museumschina.cn/img/waterMark/2019-01-02-14-28-22/yipu/da/44/08/82/21800001/00002327/4408822180000100002327-C-0001_wm.jpg|http://www.museumschina.cn/img/waterMark/2019-01-02-14-28-22/yipu/da/44/08/82/21800001/00002327/4408822180000100002327-C-0002_wm.jpg|http://www.museumschina.cn/img/waterMark/2019-01-02-14-28-22/yipu/da/44/08/82/21800001/00002327/4408822180000100002327-C-0003_wm.jpg|http://www.museumschina.cn/img/waterMark/2019-01-02-14-28-22/yipu/da/44/08/82/21800001/00002327/4408822180000100002327-E-0001_wm.jpg|http://www.museumschina.cn/img/waterMark/2019-01-02-14-28-22/yipu/da/44/08/82/21800001/00002327/4408822180000100002327-E-0002_wm.jpg|http://www.museumschina.cn/img/waterMark/2019-01-02-14-28-22/yipu/da/44/08/82/21800001/00002327/4408822180000100002327-F-0001_wm.jpg
https://www.museumschina.cn/collection/details?id=4F5C766D9E8F4B1F88E22C645EAD19AD,http://www.museumschina.cn/img/waterMark/2019-01-02-14-28-22/yipu/da/33/02/81/21800002/00002681/3302812180000200002681-A-0001_wm.jpg,新石器时代河姆渡文化夹碳黑陶纺轮,余姚市河姆渡遗址博物馆,陶器,新石器时代,二级,1992,单一/无机质/陶,http://www.museumschina.cn/img/waterMark/2019-01-02-14-28-22/yipu/da/33/02/81/21800002/00002681/3302812180000200002681-A-0001_wm.jpg|http://www.museumschina.cn/img/waterMark/2019-01-02-14-28-22/yipu/da/33/02/81/21800002/00002681/3302812180000200002681-A-0002_wm.jpg|http://www.museumschina.cn/img/waterMark/2019-01-02-14-28-22/yipu/da/33/02/81/21800002/00002681/3302812180000200002681-C-0001_wm.jpg|http://www.museumschina.cn/img/waterMark/2019-01-02-14-28-22/yipu/da/33/02/81/21800002/00002681/3302812180000200002681-D-0001_wm.jpg|http://www.museumschina.cn/img/waterMark/2019-01-02-14-28-22/yipu/da/33/02/81/21800002/00002681/3302812180000200002681-D-0002_wm.jpg
https://www.museumschina.cn/collection/details?id=4F67BD06A3F541C2A7A7D7AED2808219,http://www.museumschina.cn/img/waterMark/2019-01-02-14-28-22/yipu/da/53/09/27/21800001/00000142/5309272180000100000142-A-0001_wm.jpg,新石器时代褐色弦纹点线纹陶片,云南省临沧市沧源佤族自治县数字博物馆,陶器,新石器时代,一般,2005,单一/无机质/陶,http://www.museumschina.cn/img/waterMark/2019-01-02-14-28-22/yipu/da/53/09/27/21800001/00000142/5309272180000100000142-A-0001_wm.jpg|http://www.museumschina.cn/img/waterMark/2019-01-02-14-28-22/yipu/da/53/09/27/21800001/00000142/5309272180000100000142-E-0001_wm.jpg
https://www.museumschina.cn/collection/details?id=501ebc56471541fda79629aef206bbc4,http://www.museumschina.cn/img/waterMark/2019-01-02-14-28-22/yipu/da/62/01/23/21800001/00002980/6201232180000100002980-A-0001_wm.jpg,半山类型菱格纹双耳彩陶罐,榆中县博物馆,陶器,新石器时代,一级,1988,单一/无机质/陶,http://www.museumschina.cn/img/waterMark/2019-01-02-14-28-22/yipu/da/62/01/23/21800001/00002980/6201232180000100002980-A-0001_wm.jpg|http://www.museumschina.cn/img/waterMark/2019-01-02-14-28-22/yipu/da/62/01/23/21800001/00002980/6201232180000100002980-B-0001_wm.jpg|http://www.museumschina.cn/img/waterMark/2019-01-02-14-28-22/yipu/da/62/01/23/21800001/00002980/6201232180000100002980-C-0001_wm.jpg|http://www.museumschina.cn/img/waterMark/2019-01-02-14-28-22/yipu/da/62/01/23/21800001/00002980/6201232180000100002980-C-0002_wm.jpg
https://www.museumschina.cn/collection/details?id=5045a0e68b5b47488d30a48eec1bd66a,http://www.museumschina.cn/img/waterMark/2019-01-02-14-28-22/yipu/da/44/14/23/21800004/80000059/4414232180000480000059-A-1010_wm.jpg,新石器时期彩绘回纹双耳陶罐,丰顺县博物馆,陶器,新石器时代,二级,1988,单一/无机质/陶,http://www.museumschina.cn/img/waterMark/2019-01-02-14-28-22/yipu/da/44/14/23/21800004/80000059/4414232180000480000059-A-1010_wm.jpg|http://www.museumschina.cn/img/waterMark/2019-01-02-14-28-22/yipu/da/44/14/23/21800004/80000059/4414232180000480000059-A-1011_wm.jpg|http://www.museumschina.cn/img/waterMark/2019-01-02-14-28-22/yipu/da/44/14/23/21800004/80000059/4414232180000480000059-A-1012_wm.jpg|http://www.museumschina.cn/img/waterMark/2019-01-02-14-28-22/yipu/da/44/14/23/21800004/80000059/4414232180000480000059-A-1013_wm.jpg|http://www.museumschina.cn/img/waterMark/2019-01-02-14-28-22/yipu/da/44/14/23/21800004/80000059/4414232180000480000059-B-0001_wm.jpg|http://www.museumschina.cn/img/waterMark/2019-01-02-14-28-22/yipu/da/44/14/23/21800004/80000059/4414232180000480000059-C-0001_wm.jpg
https://www.museumschina.cn/collection/details?id=516244F35AB043519EA51440F693E703,http://www.museumschina.cn/img/waterMark/2019-01-02-14-28-22/yipu/da/62/05/22/21800002/00002378/6205222180000200002378-A-0001_wm.jpg,马家窑文化马家窑类型弦纹双耳四鋬彩陶瓮,秦安县博物馆,陶器,新石器时代,一级,1978,单一/无机质/陶,http://www.museumschina.cn/img/waterMark/2019-01-02-14-28-22/yipu/da/62/05/22/21800002/00002378/6205222180000200002378-A-0001_wm.jpg|http://www.museumschina.cn/img/waterMark/2019-01-02-14-28-22/yipu/da/62/05/22/21800002/00002378/6205222180000200002378-A-0002_wm.jpg
https://www.museumschina.cn/collection/details?id=5184e3fa10ed4c61b47f66f8d8ed99f8,http://www.museumschina.cn/img/waterMark/2019-01-02-14-28-22/yipu/da/46/90/21/21800001/10005844/4690212180000110005844-A-0001_wm.jpg,新石器双耳彩陶罐,定安县博物馆,陶器,新石器时代,三级,1987,单一/无机质/陶,http://www.museumschina.cn/img/waterMark/2019-01-02-14-28-22/yipu/da/46/90/21/21800001/10005844/4690212180000110005844-A-0001_wm.jpg|http://www.museumschina.cn/img/waterMark/2019-01-02-14-28-22/yipu/da/46/90/21/21800001/10005844/4690212180000110005844-B-0001_wm.jpg|http://www.museumschina.cn/img/waterMark/2019-01-02-14-28-22/yipu/da/46/90/21/21800001/10005844/4690212180000110005844-F-0001_wm.jpg
https://www.museumschina.cn/collection/details?id=5204B19A870A45948A7AA58A062BF334,http://www.museumschina.cn/img/waterMark/2019-01-02-14-28-22/yipu/da/44/16/21/21800001/00000562/4416212180000100000562-A-0001_wm.jpg,新石器时代彩绘水波纹双耳陶壶,紫金县博物馆,陶器,新石器时代,三级,1990,单一/无机质/陶,http://www.museumschina.cn/img/waterMark/2019-01-02-14-28-22/yipu/da/44/16/21/21800001/00000562/4416212180000100000562-A-0001_wm.jpg|http://www.museumschina.cn/img/waterMark/2019-01-02-14-28-22/yipu/da/44/16/21/21800001/00000562/4416212180000100000562-A-0002_wm.jpg|http://www.museumschina.cn/img/waterMark/2019-01-02-14-28-22/yipu/da/44/16/21/21800001/00000562/4416212180000100000562-A-0003_wm.jpg|http://www.museumschina.cn/img/waterMark/2019-01-02-14-28-22/yipu/da/44/16/21/21800001/00000562/4416212180000100000562-A-0004_wm.jpg|http://www.museumschina.cn/img/waterMark/2019-01-02-14-28-22/yipu/da/44/16/21/21800001/00000562/4416212180000100000562-A-0005_wm.jpg
https://www.museumschina.cn/collection/details?id=521c6521e1c745f99063fd6d7e486c65,http://www.museumschina.cn/img/waterMark/2019-01-02-14-28-22/yipu/da/62/10/27/21800001/00000008/6210272180000100000008-A-0001_wm.jpg,新石器时代仰韶文化红陶圜底钵,镇原县博物馆,陶器,新石器时代,一级,1978,单一/无机质/陶,http://www.museumschina.cn/img/waterMark/2019-01-02-14-28-22/yipu/da/62/10/27/21800001/00000008/6210272180000100000008-A-0001_wm.jpg
https://www.museumschina.cn/collection/details?id=5283B5AE447F4AFCB9621E5C45F1B3D8,http://www.museumschina.cn/img/waterMark/2019-01-02-14-28-22/yipu/da/33/04/21/21800002/00002602/3304212180000200002602-A-0001_wm.jpg,新石器时代崧泽文化陶纺轮,嘉善县博物馆（嘉善县文物保护所）,陶器,新石器时代,一般,,单一/无机质/陶,http://www.museumschina.cn/img/waterMark/2019-01-02-14-28-22/yipu/da/33/04/21/21800002/00002602/3304212180000200002602-A-0001_wm.jpg|http://www.museumschina.cn/img/waterMark/2019-01-02-14-28-22/yipu/da/33/04/21/21800002/00002602/3304212180000200002602-C-0001_wm.jpg|http://www.museumschina.cn/img/waterMark/2019-01-02-14-28-22/yipu/da/33/04/21/21800002/00002602/3304212180000200002602-F-0001_wm.jpg
https://www.museumschina.cn/collection/details?id=52a847d3d4184859beec5d6dc34e0245,http://www.museumschina.cn/img/waterMark/2019-01-02-14-28-22/yipu/da/12/01/14/21800003/00000326/1201142180000300000326-A-0001_wm.jpg,新石器时代彩陶小罐,天津市武清区博物馆,陶器,新石器时代,未定级,,单一/无机质/陶,http://www.museumschina.cn/img/waterMark/2019-01-02-14-28-22/yipu/da/12/01/14/21800003/00000326/1201142180000300000326-A-0001_wm.jpg
https://www.museumschina.cn/collection/details?id=53717AAAF2424A5596D9085A1A8435C1,http://www.museumschina.cn/img/waterMark/2019-01-02-14-28-22/yipu/da/33/10/81/21800004/00000350/3310812180000400000350-A-0001_wm.jpg,新石器时代马家窑文化几何纹彩陶钵,浙江省台州市温岭市数字博物馆,陶器,新石器时代,未定级,2009,单一/无机质/陶,http://www.museumschina.cn/img/waterMark/2019-01-02-14-28-22/yipu/da/33/10/81/21800004/00000350/3310812180000400000350-A-0001_wm.jpg|http://www.museumschina.cn/img/waterMark/2019-01-02-14-28-22/yipu/da/33/10/81/21800004/00000350/3310812180000400000350-B-0001_wm.jpg|http://www.museumschina.cn/img/waterMark/2019-01-02-14-28-22/yipu/da/33/10/81/21800004/00000350/3310812180000400000350-D-0001_wm.jpg|http://www.museumschina.cn/img/waterMark/2019-01-02-14-28-22/yipu/da/33/10/81/21800004/00000350/3310812180000400000350-F-0001_wm.jpg
https://www.museumschina.cn/collection/details?id=53d4ac45e84b4a21a18bdcb8fcbc5f15,http://www.museumschina.cn/img/waterMark/2019-01-02-14-28-22/yipu/da/62/08/26/21800001/00000321/6208262180000100000321-A-0001_wm.jpg,马家窑文化旋涡纹彩陶罐,静宁县博物馆,陶器,新石器时代,二级,1990,单一/无机质/陶,http://www.museumschina.cn/img/waterMark/2019-01-02-14-28-22/yipu/da/62/08/26/21800001/00000321/6208262180000100000321-A-0001_wm.jpg|http://www.museumschina.cn/img/waterMark/2019-01-02-14-28-22/yipu/da/62/08/26/21800001/00000321/6208262180000100000321-B-0001_wm.jpg|http://www.museumschina.cn/img/waterMark/2019-01-02-14-28-22/yipu/da/62/08/26/21800001/00000321/6208262180000100000321-F-0001_wm.jpg
https://www.museumschina.cn/collection/details?id=53e2a4998cba44d2935512ad477c43a1,http://www.museumschina.cn/img/waterMark/2019-01-02-14-28-22/yipu/da/62/10/25/21800001/00000155/6210252180000100000155-A-0001_wm.jpg,新石器时代仰韶文化几何纹彩陶钵,正宁县博物馆,陶器,新石器时代,二级,1988,单一/无机质/陶,http://www.museumschina.cn/img/waterMark/2019-01-02-14-28-22/yipu/da/62/10/25/21800001/00000155/6210252180000100000155-A-0001_wm.jpg|http://www.museumschina.cn/img/waterMark/2019-01-02-14-28-22/yipu/da/62/10/25/21800001/00000155/6210252180000100000155-C-0001_wm.jpg|http://www.museumschina.cn/img/waterMark/2019-01-02-14-28-22/yipu/da/62/10/25/21800001/00000155/6210252180000100000155-C-0002_wm.jpg|http://www.museumschina.cn/img/waterMark/2019-01-02-14-28-22/yipu/da/62/10/25/21800001/00000155/6210252180000100000155-E-0001_wm.jpg|http://www.museumschina.cn/img/waterMark/2019-01-02-14-28-22/yipu/da/62/10/25/21800001/00000155/6210252180000100000155-F-0001_wm.jpg
https://www.museumschina.cn/collection/details?id=541eb3b43c124f78ae1ee8affa0201ad,http://www.museumschina.cn/img/waterMark/2019-01-02-14-28-22/yipu/da/35/08/25/21800003/10000125/3508252180000310000125-D-0001_wm.jpg,新石器时代陶纺轮,福安市博物馆,陶器,新石器时代,一般,1985,单一/无机质/陶,http://www.museumschina.cn/img/waterMark/2019-01-02-14-28-22/yipu/da/35/08/25/21800003/10000125/3508252180000310000125-D-0001_wm.jpg|http://www.museumschina.cn/img/waterMark/2019-01-02-14-28-22/yipu/da/35/08/25/21800003/10000125/3508252180000310000125-D-0002_wm.jpg
https://www.museumschina.cn/collection/details?id=5497bddd96784b41ab69ea76f05c40e2,http://www.museumschina.cn/img/waterMark/2019-01-02-14-28-22/yipu/da/33/11/26/21800003/00000253/3311262180000300000253-A-0001_wm.jpg,新石器时代泥质黑陶片,庆元县廊桥博物馆,陶器,新石器时代,一般,1986,单一/无机质/陶,http://www.museumschina.cn/img/waterMark/2019-01-02-14-28-22/yipu/da/33/11/26/21800003/00000253/3311262180000300000253-A-0001_wm.jpg|http://www.museumschina.cn/img/waterMark/2019-01-02-14-28-22/yipu/da/33/11/26/21800003/00000253/3311262180000300000253-C-0001_wm.jpg|http://www.museumschina.cn/img/waterMark/2019-01-02-14-28-22/yipu/da/33/11/26/21800003/00000253/3311262180000300000253-F-0001_wm.jpg
https://www.museumschina.cn/collection/details?id=54A0ABF3997F425EB134D1450F542A92,http://www.museumschina.cn/img/waterMark/2019-01-02-14-28-22/yipu/da/44/14/21/21800001/00000016/4414212180000100000016-A-0001_wm.jpg,新石器时代彩陶方格纹双耳壶,梅县区博物馆,陶器,新石器时代,二级,1988,单一/无机质/陶,http://www.museumschina.cn/img/waterMark/2019-01-02-14-28-22/yipu/da/44/14/21/21800001/00000016/4414212180000100000016-A-0001_wm.jpg|http://www.museumschina.cn/img/waterMark/2019-01-02-14-28-22/yipu/da/44/14/21/21800001/00000016/4414212180000100000016-B-0001_wm.jpg|http://www.museumschina.cn/img/waterMark/2019-01-02-14-28-22/yipu/da/44/14/21/21800001/00000016/4414212180000100000016-B-0002_wm.jpg|http://www.museumschina.cn/img/waterMark/2019-01-02-14-28-22/yipu/da/44/14/21/21800001/00000016/4414212180000100000016-F-0001_wm.jpg
https://www.museumschina.cn/collection/details?id=54d5ac53f94d4be2a1f5e74b9fb62635,http://www.museumschina.cn/img/waterMark/2019-01-02-14-28-22/yipu/da/62/30/24/21800001/00000055/6230242180000100000055-A-0001_wm.jpg,新石器时代·单系灰陶壶,甘肃省甘南藏族自治州迭部县数字博物馆,陶器,新石器时代,未定级,1988,单一/无机质/陶,http://www.museumschina.cn/img/waterMark/2019-01-02-14-28-22/yipu/da/62/30/24/21800001/00000055/6230242180000100000055-A-0001_wm.jpg
https://www.museumschina.cn/collection/details?id=54d8bc4216b54319a49d798d43672384,http://www.museumschina.cn/img/waterMark/2019-01-02-14-28-22/yipu/da/62/06/23/21800001/00000036/6206232180000100000036-A-0001_wm.jpg,新石器时代寺洼文化捏塑纹单耳三足陶鬲,天祝藏族自治县博物馆,陶器,新石器时代,二级,1994,单一/无机质/陶,http://www.museumschina.cn/img/waterMark/2019-01-02-14-28-22/yipu/da/62/06/23/21800001/00000036/6206232180000100000036-A-0001_wm.jpg|http://www.museumschina.cn/img/waterMark/2019-01-02-14-28-22/yipu/da/62/06/23/21800001/00000036/6206232180000100000036-B-0001_wm.jpg
https://www.museumschina.cn/collection/details?id=456EB52820D1496095EE574C5D48F80E,http://www.museumschina.cn/img/waterMark/2019-01-02-14-28-22/yipu/da/33/02/81/21800002/00002932/3302812180000200002932-B-0001_wm.jpg,新石器时代河姆渡文化夹碳黑陶钵,余姚市河姆渡遗址博物馆,陶器,新石器时代,二级,1992,单一/无机质/陶,http://www.museumschina.cn/img/waterMark/2019-01-02-14-28-22/yipu/da/33/02/81/21800002/00002932/3302812180000200002932-B-0001_wm.jpg|http://www.museumschina.cn/img/waterMark/2019-01-02-14-28-22/yipu/da/33/02/81/21800002/00002932/3302812180000200002932-D-0001_wm.jpg|http://www.museumschina.cn/img/waterMark/2019-01-02-14-28-22/yipu/da/33/02/81/21800002/00002932/3302812180000200002932-D-0002_wm.jpg|http://www.museumschina.cn/img/waterMark/2019-01-02-14-28-22/yipu/da/33/02/81/21800002/00002932/3302812180000200002932-D-0003_wm.jpg|http://www.museumschina.cn/img/waterMark/2019-01-02-14-28-22/yipu/da/33/02/81/21800002/00002932/3302812180000200002932-E-0001_wm.jpg|http://www.museumschina.cn/img/waterMark/2019-01-02-14-28-22/yipu/da/33/02/81/21800002/00002932/3302812180000200002932-F-0001_wm.jpg
https://www.museumschina.cn/collection/details?id=45B9019A1A5D4F43AE2EB59583C22961,http://www.museumschina.cn/img/waterMark/2019-01-02-14-28-22/yipu/da/53/09/27/21800001/00000135/5309272180000100000135-A-0001_wm.jpg,新石器时代沧源崖画八号点水波纹褐陶片,云南省临沧市沧源佤族自治县数字博物馆,陶器,新石器时代,一般,2005,单一/无机质/陶,http://www.museumschina.cn/img/waterMark/2019-01-02-14-28-22/yipu/da/53/09/27/21800001/00000135/5309272180000100000135-A-0001_wm.jpg|http://www.museumschina.cn/img/waterMark/2019-01-02-14-28-22/yipu/da/53/09/27/21800001/00000135/5309272180000100000135-D-0001_wm.jpg|http://www.museumschina.cn/img/waterMark/2019-01-02-14-28-22/yipu/da/53/09/27/21800001/00000135/5309272180000100000135-E-0001_wm.jpg
https://www.museumschina.cn/collection/details?id=4613880468BF4BFE844E6BB878580B11,http://www.museumschina.cn/img/waterMark/2019-01-02-14-28-22/yipu/da/62/05/22/21800002/00002373/6205222180000200002373-A-0001_wm.jpg,仰韶文化石岭下类型红陶屋,秦安县博物馆,陶器,新石器时代,一级,1961,单一/无机质/陶,http://www.museumschina.cn/img/waterMark/2019-01-02-14-28-22/yipu/da/62/05/22/21800002/00002373/6205222180000200002373-A-0001_wm.jpg
https://www.museumschina.cn/collection/details?id=461cbdeddf324d588e4aa726b3f80b29,http://www.museumschina.cn/img/waterMark/2019-01-02-14-28-22/yipu/da/35/01/24/21800002/10024035/3501242180000210024035-A-0001_wm.jpg,新石器时代陶杯,闽清县博物馆,陶器,新石器时代,一般,2013,单一/无机质/陶,http://www.museumschina.cn/img/waterMark/2019-01-02-14-28-22/yipu/da/35/01/24/21800002/10024035/3501242180000210024035-A-0001_wm.jpg|http://www.museumschina.cn/img/waterMark/2019-01-02-14-28-22/yipu/da/35/01/24/21800002/10024035/3501242180000210024035-B-0001_wm.jpg|http://www.museumschina.cn/img/waterMark/2019-01-02-14-28-22/yipu/da/35/01/24/21800002/10024035/3501242180000210024035-C-0001_wm.jpg|http://www.museumschina.cn/img/waterMark/2019-01-02-14-28-22/yipu/da/35/01/24/21800002/10024035/3501242180000210024035-C-0002_wm.jpg|http://www.museumschina.cn/img/waterMark/2019-01-02-14-28-22/yipu/da/35/01/24/21800002/10024035/3501242180000210024035-C-0003_wm.jpg|http://www.museumschina.cn/img/waterMark/2019-01-02-14-28-22/yipu/da/35/01/24/21800002/10024035/3501242180000210024035-C-0004_wm.jpg|http://www.museumschina.cn/img/waterMark/2019-01-02-14-28-22/yipu/da/35/01/24/21800002/10024035/3501242180000210024035-D-0001_wm.jpg|http://www.museumschina.cn/img/waterMark/2019-01-02-14-28-22/yipu/da/35/01/24/21800002/10024035/3501242180000210024035-E-0001_wm.jpg|http://www.museumschina.cn/img/waterMark/2019-01-02-14-28-22/yipu/da/35/01/24/21800002/10024035/3501242180000210024035-E-0002_wm.jpg|http://www.museumschina.cn/img/waterMark/2019-01-02-14-28-22/yipu/da/35/01/24/21800002/10024035/3501242180000210024035-F-0001_wm.jpg
https://www.museumschina.cn/collection/details?id=462ba897222a4d668b7f35a53b5681eb,http://www.museumschina.cn/img/waterMark/2019-01-02-14-28-22/yipu/da/62/10/25/21800001/00000158/6210252180000100000158-A-0001_wm.jpg,新石器时代仰韶文化细颈折腹红陶瓶,正宁县博物馆,陶器,新石器时代,二级,1988,单一/无机质/陶,http://www.museumschina.cn/img/waterMark/2019-01-02-14-28-22/yipu/da/62/10/25/21800001/00000158/6210252180000100000158-A-0001_wm.jpg|http://www.museumschina.cn/img/waterMark/2019-01-02-14-28-22/yipu/da/62/10/25/21800001/00000158/6210252180000100000158-C-0001_wm.jpg|http://www.museumschina.cn/img/waterMark/2019-01-02-14-28-22/yipu/da/62/10/25/21800001/00000158/6210252180000100000158-E-0001_wm.jpg|http://www.museumschina.cn/img/waterMark/2019-01-02-14-28-22/yipu/da/62/10/25/21800001/00000158/6210252180000100000158-F-0001_wm.jpg
https://www.museumschina.cn/collection/details?id=464DFA5F50F7406CBDB7BA7E2E8171FC,http://www.museumschina.cn/img/waterMark/2019-01-02-14-28-22/yipu/da/44/18/23/21800001/00000007/4418232180000100000007-A-0001_wm.jpg,新石器时代网纹双耳彩陶壶,阳山县博物馆,陶器,新石器时代,二级,1998,单一/无机质/陶,http://www.museumschina.cn/img/waterMark/2019-01-02-14-28-22/yipu/da/44/18/23/21800001/00000007/4418232180000100000007-A-0001_wm.jpg|http://www.museumschina.cn/img/waterMark/2019-01-02-14-28-22/yipu/da/44/18/23/21800001/00000007/4418232180000100000007-B-0001_wm.jpg|http://www.museumschina.cn/img/waterMark/2019-01-02-14-28-22/yipu/da/44/18/23/21800001/00000007/4418232180000100000007-C-0001_wm.jpg|http://www.museumschina.cn/img/waterMark/2019-01-02-14-28-22/yipu/da/44/18/23/21800001/00000007/4418232180000100000007-C-0002_wm.jpg|http://www.museumschina.cn/img/waterMark/2019-01-02-14-28-22/yipu/da/44/18/23/21800001/00000007/4418232180000100000007-C-0003_wm.jpg|http://www.museumschina.cn/img/waterMark/2019-01-02-14-28-22/yipu/da/44/18/23/21800001/00000007/4418232180000100000007-F-0001_wm.jpg
https://www.museumschina.cn/collection/details?id=46d97ff3021e4f4bb54dbdfca3f4fa55,http://www.museumschina.cn/img/waterMark/2019-01-02-14-28-22/yipu/da/62/01/11/21800001/00000600/6201112180000100000600-A-0001_wm.jpg,双耳夹砂黑陶罐,红古区博物馆,陶器,新石器时代,未定级,,单一/无机质/陶,http://www.museumschina.cn/img/waterMark/2019-01-02-14-28-22/yipu/da/62/01/11/21800001/00000600/6201112180000100000600-A-0001_wm.jpg|http://www.museumschina.cn/img/waterMark/2019-01-02-14-28-22/yipu/da/62/01/11/21800001/00000600/6201112180000100000600-A-0002_wm.jpg|http://www.museumschina.cn/img/waterMark/2019-01-02-14-28-22/yipu/da/62/01/11/21800001/00000600/6201112180000100000600-B-0001_wm.jpg|http://www.museumschina.cn/img/waterMark/2019-01-02-14-28-22/yipu/da/62/01/11/21800001/00000600/6201112180000100000600-C-0001_wm.jpg|http://www.museumschina.cn/img/waterMark/2019-01-02-14-28-22/yipu/da/62/01/11/21800001/00000600/6201112180000100000600-C-0002_wm.jpg|http://www.museumschina.cn/img/waterMark/2019-01-02-14-28-22/yipu/da/62/01/11/21800001/00000600/6201112180000100000600-F-0001_wm.jpg
https://www.museumschina.cn/collection/details?id=47CB62D068B84F55A5F76490AB564AEE,http://www.museumschina.cn/img/waterMark/2019-01-02-14-28-22/yipu/da/44/01/83/21800002/00000282/4401832180000200000282-A-0001_wm.jpg,新石器时代网格纹双系彩陶罐,增城市博物馆,陶器,新石器时代,三级,1987,单一/无机质/陶,http://www.museumschina.cn/img/waterMark/2019-01-02-14-28-22/yipu/da/44/01/83/21800002/00000282/4401832180000200000282-A-0001_wm.jpg|http://www.museumschina.cn/img/waterMark/2019-01-02-14-28-22/yipu/da/44/01/83/21800002/00000282/4401832180000200000282-B-0001_wm.jpg|http://www.museumschina.cn/img/waterMark/2019-01-02-14-28-22/yipu/da/44/01/83/21800002/00000282/4401832180000200000282-C-0001_wm.jpg|http://www.museumschina.cn/img/waterMark/2019-01-02-14-28-22/yipu/da/44/01/83/21800002/00000282/4401832180000200000282-D-0001_wm.jpg|http://www.museumschina.cn/img/waterMark/2019-01-02-14-28-22/yipu/da/44/01/83/21800002/00000282/4401832180000200000282-E-0001_wm.jpg|http://www.museumschina.cn/img/waterMark/2019-01-02-14-28-22/yipu/da/44/01/83/21800002/00000282/4401832180000200000282-E-0002_wm.jpg|http://www.museumschina.cn/img/waterMark/2019-01-02-14-28-22/yipu/da/44/01/83/21800002/00000282/4401832180000200000282-F-0001_wm.jpg
https://www.museumschina.cn/collection/details?id=487707c1c35947e08ea5c3897a9ede45,http://www.museumschina.cn/img/waterMark/2019-01-02-14-28-22/yipu/da/62/08/26/21800001/00002344/6208262180000100002344-A-0001_wm.jpg,马家窑堆贴日升日落纹陶瓮,静宁县博物馆,陶器,新石器时代,一级,1984,单一/无机质/陶,http://www.museumschina.cn/img/waterMark/2019-01-02-14-28-22/yipu/da/62/08/26/21800001/00002344/6208262180000100002344-A-0001_wm.jpg
https://www.museumschina.cn/collection/details?id=4933b5a8318e43658d435d1140ae7bb7,http://www.museumschina.cn/img/waterMark/2019-01-02-14-28-22/yipu/da/44/12/23/21800001/00000666/4412232180000100000666-A-0001_wm.jpg,新石器时代弧线纹单耳彩陶罐,广宁县博物馆,陶器,新石器时代,三级,1997,单一/-/-,http://www.museumschina.cn/img/waterMark/2019-01-02-14-28-22/yipu/da/44/12/23/21800001/00000666/4412232180000100000666-A-0001_wm.jpg|http://www.museumschina.cn/img/waterMark/2019-01-02-14-28-22/yipu/da/44/12/23/21800001/00000666/4412232180000100000666-A-0002_wm.jpg|http://www.museumschina.cn/img/waterMark/2019-01-02-14-28-22/yipu/da/44/12/23/21800001/00000666/4412232180000100000666-A-0003_wm.jpg|http://www.museumschina.cn/img/waterMark/2019-01-02-14-28-22/yipu/da/44/12/23/21800001/00000666/4412232180000100000666-A-0004_wm.jpg|http://www.museumschina.cn/img/waterMark/2019-01-02-14-28-22/yipu/da/44/12/23/21800001/00000666/4412232180000100000666-B-0001_wm.jpg|http://www.museumschina.cn/img/waterMark/2019-01-02-14-28-22/yipu/da/44/12/23/21800001/00000666/4412232180000100000666-E-0001_wm.jpg|http://www.museumschina.cn/img/waterMark/2019-01-02-14-28-22/yipu/da/44/12/23/21800001/00000666/4412232180000100000666-E-0002_wm.jpg|http://www.museumschina.cn/img/waterMark/2019-01-02-14-28-22/yipu/da/44/12/23/21800001/00000666/4412232180000100000666-F-0001_wm.jpg
https://www.museumschina.cn/collection/details?id=49dfd82feea346cd980655eb5251a5e4,http://www.museumschina.cn/img/waterMark/2019-01-02-14-28-22/yipu/da/62/11/24/21800003/00001156/6211242180000300001156-A-0001_wm.jpg,新石器时代马家窑文化菱格纹彩陶双耳罐,临洮县博物馆,陶器,新石器时代,二级,,单一/无机质/陶,http://www.museumschina.cn/img/waterMark/2019-01-02-14-28-22/yipu/da/62/11/24/21800003/00001156/6211242180000300001156-A-0001_wm.jpg|http://www.museumschina.cn/img/waterMark/2019-01-02-14-28-22/yipu/da/62/11/24/21800003/00001156/6211242180000300001156-B-0001_wm.jpg|http://www.museumschina.cn/img/waterMark/2019-01-02-14-28-22/yipu/da/62/11/24/21800003/00001156/6211242180000300001156-C-0001_wm.jpg|http://www.museumschina.cn/img/waterMark/2019-01-02-14-28-22/yipu/da/62/11/24/21800003/00001156/6211242180000300001156-F-0001_wm.jpg
https://www.museumschina.cn/collection/details?id=4A8E6B1D9A434B32B0E766CB886E229E,http://www.museumschina.cn/img/waterMark/2019-01-02-14-28-22/yipu/da/53/23/24/21800003/00000017/5323242180000300000017-A-0000_wm.jpg,新石器时代单耳双纽丁陶罐,云南省楚雄彝族自治州南华县数字博物馆,陶器,新石器时代,一般,2010,单一/无机质/陶,http://www.museumschina.cn/img/waterMark/2019-01-02-14-28-22/yipu/da/53/23/24/21800003/00000017/5323242180000300000017-A-0000_wm.jpg|http://www.museumschina.cn/img/waterMark/2019-01-02-14-28-22/yipu/da/53/23/24/21800003/00000017/5323242180000300000017-A-0004_wm.jpg|http://www.museumschina.cn/img/waterMark/2019-01-02-14-28-22/yipu/da/53/23/24/21800003/00000017/5323242180000300000017-B-0000_wm.jpg|http://www.museumschina.cn/img/waterMark/2019-01-02-14-28-22/yipu/da/53/23/24/21800003/00000017/5323242180000300000017-C-0000_wm.jpg|http://www.museumschina.cn/img/waterMark/2019-01-02-14-28-22/yipu/da/53/23/24/21800003/00000017/5323242180000300000017-E-0000_wm.jpg|http://www.museumschina.cn/img/waterMark/2019-01-02-14-28-22/yipu/da/53/23/24/21800003/00000017/5323242180000300000017-E-0001_wm.jpg
https://www.museumschina.cn/collection/details?id=4A9AA0779A774FD584D15D3229848BEE,http://www.museumschina.cn/img/waterMark/2019-01-02-14-28-22/yipu/da/44/53/81/21800001/00007973/4453812180000100007973-A-0001_wm.jpg,新石器时代马家窑文化四大圆圈内方格双耳彩陶壶,罗定市博物馆,陶器,新石器时代,二级,2003,单一/无机质/陶,http://www.museumschina.cn/img/waterMark/2019-01-02-14-28-22/yipu/da/44/53/81/21800001/00007973/4453812180000100007973-A-0001_wm.jpg|http://www.museumschina.cn/img/waterMark/2019-01-02-14-28-22/yipu/da/44/53/81/21800001/00007973/4453812180000100007973-B-0001_wm.jpg|http://www.museumschina.cn/img/waterMark/2019-01-02-14-28-22/yipu/da/44/53/81/21800001/00007973/4453812180000100007973-C-0001_wm.jpg|http://www.museumschina.cn/img/waterMark/2019-01-02-14-28-22/yipu/da/44/53/81/21800001/00007973/4453812180000100007973-C-0002_wm.jpg|http://www.museumschina.cn/img/waterMark/2019-01-02-14-28-22/yipu/da/44/53/81/21800001/00007973/4453812180000100007973-C-0003_wm.jpg|http://www.museumschina.cn/img/waterMark/2019-01-02-14-28-22/yipu/da/44/53/81/21800001/00007973/4453812180000100007973-D-0001_wm.jpg|http://www.museumschina.cn/img/waterMark/2019-01-02-14-28-22/yipu/da/44/53/81/21800001/00007973/4453812180000100007973-E-0001_wm.jpg|http://www.museumschina.cn/img/waterMark/2019-01-02-14-28-22/yipu/da/44/53/81/21800001/00007973/4453812180000100007973-E-0002_wm.jpg|http://www.museumschina.cn/img/waterMark/2019-01-02-14-28-22/yipu/da/44/53/81/21800001/00007973/4453812180000100007973-E-0003_wm.jpg|http://www.museumschina.cn/img/waterMark/2019-01-02-14-28-22/yipu/da/44/53/81/21800001/00007973/4453812180000100007973-E-0004_wm.jpg|http://www.museumschina.cn/img/waterMark/2019-01-02-14-28-22/yipu/da/44/53/81/21800001/00007973/4453812180000100007973-F-0001_wm.jpg
https://www.museumschina.cn/collection/details?id=4B81A08B653044AFAB83C78AC3D9327E,http://www.museumschina.cn/img/waterMark/2019-01-02-14-28-22/yipu/da/44/08/81/21800001/00000004/4408812180000100000004-A-0001_wm.jpg,新石器时代四大圆圈纹双耳彩陶壶,廉江市博物馆,陶器,新石器时代,二级,1987,单一/无机质/陶,http://www.museumschina.cn/img/waterMark/2019-01-02-14-28-22/yipu/da/44/08/81/21800001/00000004/4408812180000100000004-A-0001_wm.jpg|http://www.museumschina.cn/img/waterMark/2019-01-02-14-28-22/yipu/da/44/08/81/21800001/00000004/4408812180000100000004-B-0001_wm.jpg|http://www.museumschina.cn/img/waterMark/2019-01-02-14-28-22/yipu/da/44/08/81/21800001/00000004/4408812180000100000004-C-0001_wm.jpg|http://www.museumschina.cn/img/waterMark/2019-01-02-14-28-22/yipu/da/44/08/81/21800001/00000004/4408812180000100000004-C-0002_wm.jpg|http://www.museumschina.cn/img/waterMark/2019-01-02-14-28-22/yipu/da/44/08/81/21800001/00000004/4408812180000100000004-C-0003_wm.jpg|http://www.museumschina.cn/img/waterMark/2019-01-02-14-28-22/yipu/da/44/08/81/21800001/00000004/4408812180000100000004-E-0001_wm.jpg|http://www.museumschina.cn/img/waterMark/2019-01-02-14-28-22/yipu/da/44/08/81/21800001/00000004/4408812180000100000004-E-0002_wm.jpg|http://www.museumschina.cn/img/waterMark/2019-01-02-14-28-22/yipu/da/44/08/81/21800001/00000004/4408812180000100000004-E-0003_wm.jpg|http://www.museumschina.cn/img/waterMark/2019-01-02-14-28-22/yipu/da/44/08/81/21800001/00000004/4408812180000100000004-F-0001_wm.jpg
https://www.museumschina.cn/collection/details?id=4BD654CB2BE74517B119D1E10AE2E375,http://www.museumschina.cn/img/waterMark/2019-01-02-14-28-22/yipu/da/33/02/05/21800002/00000492/3302052180000200000492-A-0001_wm.jpg,新石器时代夹砂陶球,浙江省宁波市江北区数字博物馆,陶器,新石器时代,未定级,,单一/无机质/陶,http://www.museumschina.cn/img/waterMark/2019-01-02-14-28-22/yipu/da/33/02/05/21800002/00000492/3302052180000200000492-A-0001_wm.jpg|http://www.museumschina.cn/img/waterMark/2019-01-02-14-28-22/yipu/da/33/02/05/21800002/00000492/3302052180000200000492-D-0001_wm.jpg
https://www.museumschina.cn/collection/details?id=4BDBA382DD274704BD270C79DEA33878,http://www.museumschina.cn/img/waterMark/2019-01-02-14-28-22/yipu/da/53/29/28/21800003/00002064/5329282180000300002064-A-0001_wm.jpg,新石器时代新光遗址陶片标本,云南省大理白族自治州永平县数字博物馆,陶器,新石器时代,一般,1997,单一/无机质/陶,http://www.museumschina.cn/img/waterMark/2019-01-02-14-28-22/yipu/da/53/29/28/21800003/00002064/5329282180000300002064-A-0001_wm.jpg
https://www.museumschina.cn/collection/details?id=4C4DC97A151940A98846C7A350FE53D4,http://www.museumschina.cn/img/waterMark/2019-01-02-14-28-22/yipu/da/33/04/81/21800001/00006546/3304812180000100006546-A-0001_wm.jpg,新石器时代良渚文化泥质灰陶双鼻壶盖,海宁市博物馆,陶器,新石器时代,三级,1991,单一/无机质/陶,http://www.museumschina.cn/img/waterMark/2019-01-02-14-28-22/yipu/da/33/04/81/21800001/00006546/3304812180000100006546-A-0001_wm.jpg|http://www.museumschina.cn/img/waterMark/2019-01-02-14-28-22/yipu/da/33/04/81/21800001/00006546/3304812180000100006546-B-0001_wm.jpg|http://www.museumschina.cn/img/waterMark/2019-01-02-14-28-22/yipu/da/33/04/81/21800001/00006546/3304812180000100006546-F-0001_wm.jpg
https://www.museumschina.cn/collection/details?id=4C6F38E72ED242E69BA89D9B351D5BD8,http://www.museumschina.cn/img/waterMark/2019-01-02-14-28-22/yipu/da/44/18/81/21800001/00002023/4418812180000100002023-A-0001_wm.jpg,新石器时代彩绘圆方格纹双耳陶壶,英德市博物馆,陶器,新石器时代,二级,1988,单一/无机质/陶,http://www.museumschina.cn/img/waterMark/2019-01-02-14-28-22/yipu/da/44/18/81/21800001/00002023/4418812180000100002023-A-0001_wm.jpg|http://www.museumschina.cn/img/waterMark/2019-01-02-14-28-22/yipu/da/44/18/81/21800001/00002023/4418812180000100002023-B-0001_wm.jpg|http://www.museumschina.cn/img/waterMark/2019-01-02-14-28-22/yipu/da/44/18/81/21800001/00002023/4418812180000100002023-C-0001_wm.jpg|http://www.museumschina.cn/img/waterMark/2019-01-02-14-28-22/yipu/da/44/18/81/21800001/00002023/4418812180000100002023-D-0001_wm.jpg|http://www.museumschina.cn/img/waterMark/2019-01-02-14-28-22/yipu/da/44/18/81/21800001/00002023/4418812180000100002023-E-0001_wm.jpg|http://www.museumschina.cn/img/waterMark/2019-01-02-14-28-22/yipu/da/44/18/81/21800001/00002023/4418812180000100002023-E-0002_wm.jpg|http://www.museumschina.cn/img/waterMark/2019-01-02-14-28-22/yipu/da/44/18/81/21800001/00002023/4418812180000100002023-E-0003_wm.jpg|http://www.museumschina.cn/img/waterMark/2019-01-02-14-28-22/yipu/da/44/18/81/21800001/00002023/4418812180000100002023-F-0001_wm.jpg
https://www.museumschina.cn/collection/details?id=4C77482B4ADB470A8D23AF4F907706D1,http://www.museumschina.cn/img/waterMark/2019-01-02-14-28-22/yipu/da/53/23/24/21800003/00000018/5323242180000300000018-A-0000_wm.jpg,新石器时代单耳单把陶罐,云南省楚雄彝族自治州南华县数字博物馆,陶器,新石器时代,一般,2009,单一/无机质/陶,http://www.museumschina.cn/img/waterMark/2019-01-02-14-28-22/yipu/da/53/23/24/21800003/00000018/5323242180000300000018-A-0000_wm.jpg|http://www.museumschina.cn/img/waterMark/2019-01-02-14-28-22/yipu/da/53/23/24/21800003/00000018/5323242180000300000018-B-0000_wm.jpg|http://www.museumschina.cn/img/waterMark/2019-01-02-14-28-22/yipu/da/53/23/24/21800003/00000018/5323242180000300000018-C-0000_wm.jpg|http://www.museumschina.cn/img/waterMark/2019-01-02-14-28-22/yipu/da/53/23/24/21800003/00000018/5323242180000300000018-E-0000_wm.jpg|http://www.museumschina.cn/img/waterMark/2019-01-02-14-28-22/yipu/da/53/23/24/21800003/00000018/5323242180000300000018-E-0001_wm.jpg|http://www.museumschina.cn/img/waterMark/2019-01-02-14-28-22/yipu/da/53/23/24/21800003/00000018/5323242180000300000018-E-0002_wm.jpg|http://www.museumschina.cn/img/waterMark/2019-01-02-14-28-22/yipu/da/53/23/24/21800003/00000018/5323242180000300000018-E-0003_wm.jpg
https://www.museumschina.cn/collection/details?id=4CC27768A19D4FC79C3E4A4EA01921DD,http://www.museumschina.cn/img/waterMark/2019-01-02-14-28-22/yipu/da/23/02/05/21800001/00001940/2302052180000100001940-A-0001_wm.jpg,新石器时代陶纺轮,昂昂溪遗址博物馆,陶器,新石器时代,三级,1991,单一/无机质/陶,http://www.museumschina.cn/img/waterMark/2019-01-02-14-28-22/yipu/da/23/02/05/21800001/00001940/2302052180000100001940-A-0001_wm.jpg|http://www.museumschina.cn/img/waterMark/2019-01-02-14-28-22/yipu/da/23/02/05/21800001/00001940/2302052180000100001940-A-0002_wm.jpg
https://www.museumschina.cn/collection/details?id=4C4DC97A151940A98846C7A350FE53D4,http://www.museumschina.cn/img/waterMark/2019-01-02-14-28-22/yipu/da/33/04/81/21800001/00006546/3304812180000100006546-A-0001_wm.jpg,新石器时代良渚文化泥质灰陶双鼻壶盖,海宁市博物馆,陶器,新石器时代,三级,1991,单一/无机质/陶,http://www.museumschina.cn/img/waterMark/2019-01-02-14-28-22/yipu/da/33/04/81/21800001/00006546/3304812180000100006546-A-0001_wm.jpg|http://www.museumschina.cn/img/waterMark/2019-01-02-14-28-22/yipu/da/33/04/81/21800001/00006546/3304812180000100006546-B-0001_wm.jpg|http://www.museumschina.cn/img/waterMark/2019-01-02-14-28-22/yipu/da/33/04/81/21800001/00006546/3304812180000100006546-F-0001_wm.jpg
https://www.museumschina.cn/collection/details?id=4C6F38E72ED242E69BA89D9B351D5BD8,http://www.museumschina.cn/img/waterMark/2019-01-02-14-28-22/yipu/da/44/18/81/21800001/00002023/4418812180000100002023-A-0001_wm.jpg,新石器时代彩绘圆方格纹双耳陶壶,英德市博物馆,陶器,新石器时代,二级,1988,单一/无机质/陶,http://www.museumschina.cn/img/waterMark/2019-01-02-14-28-22/yipu/da/44/18/81/21800001/00002023/4418812180000100002023-A-0001_wm.jpg|http://www.museumschina.cn/img/waterMark/2019-01-02-14-28-22/yipu/da/44/18/81/21800001/00002023/4418812180000100002023-B-0001_wm.jpg|http://www.museumschina.cn/img/waterMark/2019-01-02-14-28-22/yipu/da/44/18/81/21800001/00002023/4418812180000100002023-C-0001_wm.jpg|http://www.museumschina.cn/img/waterMark/2019-01-02-14-28-22/yipu/da/44/18/81/21800001/00002023/4418812180000100002023-D-0001_wm.jpg|http://www.museumschina.cn/img/waterMark/2019-01-02-14-28-22/yipu/da/44/18/81/21800001/00002023/4418812180000100002023-E-0001_wm.jpg|http://www.museumschina.cn/img/waterMark/2019-01-02-14-28-22/yipu/da/44/18/81/21800001/00002023/4418812180000100002023-E-0002_wm.jpg|http://www.museumschina.cn/img/waterMark/2019-01-02-14-28-22/yipu/da/44/18/81/21800001/00002023/4418812180000100002023-E-0003_wm.jpg|http://www.museumschina.cn/img/waterMark/2019-01-02-14-28-22/yipu/da/44/18/81/21800001/00002023/4418812180000100002023-F-0001_wm.jpg
https://www.museumschina.cn/collection/details?id=4C77482B4ADB470A8D23AF4F907706D1,http://www.museumschina.cn/img/waterMark/2019-01-02-14-28-22/yipu/da/53/23/24/21800003/00000018/5323242180000300000018-A-0000_wm.jpg,新石器时代单耳单把陶罐,云南省楚雄彝族自治州南华县数字博物馆,陶器,新石器时代,一般,2009,单一/无机质/陶,http://www.museumschina.cn/img/waterMark/2019-01-02-14-28-22/yipu/da/53/23/24/21800003/00000018/5323242180000300000018-A-0000_wm.jpg|http://www.museumschina.cn/img/waterMark/2019-01-02-14-28-22/yipu/da/53/23/24/21800003/00000018/5323242180000300000018-B-0000_wm.jpg|http://www.museumschina.cn/img/waterMark/2019-01-02-14-28-22/yipu/da/53/23/24/21800003/00000018/5323242180000300000018-C-0000_wm.jpg|http://www.museumschina.cn/img/waterMark/2019-01-02-14-28-22/yipu/da/53/23/24/21800003/00000018/5323242180000300000018-E-0000_wm.jpg|http://www.museumschina.cn/img/waterMark/2019-01-02-14-28-22/yipu/da/53/23/24/21800003/00000018/5323242180000300000018-E-0001_wm.jpg|http://www.museumschina.cn/img/waterMark/2019-01-02-14-28-22/yipu/da/53/23/24/21800003/00000018/5323242180000300000018-E-0002_wm.jpg|http://www.museumschina.cn/img/waterMark/2019-01-02-14-28-22/yipu/da/53/23/24/21800003/00000018/5323242180000300000018-E-0003_wm.jpg
https://www.museumschina.cn/collection/details?id=4c991a7112c94251930f9440a845e789,http://www.museumschina.cn/img/waterMark/2019-01-02-14-28-22/yipu/da/62/01/11/21800001/00000172/6201112180000100000172-A-0001_wm.jpg,折带纹双耳彩陶壶,红古区博物馆,陶器,新石器时代,二级,,单一/无机质/陶,http://www.museumschina.cn/img/waterMark/2019-01-02-14-28-22/yipu/da/62/01/11/21800001/00000172/6201112180000100000172-A-0001_wm.jpg|http://www.museumschina.cn/img/waterMark/2019-01-02-14-28-22/yipu/da/62/01/11/21800001/00000172/6201112180000100000172-A-0002_wm.jpg|http://www.museumschina.cn/img/waterMark/2019-01-02-14-28-22/yipu/da/62/01/11/21800001/00000172/6201112180000100000172-B-0001_wm.jpg|http://www.museumschina.cn/img/waterMark/2019-01-02-14-28-22/yipu/da/62/01/11/21800001/00000172/6201112180000100000172-C-0001_wm.jpg|http://www.museumschina.cn/img/waterMark/2019-01-02-14-28-22/yipu/da/62/01/11/21800001/00000172/6201112180000100000172-C-0002_wm.jpg|http://www.museumschina.cn/img/waterMark/2019-01-02-14-28-22/yipu/da/62/01/11/21800001/00000172/6201112180000100000172-F-0001_wm.jpg
https://www.museumschina.cn/collection/details?id=4c9b370b3cc648209f060c3e126836f8,http://www.museumschina.cn/img/waterMark/2019-01-02-14-28-22/yipu/da/62/05/24/21800001/00002875/6205242180000100002875-A-0001_wm.jpg,马家窑文化折肩双耳十字纹彩陶瓶,武山县博物馆,陶器,新石器时代,二级,1992,单一/无机质/陶,http://www.museumschina.cn/img/waterMark/2019-01-02-14-28-22/yipu/da/62/05/24/21800001/00002875/6205242180000100002875-A-0001_wm.jpg|http://www.museumschina.cn/img/waterMark/2019-01-02-14-28-22/yipu/da/62/05/24/21800001/00002875/6205242180000100002875-B-0001_wm.jpg|http://www.museumschina.cn/img/waterMark/2019-01-02-14-28-22/yipu/da/62/05/24/21800001/00002875/6205242180000100002875-C-0001_wm.jpg|http://www.museumschina.cn/img/waterMark/2019-01-02-14-28-22/yipu/da/62/05/24/21800001/00002875/6205242180000100002875-D-0001_wm.jpg|http://www.museumschina.cn/img/waterMark/2019-01-02-14-28-22/yipu/da/62/05/24/21800001/00002875/6205242180000100002875-E-0001_wm.jpg|http://www.museumschina.cn/img/waterMark/2019-01-02-14-28-22/yipu/da/62/05/24/21800001/00002875/6205242180000100002875-F-0001_wm.jpg
https://www.museumschina.cn/collection/details?id=4CC27768A19D4FC79C3E4A4EA01921DD,http://www.museumschina.cn/img/waterMark/2019-01-02-14-28-22/yipu/da/23/02/05/21800001/00001940/2302052180000100001940-A-0001_wm.jpg,新石器时代陶纺轮,昂昂溪遗址博物馆,陶器,新石器时代,三级,1991,单一/无机质/陶,http://www.museumschina.cn/img/waterMark/2019-01-02-14-28-22/yipu/da/23/02/05/21800001/00001940/2302052180000100001940-A-0001_wm.jpg|http://www.museumschina.cn/img/waterMark/2019-01-02-14-28-22/yipu/da/23/02/05/21800001/00001940/2302052180000100001940-A-0002_wm.jpg
https://www.museumschina.cn/collection/details?id=4cc729c557954f7ba96bc637af5f7ed4,http://www.museumschina.cn/img/waterMark/2019-01-02-14-28-22/yipu/da/23/01/26/21800001/00000170/2301262180000100000170-A-0001_wm.jpg,新石器时期王脖子山遗址群陶网坠,黑龙江省哈尔滨市巴彦县数字博物馆,陶器,新石器时代,三级,2003,单一/无机质/陶,http://www.museumschina.cn/img/waterMark/2019-01-02-14-28-22/yipu/da/23/01/26/21800001/00000170/2301262180000100000170-A-0001_wm.jpg
https://www.museumschina.cn/collection/details?id=4CF813E57C274779A08F36DFDB1C934F,http://www.museumschina.cn/img/waterMark/2019-01-02-14-28-22/yipu/da/53/23/28/21800010/00001355/5323282180001000001355-A-0001_wm.jpg,新石器时代陶器工具,元谋县博物馆,陶器,新石器时代,未定级,1999,单一/无机质/陶,http://www.museumschina.cn/img/waterMark/2019-01-02-14-28-22/yipu/da/53/23/28/21800010/00001355/5323282180001000001355-A-0001_wm.jpg|http://www.museumschina.cn/img/waterMark/2019-01-02-14-28-22/yipu/da/53/23/28/21800010/00001355/5323282180001000001355-B-0001_wm.jpg|http://www.museumschina.cn/img/waterMark/2019-01-02-14-28-22/yipu/da/53/23/28/21800010/00001355/5323282180001000001355-C-0001_wm.jpg|http://www.museumschina.cn/img/waterMark/2019-01-02-14-28-22/yipu/da/53/23/28/21800010/00001355/5323282180001000001355-D-0001_wm.jpg|http://www.museumschina.cn/img/waterMark/2019-01-02-14-28-22/yipu/da/53/23/28/21800010/00001355/5323282180001000001355-E-0001_wm.jpg
https://www.museumschina.cn/collection/details?id=4d1798c9cfa64a359377b773b9ea0459,http://www.museumschina.cn/img/waterMark/2019-01-02-14-28-22/yipu/da/23/02/23/21800001/00000072/2302232180000100000072-A-0001_wm.jpg,新时器时代灰褐陶,黑龙江省齐齐哈尔市依安县数字博物馆,陶器,新石器时代,未定级,2008,单一/无机质/陶,http://www.museumschina.cn/img/waterMark/2019-01-02-14-28-22/yipu/da/23/02/23/21800001/00000072/2302232180000100000072-A-0001_wm.jpg
https://www.museumschina.cn/collection/details?id=3db45650d64f4104ab80171e0e84aae4,http://www.museumschina.cn/img/waterMark/2019-01-02-14-28-22/yipu/da/62/29/26/21800001/00000288/6229262180000100000288-A-0001_wm.jpg,新石器时代马家窑文化马厂类型素陶罐,东乡族自治县民族博物馆,陶器,新石器时代,二级,1987,单一/无机质/泥,http://www.museumschina.cn/img/waterMark/2019-01-02-14-28-22/yipu/da/62/29/26/21800001/00000288/6229262180000100000288-A-0001_wm.jpg|http://www.museumschina.cn/img/waterMark/2019-01-02-14-28-22/yipu/da/62/29/26/21800001/00000288/6229262180000100000288-B-0001_wm.jpg|http://www.museumschina.cn/img/waterMark/2019-01-02-14-28-22/yipu/da/62/29/26/21800001/00000288/6229262180000100000288-C-0001_wm.jpg|http://www.museumschina.cn/img/waterMark/2019-01-02-14-28-22/yipu/da/62/29/26/21800001/00000288/6229262180000100000288-F-0001_wm.jpg
https://www.museumschina.cn/collection/details?id=3de223e1442d416e8910f6154198fbf9,http://www.museumschina.cn/img/waterMark/2019-01-02-14-28-22/yipu/da/62/10/21/21800001/00001377/6210212180000100001377-A-0001_wm.jpg,新石器时代圆锥形制陶模具,庆城县博物馆,陶器,新石器时代,二级,2002,单一/无机质/陶,http://www.museumschina.cn/img/waterMark/2019-01-02-14-28-22/yipu/da/62/10/21/21800001/00001377/6210212180000100001377-A-0001_wm.jpg|http://www.museumschina.cn/img/waterMark/2019-01-02-14-28-22/yipu/da/62/10/21/21800001/00001377/6210212180000100001377-C-0001_wm.jpg|http://www.museumschina.cn/img/waterMark/2019-01-02-14-28-22/yipu/da/62/10/21/21800001/00001377/6210212180000100001377-C-0002_wm.jpg|http://www.museumschina.cn/img/waterMark/2019-01-02-14-28-22/yipu/da/62/10/21/21800001/00001377/6210212180000100001377-C-0003_wm.jpg|http://www.museumschina.cn/img/waterMark/2019-01-02-14-28-22/yipu/da/62/10/21/21800001/00001377/6210212180000100001377-C-0004_wm.jpg|http://www.museumschina.cn/img/waterMark/2019-01-02-14-28-22/yipu/da/62/10/21/21800001/00001377/6210212180000100001377-D-0001_wm.jpg
https://www.museumschina.cn/collection/details?id=3F4BD05E0F3E49FDB8859B4687E5764D,http://www.museumschina.cn/img/waterMark/2019-01-02-14-28-22/yipu/da/44/16/23/21800001/00001069/4416232180000100001069-A-0001_wm.jpg,新石器时代晚期陶制纺轮,连平县博物馆,陶器,新石器时代,一般,2013,单一/无机质/陶,http://www.museumschina.cn/img/waterMark/2019-01-02-14-28-22/yipu/da/44/16/23/21800001/00001069/4416232180000100001069-A-0001_wm.jpg|http://www.museumschina.cn/img/waterMark/2019-01-02-14-28-22/yipu/da/44/16/23/21800001/00001069/4416232180000100001069-F-0001_wm.jpg
https://www.museumschina.cn/collection/details?id=3F4C141BA46B4EA1A3478058B8E5DECB,http://www.museumschina.cn/img/waterMark/2019-01-02-14-28-22/yipu/da/14/10/33/21800006/00000085/1410332180000600000085-A-0001_wm.jpg,新石器时代绳纹折沿圜底灰陶釜,山西省临汾市蒲县数字博物馆,陶器,新石器时代,一般,1983,单一/无机质/陶,http://www.museumschina.cn/img/waterMark/2019-01-02-14-28-22/yipu/da/14/10/33/21800006/00000085/1410332180000600000085-A-0001_wm.jpg|http://www.museumschina.cn/img/waterMark/2019-01-02-14-28-22/yipu/da/14/10/33/21800006/00000085/1410332180000600000085-B-0001_wm.jpg|http://www.museumschina.cn/img/waterMark/2019-01-02-14-28-22/yipu/da/14/10/33/21800006/00000085/1410332180000600000085-F-0001_wm.jpg
https://www.museumschina.cn/collection/details?id=40137C58C6764EE9A2E022E8436C2289,http://www.museumschina.cn/img/waterMark/2019-01-02-14-28-22/yipu/da/33/02/25/21800001/00000260/3302252180000100000260-A-0001_wm.jpg,新石器时代河姆渡文化夹炭红陶釜,浙江省宁波市象山县数字博物馆,陶器,新石器时代,二级,1998,单一/无机质/陶,http://www.museumschina.cn/img/waterMark/2019-01-02-14-28-22/yipu/da/33/02/25/21800001/00000260/3302252180000100000260-A-0001_wm.jpg|http://www.museumschina.cn/img/waterMark/2019-01-02-14-28-22/yipu/da/33/02/25/21800001/00000260/3302252180000100000260-A-0002_wm.jpg|http://www.museumschina.cn/img/waterMark/2019-01-02-14-28-22/yipu/da/33/02/25/21800001/00000260/3302252180000100000260-B-0001_wm.jpg|http://www.museumschina.cn/img/waterMark/2019-01-02-14-28-22/yipu/da/33/02/25/21800001/00000260/3302252180000100000260-E-0001_wm.jpg|http://www.museumschina.cn/img/waterMark/2019-01-02-14-28-22/yipu/da/33/02/25/21800001/00000260/3302252180000100000260-F-0001_wm.jpg
https://www.museumschina.cn/collection/details?id=4023543347064A51B61074F619759E11,http://www.museumschina.cn/img/waterMark/2019-01-02-14-28-22/yipu/da/33/02/81/21800002/00001897/3302812180000200001897-A-0001_wm.jpg,新石器时代河姆渡文化夹炭黑陶陶玩,余姚市河姆渡遗址博物馆,陶器,新石器时代,未定级,1992,单一/无机质/陶,http://www.museumschina.cn/img/waterMark/2019-01-02-14-28-22/yipu/da/33/02/81/21800002/00001897/3302812180000200001897-A-0001_wm.jpg|http://www.museumschina.cn/img/waterMark/2019-01-02-14-28-22/yipu/da/33/02/81/21800002/00001897/3302812180000200001897-B-0001_wm.jpg|http://www.museumschina.cn/img/waterMark/2019-01-02-14-28-22/yipu/da/33/02/81/21800002/00001897/3302812180000200001897-F-0001_wm.jpg
https://www.museumschina.cn/collection/details?id=402656A18FA64D45AE7E2507AD83D0C3,http://www.museumschina.cn/img/waterMark/2019-01-02-14-28-22/yipu/da/62/10/24/21800002/00001408/6210242180000200001408-A-0001_wm.jpg,新石器时代齐家文化划纹夹砂红陶单耳罐,陇东古石刻艺术博物馆,陶器,新石器时代,二级,1972,单一/无机质/陶,http://www.museumschina.cn/img/waterMark/2019-01-02-14-28-22/yipu/da/62/10/24/21800002/00001408/6210242180000200001408-A-0001_wm.jpg|http://www.museumschina.cn/img/waterMark/2019-01-02-14-28-22/yipu/da/62/10/24/21800002/00001408/6210242180000200001408-D-0001_wm.jpg|http://www.museumschina.cn/img/waterMark/2019-01-02-14-28-22/yipu/da/62/10/24/21800002/00001408/6210242180000200001408-F-0001_wm.jpg
https://www.museumschina.cn/collection/details?id=40384C7D125344F9BB8FAD88567F39A8,http://www.museumschina.cn/img/waterMark/2019-01-02-14-28-22/yipu/da/62/10/22/21800003/00001805/6210222180000300001805-A-0001_wm.jpg,新石器时代附加堆纹夹砂红陶缸,环县博物馆,陶器,新石器时代,二级,,单一/无机质/陶,http://www.museumschina.cn/img/waterMark/2019-01-02-14-28-22/yipu/da/62/10/22/21800003/00001805/6210222180000300001805-A-0001_wm.jpg
https://www.museumschina.cn/collection/details?id=41146AE46CC34BBB8BD6B6EEA1BC6AB7,http://www.museumschina.cn/img/waterMark/2019-01-02-14-28-22/yipu/da/44/07/85/21800001/00000193/4407852180000100000193-A-0001_wm.jpg,新石器双耳四大圆圈方格纹彩陶壸,恩平市博物馆,陶器,新石器时代,三级,1991,单一/无机质/陶,http://www.museumschina.cn/img/waterMark/2019-01-02-14-28-22/yipu/da/44/07/85/21800001/00000193/4407852180000100000193-A-0001_wm.jpg|http://www.museumschina.cn/img/waterMark/2019-01-02-14-28-22/yipu/da/44/07/85/21800001/00000193/4407852180000100000193-B-0001_wm.jpg|http://www.museumschina.cn/img/waterMark/2019-01-02-14-28-22/yipu/da/44/07/85/21800001/00000193/4407852180000100000193-C-0001_wm.jpg|http://www.museumschina.cn/img/waterMark/2019-01-02-14-28-22/yipu/da/44/07/85/21800001/00000193/4407852180000100000193-F-0001_wm.jpg
https://www.museumschina.cn/collection/details?id=41e4d1acaefa4a1a910847cecee7b4c0,http://www.museumschina.cn/img/waterMark/2019-01-02-14-28-22/yipu/da/31/02/30/21800008/00000336/3102302180000800000336-A-0001_wm.jpg,新石器时代黑皮磨光陶片,崇明县博物馆,陶器,新石器时代,未定级,,单一/无机质/陶,http://www.museumschina.cn/img/waterMark/2019-01-02-14-28-22/yipu/da/31/02/30/21800008/00000336/3102302180000800000336-A-0001_wm.jpg|http://www.museumschina.cn/img/waterMark/2019-01-02-14-28-22/yipu/da/31/02/30/21800008/00000336/3102302180000800000336-F-0001_wm.jpg
https://www.museumschina.cn/collection/details?id=421FC04030D8438BAB200F209897597D,http://www.museumschina.cn/img/waterMark/2019-01-02-14-28-22/yipu/da/53/09/27/21800001/00000137/5309272180000100000137-A-0001_wm.jpg,新石器时代沧源崖画八号点几何点线纹褐色陶片,云南省临沧市沧源佤族自治县数字博物馆,陶器,新石器时代,一般,2005,单一/无机质/陶,http://www.museumschina.cn/img/waterMark/2019-01-02-14-28-22/yipu/da/53/09/27/21800001/00000137/5309272180000100000137-A-0001_wm.jpg|http://www.museumschina.cn/img/waterMark/2019-01-02-14-28-22/yipu/da/53/09/27/21800001/00000137/5309272180000100000137-E-0001_wm.jpg
https://www.museumschina.cn/collection/details?id=42672e19937a4ef4a8dd134aae091c8d,http://www.museumschina.cn/img/waterMark/2019-01-02-14-28-22/yipu/da/44/01/05/21800001/00000002/4401052180000100000002-A-0001_wm.jpg,新石器时代马家窑文化彩陶双耳罐,广东省广州市海珠区数字博物馆,陶器,新石器时代,一般,,单一/无机质/陶,http://www.museumschina.cn/img/waterMark/2019-01-02-14-28-22/yipu/da/44/01/05/21800001/00000002/4401052180000100000002-A-0001_wm.jpg|http://www.museumschina.cn/img/waterMark/2019-01-02-14-28-22/yipu/da/44/01/05/21800001/00000002/4401052180000100000002-A-0002_wm.jpg|http://www.museumschina.cn/img/waterMark/2019-01-02-14-28-22/yipu/da/44/01/05/21800001/00000002/4401052180000100000002-A-0003_wm.jpg|http://www.museumschina.cn/img/waterMark/2019-01-02-14-28-22/yipu/da/44/01/05/21800001/00000002/4401052180000100000002-E-0001_wm.jpg|http://www.museumschina.cn/img/waterMark/2019-01-02-14-28-22/yipu/da/44/01/05/21800001/00000002/4401052180000100000002-F-0001_wm.jpg
https://www.museumschina.cn/collection/details?id=4286a9f92afe4ccf981a707d0184cdca,http://www.museumschina.cn/img/waterMark/2019-01-02-14-28-22/yipu/da/44/01/05/21800001/00000002/4401052180000100000002-A-0001_wm.jpg,新石器时代马家窑文化双系彩陶罐,广东省广州市海珠区数字博物馆,陶器,新石器时代,三级,,单一/无机质/陶,http://www.museumschina.cn/img/waterMark/2019-01-02-14-28-22/yipu/da/44/01/05/21800001/00000002/4401052180000100000002-A-0001_wm.jpg|http://www.museumschina.cn/img/waterMark/2019-01-02-14-28-22/yipu/da/44/01/05/21800001/00000002/4401052180000100000002-A-0002_wm.jpg|http://www.museumschina.cn/img/waterMark/2019-01-02-14-28-22/yipu/da/44/01/05/21800001/00000002/4401052180000100000002-A-0003_wm.jpg|http://www.museumschina.cn/img/waterMark/2019-01-02-14-28-22/yipu/da/44/01/05/21800001/00000002/4401052180000100000002-E-0001_wm.jpg|http://www.museumschina.cn/img/waterMark/2019-01-02-14-28-22/yipu/da/44/01/05/21800001/00000002/4401052180000100000002-F-0001_wm.jpg
https://www.museumschina.cn/collection/details?id=443b194cff9e41ca9081557d5b93b672,http://www.museumschina.cn/img/waterMark/2019-01-02-14-28-22/yipu/da/44/12/24/21800001/00000177/4412242180000100000177-A-0001_wm.jpg,新石器时代马家窑文化涡纹单系彩陶罐,怀集县博物馆,陶器,新石器时代,三级,1989,单一/无机质/陶,http://www.museumschina.cn/img/waterMark/2019-01-02-14-28-22/yipu/da/44/12/24/21800001/00000177/4412242180000100000177-A-0001_wm.jpg|http://www.museumschina.cn/img/waterMark/2019-01-02-14-28-22/yipu/da/44/12/24/21800001/00000177/4412242180000100000177-B-0001_wm.jpg|http://www.museumschina.cn/img/waterMark/2019-01-02-14-28-22/yipu/da/44/12/24/21800001/00000177/4412242180000100000177-C-0001_wm.jpg|http://www.museumschina.cn/img/waterMark/2019-01-02-14-28-22/yipu/da/44/12/24/21800001/00000177/4412242180000100000177-E-0001_wm.jpg|http://www.museumschina.cn/img/waterMark/2019-01-02-14-28-22/yipu/da/44/12/24/21800001/00000177/4412242180000100000177-F-0001_wm.jpg
https://www.museumschina.cn/collection/details?id=445503E4132545F0B1EA210E448DB37A,http://www.museumschina.cn/img/waterMark/2019-01-02-14-28-22/yipu/da/53/04/23/21800016/00000400/5304232180001600000400-A-0001_wm.jpg,新石器时代红陶多角壶,通海县博物馆,陶器,新石器时代,三级,1988,单一/无机质/陶,http://www.museumschina.cn/img/waterMark/2019-01-02-14-28-22/yipu/da/53/04/23/21800016/00000400/5304232180001600000400-A-0001_wm.jpg|http://www.museumschina.cn/img/waterMark/2019-01-02-14-28-22/yipu/da/53/04/23/21800016/00000400/5304232180001600000400-B-0001_wm.jpg|http://www.museumschina.cn/img/waterMark/2019-01-02-14-28-22/yipu/da/53/04/23/21800016/00000400/5304232180001600000400-C-0001_wm.jpg|http://www.museumschina.cn/img/waterMark/2019-01-02-14-28-22/yipu/da/53/04/23/21800016/00000400/5304232180001600000400-F-0001_wm.jpg
https://www.museumschina.cn/collection/details?id=449b332f9e92416ca7e8740dda438495,http://www.museumschina.cn/img/waterMark/2019-01-02-14-28-22/yipu/da/62/12/02/21800002/00000020/6212022180000200000020-A-0001_wm.jpg,新石器时代旋涡纹五乳彩陶罐,甘肃省陇南市武都区博物馆,陶器,新石器时代,二级,1956,单一/无机质/陶,http://www.museumschina.cn/img/waterMark/2019-01-02-14-28-22/yipu/da/62/12/02/21800002/00000020/6212022180000200000020-A-0001_wm.jpg|http://www.museumschina.cn/img/waterMark/2019-01-02-14-28-22/yipu/da/62/12/02/21800002/00000020/6212022180000200000020-B-0001_wm.jpg|http://www.museumschina.cn/img/waterMark/2019-01-02-14-28-22/yipu/da/62/12/02/21800002/00000020/6212022180000200000020-E-0001_wm.jpg
https://www.museumschina.cn/collection/details?id=35b72b36d02c4d24bb8d04394ac84429,http://www.museumschina.cn/img/waterMark/2019-01-02-14-28-22/yipu/da/62/10/25/21800001/00000829/6210252180000100000829-A-0001_wm.jpg,新石器时代仰韶文化敛口红陶钵,正宁县博物馆,陶器,新石器时代,二级,1986,单一/无机质/陶,http://www.museumschina.cn/img/waterMark/2019-01-02-14-28-22/yipu/da/62/10/25/21800001/00000829/6210252180000100000829-A-0001_wm.jpg|http://www.museumschina.cn/img/waterMark/2019-01-02-14-28-22/yipu/da/62/10/25/21800001/00000829/6210252180000100000829-A-0002_wm.jpg
https://www.museumschina.cn/collection/details?id=35B903B2BFB04ED1B1AD29BA691E20F0,http://www.museumschina.cn/img/waterMark/2019-01-02-14-28-22/yipu/da/33/05/21/21800001/00000564/3305212180000100000564-A-0001_wm.jpg,新石器时代鼎足标本,德清县博物馆,陶器,新石器时代,一般,2004,单一/无机质/陶,http://www.museumschina.cn/img/waterMark/2019-01-02-14-28-22/yipu/da/33/05/21/21800001/00000564/3305212180000100000564-A-0001_wm.jpg|http://www.museumschina.cn/img/waterMark/2019-01-02-14-28-22/yipu/da/33/05/21/21800001/00000564/3305212180000100000564-A-0002_wm.jpg|http://www.museumschina.cn/img/waterMark/2019-01-02-14-28-22/yipu/da/33/05/21/21800001/00000564/3305212180000100000564-A-0003_wm.jpg|http://www.museumschina.cn/img/waterMark/2019-01-02-14-28-22/yipu/da/33/05/21/21800001/00000564/3305212180000100000564-A-0004_wm.jpg
https://www.museumschina.cn/collection/details?id=35C331DBA1E947569C9E0CB90FF11CE4,http://www.museumschina.cn/img/waterMark/2019-01-02-14-28-22/yipu/da/33/03/22/21800001/00000175/3303222180000100000175-A-0001_wm.jpg,新石器时代晚期陶纺轮,浙江省温州市洞头县数字博物馆,陶器,新石器时代,未定级,1987,单一/无机质/陶,http://www.museumschina.cn/img/waterMark/2019-01-02-14-28-22/yipu/da/33/03/22/21800001/00000175/3303222180000100000175-A-0001_wm.jpg|http://www.museumschina.cn/img/waterMark/2019-01-02-14-28-22/yipu/da/33/03/22/21800001/00000175/3303222180000100000175-B-0001_wm.jpg|http://www.museumschina.cn/img/waterMark/2019-01-02-14-28-22/yipu/da/33/03/22/21800001/00000175/3303222180000100000175-D-0001_wm.jpg|http://www.museumschina.cn/img/waterMark/2019-01-02-14-28-22/yipu/da/33/03/22/21800001/00000175/3303222180000100000175-E-0001_wm.jpg
https://www.museumschina.cn/collection/details?id=36499811D1364B0BA5131223F01A2BDD,http://www.museumschina.cn/img/waterMark/2019-01-02-14-28-22/yipu/da/44/09/81/21800001/00000779/4409812180000100000779-A-0001_wm.jpg,新石器时代波浪纹双耳彩陶罐,高州市博物馆,陶器,新石器时代,三级,,单一/无机质/陶,http://www.museumschina.cn/img/waterMark/2019-01-02-14-28-22/yipu/da/44/09/81/21800001/00000779/4409812180000100000779-A-0001_wm.jpg|http://www.museumschina.cn/img/waterMark/2019-01-02-14-28-22/yipu/da/44/09/81/21800001/00000779/4409812180000100000779-A-0002_wm.jpg|http://www.museumschina.cn/img/waterMark/2019-01-02-14-28-22/yipu/da/44/09/81/21800001/00000779/4409812180000100000779-A-0004_wm.jpg|http://www.museumschina.cn/img/waterMark/2019-01-02-14-28-22/yipu/da/44/09/81/21800001/00000779/4409812180000100000779-B-0001_wm.jpg|http://www.museumschina.cn/img/waterMark/2019-01-02-14-28-22/yipu/da/44/09/81/21800001/00000779/4409812180000100000779-E-0001_wm.jpg|http://www.museumschina.cn/img/waterMark/2019-01-02-14-28-22/yipu/da/44/09/81/21800001/00000779/4409812180000100000779-E-0002_wm.jpg|http://www.museumschina.cn/img/waterMark/2019-01-02-14-28-22/yipu/da/44/09/81/21800001/00000779/4409812180000100000779-F-0001_wm.jpg
https://www.museumschina.cn/collection/details?id=36914AD9B12549568AC90FAAECD9F69D,http://www.museumschina.cn/img/waterMark/2019-01-02-14-28-22/yipu/da/46/90/28/21800001/00001723/4690282180000100001723-A-0001_wm.jpg,新石器时代双耳彩绘陶罐,陵水黎族自治县博物馆,陶器,新石器时代,三级,2003,单一/无机质/陶,http://www.museumschina.cn/img/waterMark/2019-01-02-14-28-22/yipu/da/46/90/28/21800001/00001723/4690282180000100001723-A-0001_wm.jpg|http://www.museumschina.cn/img/waterMark/2019-01-02-14-28-22/yipu/da/46/90/28/21800001/00001723/4690282180000100001723-B-0001_wm.jpg|http://www.museumschina.cn/img/waterMark/2019-01-02-14-28-22/yipu/da/46/90/28/21800001/00001723/4690282180000100001723-C-0001_wm.jpg|http://www.museumschina.cn/img/waterMark/2019-01-02-14-28-22/yipu/da/46/90/28/21800001/00001723/4690282180000100001723-F-0001_wm.jpg
https://www.museumschina.cn/collection/details?id=36c45c4ddc154d21a8c826f5609b17ad,http://www.museumschina.cn/img/waterMark/2019-01-02-14-28-22/yipu/da/44/07/81/21800001/80000379/4407812180000180000379-A-0001_wm.jpg,新石器时代双耳彩陶罐,台山市博物馆,陶器,新石器时代,三级,1984,单一/无机质/陶,http://www.museumschina.cn/img/waterMark/2019-01-02-14-28-22/yipu/da/44/07/81/21800001/80000379/4407812180000180000379-A-0001_wm.jpg|http://www.museumschina.cn/img/waterMark/2019-01-02-14-28-22/yipu/da/44/07/81/21800001/80000379/4407812180000180000379-B-0001_wm.jpg|http://www.museumschina.cn/img/waterMark/2019-01-02-14-28-22/yipu/da/44/07/81/21800001/80000379/4407812180000180000379-C-0001_wm.jpg|http://www.museumschina.cn/img/waterMark/2019-01-02-14-28-22/yipu/da/44/07/81/21800001/80000379/4407812180000180000379-C-0002_wm.jpg|http://www.museumschina.cn/img/waterMark/2019-01-02-14-28-22/yipu/da/44/07/81/21800001/80000379/4407812180000180000379-C-0003_wm.jpg|http://www.museumschina.cn/img/waterMark/2019-01-02-14-28-22/yipu/da/44/07/81/21800001/80000379/4407812180000180000379-D-0001_wm.jpg|http://www.museumschina.cn/img/waterMark/2019-01-02-14-28-22/yipu/da/44/07/81/21800001/80000379/4407812180000180000379-E-0001_wm.jpg|http://www.museumschina.cn/img/waterMark/2019-01-02-14-28-22/yipu/da/44/07/81/21800001/80000379/4407812180000180000379-F-0001_wm.jpg
https://www.museumschina.cn/collection/details?id=372D64A1B32841CD8BB5D2D6A9B7CBF3,http://www.museumschina.cn/img/waterMark/2019-01-02-14-28-22/yipu/da/46/90/02/21800001/00000666/4690022180000100000666-A-0001_wm.jpg,新石器时代彩陶双耳罐,琼海市博物馆,陶器,新石器时代,二级,1987,单一/无机质/陶,http://www.museumschina.cn/img/waterMark/2019-01-02-14-28-22/yipu/da/46/90/02/21800001/00000666/4690022180000100000666-A-0001_wm.jpg|http://www.museumschina.cn/img/waterMark/2019-01-02-14-28-22/yipu/da/46/90/02/21800001/00000666/4690022180000100000666-B-0001_wm.jpg|http://www.museumschina.cn/img/waterMark/2019-01-02-14-28-22/yipu/da/46/90/02/21800001/00000666/4690022180000100000666-C-0001_wm.jpg|http://www.museumschina.cn/img/waterMark/2019-01-02-14-28-22/yipu/da/46/90/02/21800001/00000666/4690022180000100000666-F-0001_wm.jpg
https://www.museumschina.cn/collection/details?id=377CDD09375C47BC8B281F8DC0A188C6,http://www.museumschina.cn/img/waterMark/2019-01-02-14-28-22/yipu/da/33/02/81/21800002/00001903/3302812180000200001903-A-0001_wm.jpg,新石器时代河姆渡文化泥质灰陶陶玩,余姚市河姆渡遗址博物馆,陶器,新石器时代,未定级,1992,单一/无机质/陶,http://www.museumschina.cn/img/waterMark/2019-01-02-14-28-22/yipu/da/33/02/81/21800002/00001903/3302812180000200001903-A-0001_wm.jpg|http://www.museumschina.cn/img/waterMark/2019-01-02-14-28-22/yipu/da/33/02/81/21800002/00001903/3302812180000200001903-B-0001_wm.jpg|http://www.museumschina.cn/img/waterMark/2019-01-02-14-28-22/yipu/da/33/02/81/21800002/00001903/3302812180000200001903-F-0001_wm.jpg
https://www.museumschina.cn/collection/details?id=378cb6126182414396a55dc1ea201c95,http://www.museumschina.cn/img/waterMark/2019-01-02-14-28-22/yipu/da/62/12/02/21800002/00000028/6212022180000200000028-A-0001_wm.jpg,新石器时代镂孔灰陶豆,甘肃省陇南市武都区博物馆,陶器,新石器时代,二级,1986,单一/无机质/陶,http://www.museumschina.cn/img/waterMark/2019-01-02-14-28-22/yipu/da/62/12/02/21800002/00000028/6212022180000200000028-A-0001_wm.jpg|http://www.museumschina.cn/img/waterMark/2019-01-02-14-28-22/yipu/da/62/12/02/21800002/00000028/6212022180000200000028-B-0001_wm.jpg|http://www.museumschina.cn/img/waterMark/2019-01-02-14-28-22/yipu/da/62/12/02/21800002/00000028/6212022180000200000028-F-0001_wm.jpg
https://www.museumschina.cn/collection/details?id=37926D592CCE4EA3B7E8AE2839469E05,http://www.museumschina.cn/img/waterMark/2019-01-02-14-28-22/yipu/da/62/06/23/21800001/00000148/6206232180000100000148-A-0001_wm.jpg,新石器时代马家窑文化圆圈网格纹双耳彩陶壶,天祝藏族自治县博物馆,陶器,新石器时代,二级,2013,单一/无机质/陶,http://www.museumschina.cn/img/waterMark/2019-01-02-14-28-22/yipu/da/62/06/23/21800001/00000148/6206232180000100000148-A-0001_wm.jpg|http://www.museumschina.cn/img/waterMark/2019-01-02-14-28-22/yipu/da/62/06/23/21800001/00000148/6206232180000100000148-B-0001_wm.jpg|http://www.museumschina.cn/img/waterMark/2019-01-02-14-28-22/yipu/da/62/06/23/21800001/00000148/6206232180000100000148-C-0001_wm.jpg|http://www.museumschina.cn/img/waterMark/2019-01-02-14-28-22/yipu/da/62/06/23/21800001/00000148/6206232180000100000148-F-0001_wm.jpg
https://www.museumschina.cn/collection/details?id=37E1616E951442D6A8DC018CBB502A95,http://www.museumschina.cn/img/waterMark/2019-01-02-14-28-22/yipu/da/62/10/22/21800003/00001829/6210222180000300001829-A-0001_wm.jpg,新石器时代泥质红陶磨盘,环县博物馆,陶器,新石器时代,一级,,单一/无机质/陶,http://www.museumschina.cn/img/waterMark/2019-01-02-14-28-22/yipu/da/62/10/22/21800003/00001829/6210222180000300001829-A-0001_wm.jpg
https://www.museumschina.cn/collection/details?id=3887413441954B1FAA7024809054A053,http://www.museumschina.cn/img/waterMark/2019-01-02-14-28-22/yipu/da/14/08/23/21800003/00001180/1408232180000300001180-A-0001_wm.jpg,新石器时代龙山文化绳纹单把陶鬲,闻喜县博物馆,陶器,新石器时代,三级,2004,单一/无机质/陶,http://www.museumschina.cn/img/waterMark/2019-01-02-14-28-22/yipu/da/14/08/23/21800003/00001180/1408232180000300001180-A-0001_wm.jpg|http://www.museumschina.cn/img/waterMark/2019-01-02-14-28-22/yipu/da/14/08/23/21800003/00001180/1408232180000300001180-A-0002_wm.jpg|http://www.museumschina.cn/img/waterMark/2019-01-02-14-28-22/yipu/da/14/08/23/21800003/00001180/1408232180000300001180-B-0001_wm.jpg|http://www.museumschina.cn/img/waterMark/2019-01-02-14-28-22/yipu/da/14/08/23/21800003/00001180/1408232180000300001180-C-0001_wm.jpg|http://www.museumschina.cn/img/waterMark/2019-01-02-14-28-22/yipu/da/14/08/23/21800003/00001180/1408232180000300001180-C-0002_wm.jpg|http://www.museumschina.cn/img/waterMark/2019-01-02-14-28-22/yipu/da/14/08/23/21800003/00001180/1408232180000300001180-F-0001_wm.jpg
https://www.museumschina.cn/collection/details?id=3899c9031ac443ce877d1848a4010d2e,http://www.museumschina.cn/img/waterMark/2019-01-02-14-28-22/yipu/da/62/10/21/21800001/00001408/6210212180000100001408-A-0001_wm.jpg,新石器时代仰韶文化红陶拍,庆城县博物馆,陶器,新石器时代,三级,,单一/无机质/陶,http://www.museumschina.cn/img/waterMark/2019-01-02-14-28-22/yipu/da/62/10/21/21800001/00001408/6210212180000100001408-A-0001_wm.jpg|http://www.museumschina.cn/img/waterMark/2019-01-02-14-28-22/yipu/da/62/10/21/21800001/00001408/6210212180000100001408-C-0001_wm.jpg
https://www.museumschina.cn/collection/details?id=390fb6b43cf9488aa300188c1c0e55c4,http://www.museumschina.cn/img/waterMark/2019-01-02-14-28-22/yipu/da/62/01/11/21800001/00000174/6201112180000100000174-A-0001_wm.jpg,枭首形红陶罐,红古区博物馆,陶器,新石器时代,三级,,单一/无机质/陶,http://www.museumschina.cn/img/waterMark/2019-01-02-14-28-22/yipu/da/62/01/11/21800001/00000174/6201112180000100000174-A-0001_wm.jpg|http://www.museumschina.cn/img/waterMark/2019-01-02-14-28-22/yipu/da/62/01/11/21800001/00000174/6201112180000100000174-A-0002_wm.jpg|http://www.museumschina.cn/img/waterMark/2019-01-02-14-28-22/yipu/da/62/01/11/21800001/00000174/6201112180000100000174-B-0001_wm.jpg|http://www.museumschina.cn/img/waterMark/2019-01-02-14-28-22/yipu/da/62/01/11/21800001/00000174/6201112180000100000174-C-0001_wm.jpg|http://www.museumschina.cn/img/waterMark/2019-01-02-14-28-22/yipu/da/62/01/11/21800001/00000174/6201112180000100000174-C-0002_wm.jpg|http://www.museumschina.cn/img/waterMark/2019-01-02-14-28-22/yipu/da/62/01/11/21800001/00000174/6201112180000100000174-F-0001_wm.jpg
https://www.museumschina.cn/collection/details?id=3922E057926648C7ADE25D9032023473,http://www.museumschina.cn/img/waterMark/2019-01-02-14-28-22/yipu/da/44/07/84/21800001/00003402/4407842180000100003402-A-0001_wm.jpg,新石器彩陶蛙纹双耳罐,鹤山市博物馆,陶器,新石器时代,三级,1989,单一/无机质/陶,http://www.museumschina.cn/img/waterMark/2019-01-02-14-28-22/yipu/da/44/07/84/21800001/00003402/4407842180000100003402-A-0001_wm.jpg|http://www.museumschina.cn/img/waterMark/2019-01-02-14-28-22/yipu/da/44/07/84/21800001/00003402/4407842180000100003402-A-0002_wm.jpg|http://www.museumschina.cn/img/waterMark/2019-01-02-14-28-22/yipu/da/44/07/84/21800001/00003402/4407842180000100003402-A-0003_wm.jpg|http://www.museumschina.cn/img/waterMark/2019-01-02-14-28-22/yipu/da/44/07/84/21800001/00003402/4407842180000100003402-A-0004_wm.jpg|http://www.museumschina.cn/img/waterMark/2019-01-02-14-28-22/yipu/da/44/07/84/21800001/00003402/4407842180000100003402-A-0005_wm.jpg|http://www.museumschina.cn/img/waterMark/2019-01-02-14-28-22/yipu/da/44/07/84/21800001/00003402/4407842180000100003402-A-0006_wm.jpg
https://www.museumschina.cn/collection/details?id=3afa041f114e4c51acae823c95a3f4ff,http://www.museumschina.cn/img/waterMark/2019-01-02-14-28-22/yipu/da/62/29/23/21800003/00001354/6229232180000300001354-A-0001_wm.jpg,新石器时代马家窑文化马厂类型圆点纹双耳深腹豆,永靖县博物馆,陶器,新石器时代,一级,1996,单一/无机质/陶,http://www.museumschina.cn/img/waterMark/2019-01-02-14-28-22/yipu/da/62/29/23/21800003/00001354/6229232180000300001354-A-0001_wm.jpg|http://www.museumschina.cn/img/waterMark/2019-01-02-14-28-22/yipu/da/62/29/23/21800003/00001354/6229232180000300001354-B-0001_wm.jpg|http://www.museumschina.cn/img/waterMark/2019-01-02-14-28-22/yipu/da/62/29/23/21800003/00001354/6229232180000300001354-F-0001_wm.jpg
https://www.museumschina.cn/collection/details?id=3b96576b0f3f493bb2a32bd6fc6a47e2,http://www.museumschina.cn/img/waterMark/2019-01-02-14-28-22/yipu/da/44/14/22/21800001/80000093/4414222180000180000093-A-0001_wm.jpg,新石器时代三角纹单耳彩陶罐,大埔县博物馆,陶器,新石器时代,二级,1987,单一/无机质/陶,http://www.museumschina.cn/img/waterMark/2019-01-02-14-28-22/yipu/da/44/14/22/21800001/80000093/4414222180000180000093-A-0001_wm.jpg|http://www.museumschina.cn/img/waterMark/2019-01-02-14-28-22/yipu/da/44/14/22/21800001/80000093/4414222180000180000093-B-0001_wm.jpg|http://www.museumschina.cn/img/waterMark/2019-01-02-14-28-22/yipu/da/44/14/22/21800001/80000093/4414222180000180000093-C-0001_wm.jpg|http://www.museumschina.cn/img/waterMark/2019-01-02-14-28-22/yipu/da/44/14/22/21800001/80000093/4414222180000180000093-C-0002_wm.jpg|http://www.museumschina.cn/img/waterMark/2019-01-02-14-28-22/yipu/da/44/14/22/21800001/80000093/4414222180000180000093-E-0001_wm.jpg|http://www.museumschina.cn/img/waterMark/2019-01-02-14-28-22/yipu/da/44/14/22/21800001/80000093/4414222180000180000093-F-0001_wm.jpg
https://www.museumschina.cn/collection/details?id=3c2ffacaefdd4aee8ecad8f6e908c1fb,http://www.museumschina.cn/img/waterMark/2019-01-02-14-28-22/yipu/da/62/11/24/21800003/00000205/6211242180000300000205-A-0001_wm.jpg,新石器时代马家窑文化葫芦网格纹彩陶双耳罐,临洮县博物馆,陶器,新石器时代,二级,,单一/无机质/陶,http://www.museumschina.cn/img/waterMark/2019-01-02-14-28-22/yipu/da/62/11/24/21800003/00000205/6211242180000300000205-A-0001_wm.jpg|http://www.museumschina.cn/img/waterMark/2019-01-02-14-28-22/yipu/da/62/11/24/21800003/00000205/6211242180000300000205-A-0002_wm.jpg|http://www.museumschina.cn/img/waterMark/2019-01-02-14-28-22/yipu/da/62/11/24/21800003/00000205/6211242180000300000205-B-0001_wm.jpg|http://www.museumschina.cn/img/waterMark/2019-01-02-14-28-22/yipu/da/62/11/24/21800003/00000205/6211242180000300000205-F-0001_wm.jpg|http://www.museumschina.cn/img/waterMark/2019-01-02-14-28-22/yipu/da/62/11/24/21800003/00000205/6211242180000300000205-F-0002_wm.jpg
https://www.museumschina.cn/collection/details?id=2E006DE057A1466D9A25A22E5D9D2C29,http://www.museumschina.cn/img/waterMark/2019-01-02-14-28-22/yipu/da/62/30/22/21800001/00000050/6230222180000100000050-A-0001_wm.jpg,新石器时代·平口双耳灰陶罐,卓尼县博物馆,陶器,新石器时代,未定级,,单一/无机质/陶,http://www.museumschina.cn/img/waterMark/2019-01-02-14-28-22/yipu/da/62/30/22/21800001/00000050/6230222180000100000050-A-0001_wm.jpg|http://www.museumschina.cn/img/waterMark/2019-01-02-14-28-22/yipu/da/62/30/22/21800001/00000050/6230222180000100000050-A-0002_wm.jpg|http://www.museumschina.cn/img/waterMark/2019-01-02-14-28-22/yipu/da/62/30/22/21800001/00000050/6230222180000100000050-B-0001_wm.jpg|http://www.museumschina.cn/img/waterMark/2019-01-02-14-28-22/yipu/da/62/30/22/21800001/00000050/6230222180000100000050-C-0001_wm.jpg|http://www.museumschina.cn/img/waterMark/2019-01-02-14-28-22/yipu/da/62/30/22/21800001/00000050/6230222180000100000050-C-0002_wm.jpg|http://www.museumschina.cn/img/waterMark/2019-01-02-14-28-22/yipu/da/62/30/22/21800001/00000050/6230222180000100000050-F-0001_wm.jpg
https://www.museumschina.cn/collection/details?id=2E138B6C56164A9BA826119144E6EEBF,http://www.museumschina.cn/img/waterMark/2019-01-02-14-28-22/yipu/da/23/12/81/21800002/00000009/2312812180000200000009-A-0001_wm.jpg,新石器时代篦点纹夹砂蚌陶片,黑龙江省绥化市安达市数字博物馆,陶器,新石器时代,一般,1997,单一/无机质/陶,http://www.museumschina.cn/img/waterMark/2019-01-02-14-28-22/yipu/da/23/12/81/21800002/00000009/2312812180000200000009-A-0001_wm.jpg
https://www.museumschina.cn/collection/details?id=2e296a5f189b46159e05f5a08f174ecc,http://www.museumschina.cn/img/waterMark/2019-01-02-14-28-22/yipu/da/23/01/26/21800001/00000172/2301262180000100000172-A-0001_wm.jpg,新石器时期王脖子山遗址陶网坠,黑龙江省哈尔滨市巴彦县数字博物馆,陶器,新石器时代,一般,2003,单一/无机质/陶,http://www.museumschina.cn/img/waterMark/2019-01-02-14-28-22/yipu/da/23/01/26/21800001/00000172/2301262180000100000172-A-0001_wm.jpg
https://www.museumschina.cn/collection/details?id=2e4d7cf934a8499ca8e4d106bb205061,http://www.museumschina.cn/img/waterMark/2019-01-02-14-28-22/yipu/da/33/02/06/21800001/10003356/3302062180000110003356-A-0001_wm.jpg,新石器时代陶拍,宁波中国港口博物馆,陶器,新石器时代,三级,1998,单一/无机质/陶,http://www.museumschina.cn/img/waterMark/2019-01-02-14-28-22/yipu/da/33/02/06/21800001/10003356/3302062180000110003356-A-0001_wm.jpg|http://www.museumschina.cn/img/waterMark/2019-01-02-14-28-22/yipu/da/33/02/06/21800001/10003356/3302062180000110003356-B-0001_wm.jpg|http://www.museumschina.cn/img/waterMark/2019-01-02-14-28-22/yipu/da/33/02/06/21800001/10003356/3302062180000110003356-C-0001_wm.jpg|http://www.museumschina.cn/img/waterMark/2019-01-02-14-28-22/yipu/da/33/02/06/21800001/10003356/3302062180000110003356-D-0001_wm.jpg|http://www.museumschina.cn/img/waterMark/2019-01-02-14-28-22/yipu/da/33/02/06/21800001/10003356/3302062180000110003356-F-0001_wm.jpg
https://www.museumschina.cn/collection/details?id=2EDB773628EF4D23BCF22E98758711CE,http://www.museumschina.cn/img/waterMark/2019-01-02-14-28-22/yipu/da/23/02/05/21800001/00001584/2302052180000100001584-A-0001_wm.jpg,新石器时代陶罐,昂昂溪遗址博物馆,陶器,新石器时代,三级,1996,单一/无机质/陶,http://www.museumschina.cn/img/waterMark/2019-01-02-14-28-22/yipu/da/23/02/05/21800001/00001584/2302052180000100001584-A-0001_wm.jpg|http://www.museumschina.cn/img/waterMark/2019-01-02-14-28-22/yipu/da/23/02/05/21800001/00001584/2302052180000100001584-A-0002_wm.jpg|http://www.museumschina.cn/img/waterMark/2019-01-02-14-28-22/yipu/da/23/02/05/21800001/00001584/2302052180000100001584-B-0001_wm.jpg|http://www.museumschina.cn/img/waterMark/2019-01-02-14-28-22/yipu/da/23/02/05/21800001/00001584/2302052180000100001584-F-0001_wm.jpg
https://www.museumschina.cn/collection/details?id=2F6E4ECA3E8B4205AA8D49D42F73B91E,http://www.museumschina.cn/img/waterMark/2019-01-02-14-28-22/yipu/da/62/11/02/21800002/00001096/6211022180000200001096-A-0002_wm.jpg,新石器时代马家窑文化四圈菱格纹彩陶双耳罐,安定区博物馆,陶器,新石器时代,二级,1982,单一/无机质/陶,http://www.museumschina.cn/img/waterMark/2019-01-02-14-28-22/yipu/da/62/11/02/21800002/00001096/6211022180000200001096-A-0002_wm.jpg
https://www.museumschina.cn/collection/details?id=3003ec205a3544c894a0b1281a1bdd89,http://www.museumschina.cn/img/waterMark/2019-01-02-14-28-22/yipu/da/35/09/81/21800001/10106917/3509812180000110106917-A-01_wm.JPG,新石器时代棕色彩绘陶簋,-,陶器,新石器时代,一级,1965,单一/无机质/陶,http://www.museumschina.cn/img/waterMark/2019-01-02-14-28-22/yipu/da/35/09/81/21800001/10106917/3509812180000110106917-A-01_wm.JPG|http://www.museumschina.cn/img/waterMark/2019-01-02-14-28-22/yipu/da/35/09/81/21800001/10106917/3509812180000110106917-B-01_wm.JPG|http://www.museumschina.cn/img/waterMark/2019-01-02-14-28-22/yipu/da/35/09/81/21800001/10106917/3509812180000110106917-C-01_wm.JPG|http://www.museumschina.cn/img/waterMark/2019-01-02-14-28-22/yipu/da/35/09/81/21800001/10106917/3509812180000110106917-C-02_wm.JPG|http://www.museumschina.cn/img/waterMark/2019-01-02-14-28-22/yipu/da/35/09/81/21800001/10106917/3509812180000110106917-E-01_wm.JPG|http://www.museumschina.cn/img/waterMark/2019-01-02-14-28-22/yipu/da/35/09/81/21800001/10106917/3509812180000110106917-E-02_wm.JPG|http://www.museumschina.cn/img/waterMark/2019-01-02-14-28-22/yipu/da/35/09/81/21800001/10106917/3509812180000110106917-E-03_wm.JPG|http://www.museumschina.cn/img/waterMark/2019-01-02-14-28-22/yipu/da/35/09/81/21800001/10106917/3509812180000110106917-K-01_wm.JPG
https://www.museumschina.cn/collection/details?id=30211016578C4C40B272DB40790D92E6,http://www.museumschina.cn/img/waterMark/2019-01-02-14-28-22/yipu/da/23/05/23/21800001/00000059/2305232180000100000059-A-0001_wm.jpg,新石器时代柱形陶网坠,宝清县博物馆,陶器,新石器时代,三级,2009,单一/无机质/陶,http://www.museumschina.cn/img/waterMark/2019-01-02-14-28-22/yipu/da/23/05/23/21800001/00000059/2305232180000100000059-A-0001_wm.jpg|http://www.museumschina.cn/img/waterMark/2019-01-02-14-28-22/yipu/da/23/05/23/21800001/00000059/2305232180000100000059-B-0001_wm.jpg|http://www.museumschina.cn/img/waterMark/2019-01-02-14-28-22/yipu/da/23/05/23/21800001/00000059/2305232180000100000059-F-0001_wm.jpg
https://www.museumschina.cn/collection/details?id=303884a6240f4ee08ab66ae2848de88d,http://www.museumschina.cn/img/waterMark/2019-01-02-14-28-22/yipu/da/62/29/21/21800002/00000018/6229212180000200000018-A-0001_wm.jpg,新石器时代马家窑文化四大圆圈纹彩陶罐,临夏县博物馆,陶器,新石器时代,一般,1991,单一/无机质/泥,http://www.museumschina.cn/img/waterMark/2019-01-02-14-28-22/yipu/da/62/29/21/21800002/00000018/6229212180000200000018-A-0001_wm.jpg|http://www.museumschina.cn/img/waterMark/2019-01-02-14-28-22/yipu/da/62/29/21/21800002/00000018/6229212180000200000018-B-0001_wm.jpg|http://www.museumschina.cn/img/waterMark/2019-01-02-14-28-22/yipu/da/62/29/21/21800002/00000018/6229212180000200000018-F-0001_wm.jpg
https://www.museumschina.cn/collection/details?id=3082A32E52F7435F806B8AF076EAD564,http://www.museumschina.cn/img/waterMark/2019-01-02-14-28-22/yipu/da/23/02/05/21800001/00002045/2302052180000100002045-A-0001_wm.jpg,新石器时代附加堆纹陶器口沿残片,昂昂溪遗址博物馆,陶器,新石器时代,一般,2002,单一/无机质/陶,http://www.museumschina.cn/img/waterMark/2019-01-02-14-28-22/yipu/da/23/02/05/21800001/00002045/2302052180000100002045-A-0001_wm.jpg
https://www.museumschina.cn/collection/details?id=32784B858078412D8A763EC008769896,http://www.museumschina.cn/img/waterMark/2019-01-02-14-28-22/yipu/da/33/02/05/21800002/00000508/3302052180000200000508-A-0001_wm.jpg,新石器时代陶纺轮,浙江省宁波市江北区数字博物馆,陶器,新石器时代,一般,,单一/无机质/陶,http://www.museumschina.cn/img/waterMark/2019-01-02-14-28-22/yipu/da/33/02/05/21800002/00000508/3302052180000200000508-A-0001_wm.jpg|http://www.museumschina.cn/img/waterMark/2019-01-02-14-28-22/yipu/da/33/02/05/21800002/00000508/3302052180000200000508-A-0002_wm.jpg|http://www.museumschina.cn/img/waterMark/2019-01-02-14-28-22/yipu/da/33/02/05/21800002/00000508/3302052180000200000508-A-0003_wm.jpg|http://www.museumschina.cn/img/waterMark/2019-01-02-14-28-22/yipu/da/33/02/05/21800002/00000508/3302052180000200000508-A-0004_wm.jpg|http://www.museumschina.cn/img/waterMark/2019-01-02-14-28-22/yipu/da/33/02/05/21800002/00000508/3302052180000200000508-B-0001_wm.jpg|http://www.museumschina.cn/img/waterMark/2019-01-02-14-28-22/yipu/da/33/02/05/21800002/00000508/3302052180000200000508-F-0001_wm.jpg
https://www.museumschina.cn/collection/details?id=335975668c1e49c08b777c01e4090107,http://www.museumschina.cn/img/waterMark/2019-01-02-14-28-22/yipu/da/35/01/24/21800002/10023843/3501242180000210023843-A-0001_wm.jpg,新石器时代陶罐,闽清县博物馆,陶器,新石器时代,一般,2013,单一/无机质/陶,http://www.museumschina.cn/img/waterMark/2019-01-02-14-28-22/yipu/da/35/01/24/21800002/10023843/3501242180000210023843-A-0001_wm.jpg|http://www.museumschina.cn/img/waterMark/2019-01-02-14-28-22/yipu/da/35/01/24/21800002/10023843/3501242180000210023843-B-0001_wm.jpg|http://www.museumschina.cn/img/waterMark/2019-01-02-14-28-22/yipu/da/35/01/24/21800002/10023843/3501242180000210023843-C-0001_wm.jpg|http://www.museumschina.cn/img/waterMark/2019-01-02-14-28-22/yipu/da/35/01/24/21800002/10023843/3501242180000210023843-C-0002_wm.jpg|http://www.museumschina.cn/img/waterMark/2019-01-02-14-28-22/yipu/da/35/01/24/21800002/10023843/3501242180000210023843-D-0001_wm.jpg|http://www.museumschina.cn/img/waterMark/2019-01-02-14-28-22/yipu/da/35/01/24/21800002/10023843/3501242180000210023843-E-0001_wm.jpg|http://www.museumschina.cn/img/waterMark/2019-01-02-14-28-22/yipu/da/35/01/24/21800002/10023843/3501242180000210023843-E-0002_wm.jpg|http://www.museumschina.cn/img/waterMark/2019-01-02-14-28-22/yipu/da/35/01/24/21800002/10023843/3501242180000210023843-F-0001_wm.jpg
https://www.museumschina.cn/collection/details?id=3371507E0EF841EEBC6ED2745D6A8873,http://www.museumschina.cn/img/waterMark/2019-01-02-14-28-22/yipu/da/44/09/23/21800001/00000057/4409232180000100000057-A-0001_wm.jpg,新石器时代蛙纹双耳彩陶壶,电白县博物馆,陶器,新石器时代,三级,1990,单一/无机质/陶,http://www.museumschina.cn/img/waterMark/2019-01-02-14-28-22/yipu/da/44/09/23/21800001/00000057/4409232180000100000057-A-0001_wm.jpg|http://www.museumschina.cn/img/waterMark/2019-01-02-14-28-22/yipu/da/44/09/23/21800001/00000057/4409232180000100000057-B-0001_wm.jpg|http://www.museumschina.cn/img/waterMark/2019-01-02-14-28-22/yipu/da/44/09/23/21800001/00000057/4409232180000100000057-C-0001_wm.jpg|http://www.museumschina.cn/img/waterMark/2019-01-02-14-28-22/yipu/da/44/09/23/21800001/00000057/4409232180000100000057-F-0001_wm.jpg
https://www.museumschina.cn/collection/details?id=33768b077e2e4e4f9fcde634503adc30,http://www.museumschina.cn/img/waterMark/2019-01-02-14-28-22/yipu/da/44/07/83/21800002/80000194/4407832180000280000194-A-0001_wm.jpg,新石器时代双系彩陶罐,开平市华侨博物馆,陶器,新石器时代,三级,1987,单一/无机质/陶,http://www.museumschina.cn/img/waterMark/2019-01-02-14-28-22/yipu/da/44/07/83/21800002/80000194/4407832180000280000194-A-0001_wm.jpg|http://www.museumschina.cn/img/waterMark/2019-01-02-14-28-22/yipu/da/44/07/83/21800002/80000194/4407832180000280000194-A-1028_wm.jpg|http://www.museumschina.cn/img/waterMark/2019-01-02-14-28-22/yipu/da/44/07/83/21800002/80000194/4407832180000280000194-A-1029_wm.jpg|http://www.museumschina.cn/img/waterMark/2019-01-02-14-28-22/yipu/da/44/07/83/21800002/80000194/4407832180000280000194-A-1030_wm.jpg|http://www.museumschina.cn/img/waterMark/2019-01-02-14-28-22/yipu/da/44/07/83/21800002/80000194/4407832180000280000194-A-1031_wm.jpg|http://www.museumschina.cn/img/waterMark/2019-01-02-14-28-22/yipu/da/44/07/83/21800002/80000194/4407832180000280000194-A-1032_wm.jpg|http://www.museumschina.cn/img/waterMark/2019-01-02-14-28-22/yipu/da/44/07/83/21800002/80000194/4407832180000280000194-A-1033_wm.jpg|http://www.museumschina.cn/img/waterMark/2019-01-02-14-28-22/yipu/da/44/07/83/21800002/80000194/4407832180000280000194-A-1034_wm.jpg|http://www.museumschina.cn/img/waterMark/2019-01-02-14-28-22/yipu/da/44/07/83/21800002/80000194/4407832180000280000194-B-0001_wm.jpg|http://www.museumschina.cn/img/waterMark/2019-01-02-14-28-22/yipu/da/44/07/83/21800002/80000194/4407832180000280000194-C-0001_wm.jpg|http://www.museumschina.cn/img/waterMark/2019-01-02-14-28-22/yipu/da/44/07/83/21800002/80000194/4407832180000280000194-C-0002_wm.jpg|http://www.museumschina.cn/img/waterMark/2019-01-02-14-28-22/yipu/da/44/07/83/21800002/80000194/4407832180000280000194-C-0003_wm.jpg|http://www.museumschina.cn/img/waterMark/2019-01-02-14-28-22/yipu/da/44/07/83/21800002/80000194/4407832180000280000194-D-0001_wm.jpg|http://www.museumschina.cn/img/waterMark/2019-01-02-14-28-22/yipu/da/44/07/83/21800002/80000194/4407832180000280000194-F-0001_wm.jpg
https://www.museumschina.cn/collection/details?id=3406ed1ea7124caabde3d88f7a2198ac,http://www.museumschina.cn/img/waterMark/2019-01-02-14-28-22/yipu/da/62/08/26/21800001/00000234/6208262180000100000234-A-0001_wm.jpg,齐家文化篮纹敞口盆,静宁县博物馆,陶器,新石器时代,二级,1983,单一/无机质/陶,http://www.museumschina.cn/img/waterMark/2019-01-02-14-28-22/yipu/da/62/08/26/21800001/00000234/6208262180000100000234-A-0001_wm.jpg|http://www.museumschina.cn/img/waterMark/2019-01-02-14-28-22/yipu/da/62/08/26/21800001/00000234/6208262180000100000234-B-0001_wm.jpg|http://www.museumschina.cn/img/waterMark/2019-01-02-14-28-22/yipu/da/62/08/26/21800001/00000234/6208262180000100000234-F-0001_wm.jpg
https://www.museumschina.cn/collection/details?id=34f1baa662e94fabab4f42a8a4f6e7d7,http://www.museumschina.cn/img/waterMark/2019-01-02-14-28-22/yipu/da/14/08/27/21800006/10007792/1408272180000610007792-A-0001_wm.jpg,新石器时代黑石质单刃石凿,垣曲县自然博物馆,陶器,新石器时代,三级,,单一/无机质/石,http://www.museumschina.cn/img/waterMark/2019-01-02-14-28-22/yipu/da/14/08/27/21800006/10007792/1408272180000610007792-A-0001_wm.jpg|http://www.museumschina.cn/img/waterMark/2019-01-02-14-28-22/yipu/da/14/08/27/21800006/10007792/1408272180000610007792-C-0001_wm.jpg|http://www.museumschina.cn/img/waterMark/2019-01-02-14-28-22/yipu/da/14/08/27/21800006/10007792/1408272180000610007792-C-0002_wm.jpg|http://www.museumschina.cn/img/waterMark/2019-01-02-14-28-22/yipu/da/14/08/27/21800006/10007792/1408272180000610007792-C-0003_wm.jpg|http://www.museumschina.cn/img/waterMark/2019-01-02-14-28-22/yipu/da/14/08/27/21800006/10007792/1408272180000610007792-C-0004_wm.jpg|http://www.museumschina.cn/img/waterMark/2019-01-02-14-28-22/yipu/da/14/08/27/21800006/10007792/1408272180000610007792-D-0001_wm.jpg
https://www.museumschina.cn/collection/details?id=3508d85d23c848a8a5d702fe79c8fab5,http://www.museumschina.cn/img/waterMark/2019-01-02-14-28-22/yipu/da/62/05/23/41800001/00000089/6205234180000100000089-A-0001_wm.jpg,水虫纹彩陶壶,甘谷县博物馆,陶器,新石器时代,二级,,单一/无机质/陶,http://www.museumschina.cn/img/waterMark/2019-01-02-14-28-22/yipu/da/62/05/23/41800001/00000089/6205234180000100000089-A-0001_wm.jpg|http://www.museumschina.cn/img/waterMark/2019-01-02-14-28-22/yipu/da/62/05/23/41800001/00000089/6205234180000100000089-E-0001_wm.jpg
https://www.museumschina.cn/collection/details?id=2528cb4ebe3844ca83b3acb5d967b7f3,http://www.museumschina.cn/img/waterMark/2019-01-02-14-28-22/yipu/da/35/01/24/21800002/10024024/3501242180000210024024-A-0001_wm.jpg,新石器时代陶纺轮,闽清县博物馆,陶器,新石器时代,一般,2013,单一/无机质/陶,http://www.museumschina.cn/img/waterMark/2019-01-02-14-28-22/yipu/da/35/01/24/21800002/10024024/3501242180000210024024-A-0001_wm.jpg|http://www.museumschina.cn/img/waterMark/2019-01-02-14-28-22/yipu/da/35/01/24/21800002/10024024/3501242180000210024024-C-0001_wm.jpg|http://www.museumschina.cn/img/waterMark/2019-01-02-14-28-22/yipu/da/35/01/24/21800002/10024024/3501242180000210024024-F-0001_wm.jpg
https://www.museumschina.cn/collection/details?id=2547e863f98546b597976d10e05c0519,http://www.museumschina.cn/img/waterMark/2019-01-02-14-28-22/yipu/da/51/33/23/21800001/00000226/5133232180000100000226-A-0001_wm.jpg,新石器时代陶单耳豆,四川省甘孜藏族自治州丹巴县数字博物馆,陶器,新石器时代,未定级,,单一/无机质/陶,http://www.museumschina.cn/img/waterMark/2019-01-02-14-28-22/yipu/da/51/33/23/21800001/00000226/5133232180000100000226-A-0001_wm.jpg
https://www.museumschina.cn/collection/details?id=259BD1B7662943B8B247E8E0530845A2,http://www.museumschina.cn/img/waterMark/2019-01-02-14-28-22/yipu/da/23/05/23/21800001/00000050/2305232180000100000050-A-0001_wm.jpg,新石器时代斜划纹陶罐,宝清县博物馆,陶器,新石器时代,二级,2007,单一/无机质/陶,http://www.museumschina.cn/img/waterMark/2019-01-02-14-28-22/yipu/da/23/05/23/21800001/00000050/2305232180000100000050-A-0001_wm.jpg|http://www.museumschina.cn/img/waterMark/2019-01-02-14-28-22/yipu/da/23/05/23/21800001/00000050/2305232180000100000050-B-0001_wm.jpg|http://www.museumschina.cn/img/waterMark/2019-01-02-14-28-22/yipu/da/23/05/23/21800001/00000050/2305232180000100000050-F-0001_wm.jpg
https://www.museumschina.cn/collection/details?id=266338CBB607417BB3745A4DF716D71E,http://www.museumschina.cn/img/waterMark/2019-01-02-14-28-22/yipu/da/62/30/22/21800001/00000276/6230222180000100000276-A-0001_wm.jpg,新石器时代·双耳敞口红陶罐,卓尼县博物馆,陶器,新石器时代,未定级,2008,单一/无机质/陶,http://www.museumschina.cn/img/waterMark/2019-01-02-14-28-22/yipu/da/62/30/22/21800001/00000276/6230222180000100000276-A-0001_wm.jpg|http://www.museumschina.cn/img/waterMark/2019-01-02-14-28-22/yipu/da/62/30/22/21800001/00000276/6230222180000100000276-A-0002_wm.jpg|http://www.museumschina.cn/img/waterMark/2019-01-02-14-28-22/yipu/da/62/30/22/21800001/00000276/6230222180000100000276-B-0001_wm.jpg|http://www.museumschina.cn/img/waterMark/2019-01-02-14-28-22/yipu/da/62/30/22/21800001/00000276/6230222180000100000276-C-0001_wm.jpg|http://www.museumschina.cn/img/waterMark/2019-01-02-14-28-22/yipu/da/62/30/22/21800001/00000276/6230222180000100000276-C-0002_wm.jpg|http://www.museumschina.cn/img/waterMark/2019-01-02-14-28-22/yipu/da/62/30/22/21800001/00000276/6230222180000100000276-F-0001_wm.jpg
https://www.museumschina.cn/collection/details?id=2744AC78D32747879A11E0F65D514A33,http://www.museumschina.cn/img/waterMark/2019-01-02-14-28-22/yipu/da/31/01/15/21800004/00002106/3101152180000400002106-A-0031_wm.jpg,灰陶双鼻壶,上海市浦东新区数字博物馆,陶器,新石器时代,未定级,2001,单一/无机质/陶,http://www.museumschina.cn/img/waterMark/2019-01-02-14-28-22/yipu/da/31/01/15/21800004/00002106/3101152180000400002106-A-0031_wm.jpg|http://www.museumschina.cn/img/waterMark/2019-01-02-14-28-22/yipu/da/31/01/15/21800004/00002106/3101152180000400002106-C-0001_wm.jpg|http://www.museumschina.cn/img/waterMark/2019-01-02-14-28-22/yipu/da/31/01/15/21800004/00002106/3101152180000400002106-E-0016_wm.jpg|http://www.museumschina.cn/img/waterMark/2019-01-02-14-28-22/yipu/da/31/01/15/21800004/00002106/3101152180000400002106-E-0017_wm.jpg|http://www.museumschina.cn/img/waterMark/2019-01-02-14-28-22/yipu/da/31/01/15/21800004/00002106/3101152180000400002106-F-0030_wm.jpg
https://www.museumschina.cn/collection/details?id=2783D88F995A44B7959941B73D2CF7FA,http://www.museumschina.cn/img/waterMark/2019-01-02-14-28-22/yipu/da/53/04/23/21800016/00000401/5304232180001600000401-A-0001_wm.jpg,新石器时代鸡形陶壶,通海县博物馆,陶器,新石器时代,三级,1986,单一/无机质/陶,http://www.museumschina.cn/img/waterMark/2019-01-02-14-28-22/yipu/da/53/04/23/21800016/00000401/5304232180001600000401-A-0001_wm.jpg|http://www.museumschina.cn/img/waterMark/2019-01-02-14-28-22/yipu/da/53/04/23/21800016/00000401/5304232180001600000401-B-0001_wm.jpg|http://www.museumschina.cn/img/waterMark/2019-01-02-14-28-22/yipu/da/53/04/23/21800016/00000401/5304232180001600000401-C-0001_wm.jpg|http://www.museumschina.cn/img/waterMark/2019-01-02-14-28-22/yipu/da/53/04/23/21800016/00000401/5304232180001600000401-F-0001_wm.jpg
https://www.museumschina.cn/collection/details?id=27A082089DF743E88ADDFBB1B7AFDC0E,http://www.museumschina.cn/img/waterMark/2019-01-02-14-28-22/yipu/da/53/05/24/21800002/00000023/5305242180000200000023-A-0001_wm.jpg,新石器时代圜底陶罐,云南省保山市昌宁县数字博物馆,陶器,新石器时代,一般,1996,单一/无机质/陶,http://www.museumschina.cn/img/waterMark/2019-01-02-14-28-22/yipu/da/53/05/24/21800002/00000023/5305242180000200000023-A-0001_wm.jpg|http://www.museumschina.cn/img/waterMark/2019-01-02-14-28-22/yipu/da/53/05/24/21800002/00000023/5305242180000200000023-C-0001_wm.jpg|http://www.museumschina.cn/img/waterMark/2019-01-02-14-28-22/yipu/da/53/05/24/21800002/00000023/5305242180000200000023-C-0002_wm.jpg|http://www.museumschina.cn/img/waterMark/2019-01-02-14-28-22/yipu/da/53/05/24/21800002/00000023/5305242180000200000023-D-0001_wm.jpg
https://www.museumschina.cn/collection/details?id=27ffb4e2fb5f48bc829d9786fc6f3077,http://www.museumschina.cn/img/waterMark/2019-01-02-14-28-22/yipu/da/44/14/22/21800001/80000092/4414222180000180000092-A-0001_wm.jpg,新石器时代四大圆圈双耳彩陶壶,大埔县博物馆,陶器,新石器时代,二级,1987,单一/无机质/陶,http://www.museumschina.cn/img/waterMark/2019-01-02-14-28-22/yipu/da/44/14/22/21800001/80000092/4414222180000180000092-A-0001_wm.jpg|http://www.museumschina.cn/img/waterMark/2019-01-02-14-28-22/yipu/da/44/14/22/21800001/80000092/4414222180000180000092-B-0001_wm.jpg|http://www.museumschina.cn/img/waterMark/2019-01-02-14-28-22/yipu/da/44/14/22/21800001/80000092/4414222180000180000092-C-0001_wm.jpg|http://www.museumschina.cn/img/waterMark/2019-01-02-14-28-22/yipu/da/44/14/22/21800001/80000092/4414222180000180000092-E-0001_wm.jpg|http://www.museumschina.cn/img/waterMark/2019-01-02-14-28-22/yipu/da/44/14/22/21800001/80000092/4414222180000180000092-F-0001_wm.jpg
https://www.museumschina.cn/collection/details?id=2883252E82D641048C27E08DDE864194,http://www.museumschina.cn/img/waterMark/2019-01-02-14-28-22/yipu/da/33/04/21/21800002/00002503/3304212180000200002503-A-0001_wm.jpg,新石器时代崧泽文化陶网坠,嘉善县博物馆（嘉善县文物保护所）,陶器,新石器时代,一般,,单一/无机质/陶,http://www.museumschina.cn/img/waterMark/2019-01-02-14-28-22/yipu/da/33/04/21/21800002/00002503/3304212180000200002503-A-0001_wm.jpg|http://www.museumschina.cn/img/waterMark/2019-01-02-14-28-22/yipu/da/33/04/21/21800002/00002503/3304212180000200002503-C-0001_wm.jpg|http://www.museumschina.cn/img/waterMark/2019-01-02-14-28-22/yipu/da/33/04/21/21800002/00002503/3304212180000200002503-F-0001_wm.jpg
https://www.museumschina.cn/collection/details?id=28e0b99f0fa44c7bbf75bf34e02e3dbc,http://www.museumschina.cn/img/waterMark/2019-01-02-14-28-22/yipu/da/44/09/81/21800001/00001073/4409812180000100001073-A-0001_wm.jpg,新石器时代方格纹双耳彩陶壶,高州市博物馆,陶器,新石器时代,二级,,单一/无机质/陶,http://www.museumschina.cn/img/waterMark/2019-01-02-14-28-22/yipu/da/44/09/81/21800001/00001073/4409812180000100001073-A-0001_wm.jpg|http://www.museumschina.cn/img/waterMark/2019-01-02-14-28-22/yipu/da/44/09/81/21800001/00001073/4409812180000100001073-A-0002_wm.jpg|http://www.museumschina.cn/img/waterMark/2019-01-02-14-28-22/yipu/da/44/09/81/21800001/00001073/4409812180000100001073-B-0001_wm.jpg|http://www.museumschina.cn/img/waterMark/2019-01-02-14-28-22/yipu/da/44/09/81/21800001/00001073/4409812180000100001073-C-0001_wm.jpg|http://www.museumschina.cn/img/waterMark/2019-01-02-14-28-22/yipu/da/44/09/81/21800001/00001073/4409812180000100001073-D-0001_wm.jpg|http://www.museumschina.cn/img/waterMark/2019-01-02-14-28-22/yipu/da/44/09/81/21800001/00001073/4409812180000100001073-E-0001_wm.jpg|http://www.museumschina.cn/img/waterMark/2019-01-02-14-28-22/yipu/da/44/09/81/21800001/00001073/4409812180000100001073-F-0001_wm.jpg
https://www.museumschina.cn/collection/details?id=2914809b6c664c0293ae2dff93bdb22b,http://www.museumschina.cn/img/waterMark/2019-01-02-14-28-22/yipu/da/62/29/21/21800002/00000033/6229212180000200000033-A-0001_wm.jpg,新石器时代马家窑文化半山类型网格纹双耳彩陶罐,临夏县博物馆,陶器,新石器时代,一般,2012,单一/无机质/泥,http://www.museumschina.cn/img/waterMark/2019-01-02-14-28-22/yipu/da/62/29/21/21800002/00000033/6229212180000200000033-A-0001_wm.jpg|http://www.museumschina.cn/img/waterMark/2019-01-02-14-28-22/yipu/da/62/29/21/21800002/00000033/6229212180000200000033-B-0001_wm.jpg|http://www.museumschina.cn/img/waterMark/2019-01-02-14-28-22/yipu/da/62/29/21/21800002/00000033/6229212180000200000033-F-0001_wm.jpg
https://www.museumschina.cn/collection/details?id=2960d158b6ba4f7ba43f87cedae74a49,http://www.museumschina.cn/img/waterMark/2019-01-02-14-28-22/yipu/da/62/10/02/21800002/00000741/6210022180000200000741-A-0001_wm.jpg,新石器时代葫芦形红陶瓶,庆阳市西峰区博物馆,陶器,新石器时代,三级,1993,单一/无机质/陶,http://www.museumschina.cn/img/waterMark/2019-01-02-14-28-22/yipu/da/62/10/02/21800002/00000741/6210022180000200000741-A-0001_wm.jpg|http://www.museumschina.cn/img/waterMark/2019-01-02-14-28-22/yipu/da/62/10/02/21800002/00000741/6210022180000200000741-B-0001_wm.jpg|http://www.museumschina.cn/img/waterMark/2019-01-02-14-28-22/yipu/da/62/10/02/21800002/00000741/6210022180000200000741-C-0001_wm.jpg
https://www.museumschina.cn/collection/details?id=29DE80B4062C4C78B388F038C85D0905,http://www.museumschina.cn/img/waterMark/2019-01-02-14-28-22/yipu/da/53/23/24/21800003/00000015/5323242180000300000015-A-0000_wm.jpg,新石器时代双耳双纽丁陶罐,云南省楚雄彝族自治州南华县数字博物馆,陶器,新石器时代,一般,1996,单一/无机质/陶,http://www.museumschina.cn/img/waterMark/2019-01-02-14-28-22/yipu/da/53/23/24/21800003/00000015/5323242180000300000015-A-0000_wm.jpg|http://www.museumschina.cn/img/waterMark/2019-01-02-14-28-22/yipu/da/53/23/24/21800003/00000015/5323242180000300000015-B-0000_wm.jpg|http://www.museumschina.cn/img/waterMark/2019-01-02-14-28-22/yipu/da/53/23/24/21800003/00000015/5323242180000300000015-C-0000_wm.jpg|http://www.museumschina.cn/img/waterMark/2019-01-02-14-28-22/yipu/da/53/23/24/21800003/00000015/5323242180000300000015-E-0000_wm.jpg|http://www.museumschina.cn/img/waterMark/2019-01-02-14-28-22/yipu/da/53/23/24/21800003/00000015/5323242180000300000015-E-0001_wm.jpg
https://www.museumschina.cn/collection/details?id=2c55c3c02d114d24af8834df6ce5dbe3,http://www.museumschina.cn/img/waterMark/2019-01-02-14-28-22/yipu/da/35/09/81/21800004/10000316/3509812180000410000316-A-0001_wm.jpg,新石器时代昙石山文化夹砂绳纹黄陶壶,福建省昙石山遗址博物馆,陶器,新石器时代,一级,2001,单一/无机质/陶,http://www.museumschina.cn/img/waterMark/2019-01-02-14-28-22/yipu/da/35/09/81/21800004/10000316/3509812180000410000316-A-0001_wm.jpg|http://www.museumschina.cn/img/waterMark/2019-01-02-14-28-22/yipu/da/35/09/81/21800004/10000316/3509812180000410000316-B-0001_wm.jpg|http://www.museumschina.cn/img/waterMark/2019-01-02-14-28-22/yipu/da/35/09/81/21800004/10000316/3509812180000410000316-F-0001_wm.jpg
https://www.museumschina.cn/collection/details?id=2cc24f247bdd49dabc30aa7e312d29a1,http://www.museumschina.cn/img/waterMark/2019-01-02-14-28-22/yipu/da/44/12/24/21800001/00000179/4412242180000100000179-A-0001_wm.jpg,新石器时代马家窑文化网格纹单系彩陶壶,怀集县博物馆,陶器,新石器时代,三级,1989,单一/无机质/陶,http://www.museumschina.cn/img/waterMark/2019-01-02-14-28-22/yipu/da/44/12/24/21800001/00000179/4412242180000100000179-A-0001_wm.jpg|http://www.museumschina.cn/img/waterMark/2019-01-02-14-28-22/yipu/da/44/12/24/21800001/00000179/4412242180000100000179-A-0002_wm.jpg|http://www.museumschina.cn/img/waterMark/2019-01-02-14-28-22/yipu/da/44/12/24/21800001/00000179/4412242180000100000179-A-0003_wm.jpg|http://www.museumschina.cn/img/waterMark/2019-01-02-14-28-22/yipu/da/44/12/24/21800001/00000179/4412242180000100000179-A-0004_wm.jpg|http://www.museumschina.cn/img/waterMark/2019-01-02-14-28-22/yipu/da/44/12/24/21800001/00000179/4412242180000100000179-B-0001_wm.jpg|http://www.museumschina.cn/img/waterMark/2019-01-02-14-28-22/yipu/da/44/12/24/21800001/00000179/4412242180000100000179-E-0001_wm.jpg|http://www.museumschina.cn/img/waterMark/2019-01-02-14-28-22/yipu/da/44/12/24/21800001/00000179/4412242180000100000179-F-0001_wm.jpg
https://www.museumschina.cn/collection/details?id=2cf74d05e1b54ab7b5af556e005ecc67,http://www.museumschina.cn/img/waterMark/2019-01-02-14-28-22/yipu/da/62/30/24/21800001/00000011/6230242180000100000011-A-0001_wm.jpg,新石器时代·素面长颈瓶,甘肃省甘南藏族自治州迭部县数字博物馆,陶器,新石器时代,三级,1998,单一/无机质/泥,http://www.museumschina.cn/img/waterMark/2019-01-02-14-28-22/yipu/da/62/30/24/21800001/00000011/6230242180000100000011-A-0001_wm.jpg|http://www.museumschina.cn/img/waterMark/2019-01-02-14-28-22/yipu/da/62/30/24/21800001/00000011/6230242180000100000011-A-0002_wm.jpg
https://www.museumschina.cn/collection/details?id=2D18E0DEAC924BB18707FC32CB846715,http://www.museumschina.cn/img/waterMark/2019-01-02-14-28-22/yipu/da/33/02/81/21800002/00001706/3302812180000200001706-A-0001_wm.jpg,新石器时代河姆渡文化夹炭灰陶弹丸,余姚市河姆渡遗址博物馆,陶器,新石器时代,未定级,1992,单一/无机质/陶,http://www.museumschina.cn/img/waterMark/2019-01-02-14-28-22/yipu/da/33/02/81/21800002/00001706/3302812180000200001706-A-0001_wm.jpg|http://www.museumschina.cn/img/waterMark/2019-01-02-14-28-22/yipu/da/33/02/81/21800002/00001706/3302812180000200001706-D-0001_wm.jpg
https://www.museumschina.cn/collection/details?id=2D255F6188C14BBFA1A4EBB6E568023D,http://www.museumschina.cn/img/waterMark/2019-01-02-14-28-22/yipu/da/44/06/06/21800001/00002910/4406062180000100002910-A-0001_wm.jpg,新石器时代彩绘圆圈纹双耳陶壶,佛山市顺德区博物馆,陶器,新石器时代,三级,1987,单一/无机质/陶,http://www.museumschina.cn/img/waterMark/2019-01-02-14-28-22/yipu/da/44/06/06/21800001/00002910/4406062180000100002910-A-0001_wm.jpg|http://www.museumschina.cn/img/waterMark/2019-01-02-14-28-22/yipu/da/44/06/06/21800001/00002910/4406062180000100002910-B-0001_wm.jpg|http://www.museumschina.cn/img/waterMark/2019-01-02-14-28-22/yipu/da/44/06/06/21800001/00002910/4406062180000100002910-C-0001_wm.jpg|http://www.museumschina.cn/img/waterMark/2019-01-02-14-28-22/yipu/da/44/06/06/21800001/00002910/4406062180000100002910-C-0002_wm.jpg|http://www.museumschina.cn/img/waterMark/2019-01-02-14-28-22/yipu/da/44/06/06/21800001/00002910/4406062180000100002910-C-0003_wm.jpg|http://www.museumschina.cn/img/waterMark/2019-01-02-14-28-22/yipu/da/44/06/06/21800001/00002910/4406062180000100002910-C-0004_wm.jpg|http://www.museumschina.cn/img/waterMark/2019-01-02-14-28-22/yipu/da/44/06/06/21800001/00002910/4406062180000100002910-E-0001_wm.jpg|http://www.museumschina.cn/img/waterMark/2019-01-02-14-28-22/yipu/da/44/06/06/21800001/00002910/4406062180000100002910-E-0002_wm.jpg|http://www.museumschina.cn/img/waterMark/2019-01-02-14-28-22/yipu/da/44/06/06/21800001/00002910/4406062180000100002910-E-0003_wm.jpg|http://www.museumschina.cn/img/waterMark/2019-01-02-14-28-22/yipu/da/44/06/06/21800001/00002910/4406062180000100002910-E-0004_wm.jpg|http://www.museumschina.cn/img/waterMark/2019-01-02-14-28-22/yipu/da/44/06/06/21800001/00002910/4406062180000100002910-F-0001_wm.jpg
https://www.museumschina.cn/collection/details?id=2D494BB92FF048259DA815876CA7F002,http://www.museumschina.cn/img/waterMark/2019-01-02-14-28-22/yipu/da/44/09/23/21800001/00000060/4409232180000100000060-A-0001_wm.jpg,新石器时代彩陶方格纹双耳罐,电白县博物馆,陶器,新石器时代,三级,1990,单一/无机质/陶,http://www.museumschina.cn/img/waterMark/2019-01-02-14-28-22/yipu/da/44/09/23/21800001/00000060/4409232180000100000060-A-0001_wm.jpg|http://www.museumschina.cn/img/waterMark/2019-01-02-14-28-22/yipu/da/44/09/23/21800001/00000060/4409232180000100000060-B-0001_wm.jpg|http://www.museumschina.cn/img/waterMark/2019-01-02-14-28-22/yipu/da/44/09/23/21800001/00000060/4409232180000100000060-C-0001_wm.jpg|http://www.museumschina.cn/img/waterMark/2019-01-02-14-28-22/yipu/da/44/09/23/21800001/00000060/4409232180000100000060-F-0001_wm.jpg
https://www.museumschina.cn/collection/details?id=1e13f1ed6a9d406589f9556cfbe19e10,http://www.museumschina.cn/img/waterMark/2019-01-02-14-28-22/yipu/da/62/08/02/21800007/00000836/6208022180000700000836-A-0001_wm.jpg,马家窑文化直柄红陶甑,平凉市崆峒区博物馆,陶器,新石器时代,一级,1985,单一/无机质/陶,http://www.museumschina.cn/img/waterMark/2019-01-02-14-28-22/yipu/da/62/08/02/21800007/00000836/6208022180000700000836-A-0001_wm.jpg|http://www.museumschina.cn/img/waterMark/2019-01-02-14-28-22/yipu/da/62/08/02/21800007/00000836/6208022180000700000836-A-0002_wm.jpg|http://www.museumschina.cn/img/waterMark/2019-01-02-14-28-22/yipu/da/62/08/02/21800007/00000836/6208022180000700000836-B-0001_wm.jpg|http://www.museumschina.cn/img/waterMark/2019-01-02-14-28-22/yipu/da/62/08/02/21800007/00000836/6208022180000700000836-F-0001_wm.jpg
https://www.museumschina.cn/collection/details?id=1e98d2601dfd4bd6b1796879a5925be7,http://www.museumschina.cn/img/waterMark/2019-01-02-14-28-22/yipu/da/44/52/81/21800001/00000493/4452812180000100000493-A-0002_wm.jpg,新石器时代双耳彩陶罐,普宁市博物馆,陶器,新石器时代,三级,1991,单一/无机质/陶,http://www.museumschina.cn/img/waterMark/2019-01-02-14-28-22/yipu/da/44/52/81/21800001/00000493/4452812180000100000493-A-0002_wm.jpg|http://www.museumschina.cn/img/waterMark/2019-01-02-14-28-22/yipu/da/44/52/81/21800001/00000493/4452812180000100000493-A-0003_wm.jpg|http://www.museumschina.cn/img/waterMark/2019-01-02-14-28-22/yipu/da/44/52/81/21800001/00000493/4452812180000100000493-A-0004_wm.jpg|http://www.museumschina.cn/img/waterMark/2019-01-02-14-28-22/yipu/da/44/52/81/21800001/00000493/4452812180000100000493-A-0005_wm.jpg|http://www.museumschina.cn/img/waterMark/2019-01-02-14-28-22/yipu/da/44/52/81/21800001/00000493/4452812180000100000493-A-0006_wm.jpg|http://www.museumschina.cn/img/waterMark/2019-01-02-14-28-22/yipu/da/44/52/81/21800001/00000493/4452812180000100000493-A-0007_wm.jpg|http://www.museumschina.cn/img/waterMark/2019-01-02-14-28-22/yipu/da/44/52/81/21800001/00000493/4452812180000100000493-A-0008_wm.jpg|http://www.museumschina.cn/img/waterMark/2019-01-02-14-28-22/yipu/da/44/52/81/21800001/00000493/4452812180000100000493-A-0009_wm.jpg|http://www.museumschina.cn/img/waterMark/2019-01-02-14-28-22/yipu/da/44/52/81/21800001/00000493/4452812180000100000493-A-0010_wm.jpg|http://www.museumschina.cn/img/waterMark/2019-01-02-14-28-22/yipu/da/44/52/81/21800001/00000493/4452812180000100000493-A-0011_wm.jpg
https://www.museumschina.cn/collection/details?id=1e9ee3d0592b4ce6bf28632316776b0b,http://www.museumschina.cn/img/waterMark/2019-01-02-14-28-22/yipu/da/23/01/26/21800001/00000055/2301262180000100000055-A-0001_wm.jpg,新石器时期王脖子山遗址群陶纺轮,黑龙江省哈尔滨市巴彦县数字博物馆,陶器,新石器时代,三级,1998,单一/无机质/陶,http://www.museumschina.cn/img/waterMark/2019-01-02-14-28-22/yipu/da/23/01/26/21800001/00000055/2301262180000100000055-A-0001_wm.jpg
https://www.museumschina.cn/collection/details?id=1ee9e88969ae42118e3fe7884fbf5a3a,http://www.museumschina.cn/img/waterMark/2019-01-02-14-28-22/yipu/da/62/10/23/21800002/00000393/6210232180000200000393-A-0001_wm.jpg,新石器时代陶尊,华池县博物馆,陶器,新石器时代,一级,1988,单一/无机质/陶,http://www.museumschina.cn/img/waterMark/2019-01-02-14-28-22/yipu/da/62/10/23/21800002/00000393/6210232180000200000393-A-0001_wm.jpg|http://www.museumschina.cn/img/waterMark/2019-01-02-14-28-22/yipu/da/62/10/23/21800002/00000393/6210232180000200000393-C-0001_wm.jpg|http://www.museumschina.cn/img/waterMark/2019-01-02-14-28-22/yipu/da/62/10/23/21800002/00000393/6210232180000200000393-E-0001_wm.jpg|http://www.museumschina.cn/img/waterMark/2019-01-02-14-28-22/yipu/da/62/10/23/21800002/00000393/6210232180000200000393-F-0001_wm.jpg
https://www.museumschina.cn/collection/details?id=1F62663B2FFF43ADA74191A58E173ED0,http://www.museumschina.cn/img/waterMark/2019-01-02-14-28-22/yipu/da/44/09/02/21800001/00000082/4409022180000100000082-A-0002_wm.jpg,新石器时代马家窑文化双系彩陶罐,茂名市茂南区博物馆,陶器,新石器时代,一般,2011,单一/无机质/陶,http://www.museumschina.cn/img/waterMark/2019-01-02-14-28-22/yipu/da/44/09/02/21800001/00000082/4409022180000100000082-A-0002_wm.jpg|http://www.museumschina.cn/img/waterMark/2019-01-02-14-28-22/yipu/da/44/09/02/21800001/00000082/4409022180000100000082-B-0001_wm.jpg|http://www.museumschina.cn/img/waterMark/2019-01-02-14-28-22/yipu/da/44/09/02/21800001/00000082/4409022180000100000082-C-0001_wm.jpg|http://www.museumschina.cn/img/waterMark/2019-01-02-14-28-22/yipu/da/44/09/02/21800001/00000082/4409022180000100000082-F-0001_wm.jpg
https://www.museumschina.cn/collection/details?id=1f7199d809b545ca80780636c7332325,http://www.museumschina.cn/img/waterMark/2019-01-02-14-28-22/yipu/da/62/30/24/21800001/00000004/6230242180000100000004-A-0001_wm.jpg,新石器时代·双耳网格纹彩陶壶,甘肃省甘南藏族自治州迭部县数字博物馆,陶器,新石器时代,一级,1998,单一/无机质/陶,http://www.museumschina.cn/img/waterMark/2019-01-02-14-28-22/yipu/da/62/30/24/21800001/00000004/6230242180000100000004-A-0001_wm.jpg
https://www.museumschina.cn/collection/details?id=21ee58920fd94196ae6ace51a84d42d8,http://www.museumschina.cn/img/waterMark/2019-01-02-14-28-22/yipu/da/62/29/21/21800002/00000023/6229212180000200000023-A-0001_wm.jpg,新石器时代齐家文化折腹素陶罐,临夏县博物馆,陶器,新石器时代,一般,2005,单一/无机质/陶,http://www.museumschina.cn/img/waterMark/2019-01-02-14-28-22/yipu/da/62/29/21/21800002/00000023/6229212180000200000023-A-0001_wm.jpg|http://www.museumschina.cn/img/waterMark/2019-01-02-14-28-22/yipu/da/62/29/21/21800002/00000023/6229212180000200000023-B-0001_wm.jpg|http://www.museumschina.cn/img/waterMark/2019-01-02-14-28-22/yipu/da/62/29/21/21800002/00000023/6229212180000200000023-F-0001_wm.jpg
https://www.museumschina.cn/collection/details?id=221E882E01A843469AA00BC4BD3AAF45,http://www.museumschina.cn/img/waterMark/2019-01-02-14-28-22/yipu/da/62/12/26/21800001/00001692/6212262180000100001692-A-0001_wm.jpg,新石器时代齐家文化网格纹单耳彩陶杯,甘肃省礼县博物馆,陶器,新石器时代,一级,1956,单一/无机质/陶,http://www.museumschina.cn/img/waterMark/2019-01-02-14-28-22/yipu/da/62/12/26/21800001/00001692/6212262180000100001692-A-0001_wm.jpg
https://www.museumschina.cn/collection/details?id=224033b3edb14b4f9fa5c3d5901b61c6,http://www.museumschina.cn/img/waterMark/2019-01-02-14-28-22/yipu/da/44/02/33/21800001/00000103/4402332180000100000103-A-0001_wm.jpg,新石器时代陶纺轮,新丰县博物馆,陶器,新石器时代,一般,1991,单一/无机质/陶,http://www.museumschina.cn/img/waterMark/2019-01-02-14-28-22/yipu/da/44/02/33/21800001/00000103/4402332180000100000103-A-0001_wm.jpg|http://www.museumschina.cn/img/waterMark/2019-01-02-14-28-22/yipu/da/44/02/33/21800001/00000103/4402332180000100000103-C-0001_wm.jpg|http://www.museumschina.cn/img/waterMark/2019-01-02-14-28-22/yipu/da/44/02/33/21800001/00000103/4402332180000100000103-E-0001_wm.jpg|http://www.museumschina.cn/img/waterMark/2019-01-02-14-28-22/yipu/da/44/02/33/21800001/00000103/4402332180000100000103-F-0001_wm.jpg
https://www.museumschina.cn/collection/details?id=234cb0b228da40d8bda20b070f678ae5,http://www.museumschina.cn/img/waterMark/2019-01-02-14-28-22/yipu/da/62/30/24/21800001/00000061/6230242180000100000061-A-0001_wm.jpg,新石器时代·单耳红陶罐,甘肃省甘南藏族自治州迭部县数字博物馆,陶器,新石器时代,未定级,2008,单一/无机质/其他无机质,http://www.museumschina.cn/img/waterMark/2019-01-02-14-28-22/yipu/da/62/30/24/21800001/00000061/6230242180000100000061-A-0001_wm.jpg
https://www.museumschina.cn/collection/details?id=235868D8C4014856909DE33D3DF3F001,http://www.museumschina.cn/img/waterMark/2019-01-02-14-28-22/yipu/da/33/04/21/21800002/00002637/3304212180000200002637-A-0001_wm.jpg,新石器时代良渚文化陶丸,嘉善县博物馆（嘉善县文物保护所）,陶器,新石器时代,一般,,单一/无机质/陶,http://www.museumschina.cn/img/waterMark/2019-01-02-14-28-22/yipu/da/33/04/21/21800002/00002637/3304212180000200002637-A-0001_wm.jpg|http://www.museumschina.cn/img/waterMark/2019-01-02-14-28-22/yipu/da/33/04/21/21800002/00002637/3304212180000200002637-C-0001_wm.jpg
https://www.museumschina.cn/collection/details?id=23A1D8825009483EBBD57B5827FF4832,http://www.museumschina.cn/img/waterMark/2019-01-02-14-28-22/yipu/da/53/06/21/21800002/00000519/5306212180000200000519-A-0001_wm.jpg,新石器时代野石山遗址夹砂红陶罐,云南省昭通市鲁甸县数字博物馆,陶器,新石器时代,三级,2006,复合或组合/无机复合或组合/陶,http://www.museumschina.cn/img/waterMark/2019-01-02-14-28-22/yipu/da/53/06/21/21800002/00000519/5306212180000200000519-A-0001_wm.jpg|http://www.museumschina.cn/img/waterMark/2019-01-02-14-28-22/yipu/da/53/06/21/21800002/00000519/5306212180000200000519-B-0001_wm.jpg|http://www.museumschina.cn/img/waterMark/2019-01-02-14-28-22/yipu/da/53/06/21/21800002/00000519/5306212180000200000519-F-0001_wm.jpg
https://www.museumschina.cn/collection/details?id=1557dfe19ad848c881a797b87831ca75,http://www.museumschina.cn/img/waterMark/2019-01-02-14-28-22/yipu/da/62/09/02/21800004/00004398/6209022180000400004398-A-0001_wm.jpg,新石器时代夹砂靴形壶,酒泉市肃州区博物馆,陶器,新石器时代,一级,1990,单一/无机质/陶,http://www.museumschina.cn/img/waterMark/2019-01-02-14-28-22/yipu/da/62/09/02/21800004/00004398/6209022180000400004398-A-0001_wm.jpg|http://www.museumschina.cn/img/waterMark/2019-01-02-14-28-22/yipu/da/62/09/02/21800004/00004398/6209022180000400004398-A-0002_wm.jpg|http://www.museumschina.cn/img/waterMark/2019-01-02-14-28-22/yipu/da/62/09/02/21800004/00004398/6209022180000400004398-B-0001_wm.jpg
https://www.museumschina.cn/collection/details?id=1579e67a6ea743169589072c2201f33b,http://www.museumschina.cn/img/waterMark/2019-01-02-14-28-22/yipu/da/44/52/81/21800001/10000915/4452812180000110000915-A-0001_wm.jpg,新石器时代陶坠,普宁市博物馆,陶器,新石器时代,未定级,2004,单一/无机质/陶,http://www.museumschina.cn/img/waterMark/2019-01-02-14-28-22/yipu/da/44/52/81/21800001/10000915/4452812180000110000915-A-0001_wm.jpg|http://www.museumschina.cn/img/waterMark/2019-01-02-14-28-22/yipu/da/44/52/81/21800001/10000915/4452812180000110000915-A-0002_wm.jpg|http://www.museumschina.cn/img/waterMark/2019-01-02-14-28-22/yipu/da/44/52/81/21800001/10000915/4452812180000110000915-A-0003_wm.jpg|http://www.museumschina.cn/img/waterMark/2019-01-02-14-28-22/yipu/da/44/52/81/21800001/10000915/4452812180000110000915-A-0004_wm.jpg|http://www.museumschina.cn/img/waterMark/2019-01-02-14-28-22/yipu/da/44/52/81/21800001/10000915/4452812180000110000915-B-0001_wm.jpg|http://www.museumschina.cn/img/waterMark/2019-01-02-14-28-22/yipu/da/44/52/81/21800001/10000915/4452812180000110000915-B-0002_wm.jpg|http://www.museumschina.cn/img/waterMark/2019-01-02-14-28-22/yipu/da/44/52/81/21800001/10000915/4452812180000110000915-B-0004_wm.jpg|http://www.museumschina.cn/img/waterMark/2019-01-02-14-28-22/yipu/da/44/52/81/21800001/10000915/4452812180000110000915-F-0001_wm.jpg
https://www.museumschina.cn/collection/details?id=162bb71e57734cd9bcc358d8216df02b,http://www.museumschina.cn/img/waterMark/2019-01-02-14-28-22/yipu/da/62/29/27/21800001/00000065/6229272180000100000065-A-0001_wm.jpg,齐家文化双耳素陶罐,积石山保安族东乡族撒拉族自治县博物馆,陶器,新石器时代,二级,1984,单一/无机质/陶,http://www.museumschina.cn/img/waterMark/2019-01-02-14-28-22/yipu/da/62/29/27/21800001/00000065/6229272180000100000065-A-0001_wm.jpg|http://www.museumschina.cn/img/waterMark/2019-01-02-14-28-22/yipu/da/62/29/27/21800001/00000065/6229272180000100000065-A-0002_wm.jpg|http://www.museumschina.cn/img/waterMark/2019-01-02-14-28-22/yipu/da/62/29/27/21800001/00000065/6229272180000100000065-B-0001_wm.jpg|http://www.museumschina.cn/img/waterMark/2019-01-02-14-28-22/yipu/da/62/29/27/21800001/00000065/6229272180000100000065-C-0001_wm.jpg|http://www.museumschina.cn/img/waterMark/2019-01-02-14-28-22/yipu/da/62/29/27/21800001/00000065/6229272180000100000065-C-0002_wm.jpg|http://www.museumschina.cn/img/waterMark/2019-01-02-14-28-22/yipu/da/62/29/27/21800001/00000065/6229272180000100000065-F-0001_wm.jpg
https://www.museumschina.cn/collection/details?id=172F5E32E5EF43B6B89720DAB68ED9E9,http://www.museumschina.cn/img/waterMark/2019-01-02-14-28-22/yipu/da/44/06/08/21800001/00001741/4406082180000100001741-A-0001_wm.jpg,新石器彩陶回纹双耳小罐,高明区博物馆,陶器,新石器时代,三级,1989,单一/无机质/陶,http://www.museumschina.cn/img/waterMark/2019-01-02-14-28-22/yipu/da/44/06/08/21800001/00001741/4406082180000100001741-A-0001_wm.jpg|http://www.museumschina.cn/img/waterMark/2019-01-02-14-28-22/yipu/da/44/06/08/21800001/00001741/4406082180000100001741-B-0001_wm.jpg|http://www.museumschina.cn/img/waterMark/2019-01-02-14-28-22/yipu/da/44/06/08/21800001/00001741/4406082180000100001741-C-0001_wm.jpg|http://www.museumschina.cn/img/waterMark/2019-01-02-14-28-22/yipu/da/44/06/08/21800001/00001741/4406082180000100001741-C-0002_wm.jpg|http://www.museumschina.cn/img/waterMark/2019-01-02-14-28-22/yipu/da/44/06/08/21800001/00001741/4406082180000100001741-F-0001_wm.jpg
https://www.museumschina.cn/collection/details?id=177a689f3eb4486fb5ab926ce034c65f,http://www.museumschina.cn/img/waterMark/2019-01-02-14-28-22/yipu/da/23/01/26/21800001/00000051/2301262180000100000051-A-0001_wm.jpg,新石器时期王脖子山遗址群太阳纹陶纺轮,黑龙江省哈尔滨市巴彦县数字博物馆,陶器,新石器时代,三级,1997,单一/无机质/陶,http://www.museumschina.cn/img/waterMark/2019-01-02-14-28-22/yipu/da/23/01/26/21800001/00000051/2301262180000100000051-A-0001_wm.jpg
https://www.museumschina.cn/collection/details?id=177FA298AD444893B9612AA5CEF85271,http://www.museumschina.cn/img/waterMark/2019-01-02-14-28-22/yipu/da/44/06/07/21800001/00000961/4406072180000100000961-A-0001_wm.jpg,新石器时代波纹彩陶双耳罐,三水区博物馆,陶器,新石器时代,三级,1987,单一/无机质/陶,http://www.museumschina.cn/img/waterMark/2019-01-02-14-28-22/yipu/da/44/06/07/21800001/00000961/4406072180000100000961-A-0001_wm.jpg|http://www.museumschina.cn/img/waterMark/2019-01-02-14-28-22/yipu/da/44/06/07/21800001/00000961/4406072180000100000961-B-0001_wm.jpg|http://www.museumschina.cn/img/waterMark/2019-01-02-14-28-22/yipu/da/44/06/07/21800001/00000961/4406072180000100000961-C-0001_wm.jpg|http://www.museumschina.cn/img/waterMark/2019-01-02-14-28-22/yipu/da/44/06/07/21800001/00000961/4406072180000100000961-C-0002_wm.jpg|http://www.museumschina.cn/img/waterMark/2019-01-02-14-28-22/yipu/da/44/06/07/21800001/00000961/4406072180000100000961-F-0001_wm.jpg
https://www.museumschina.cn/collection/details?id=17CBC55066DC4DC09FFEE2B4273856E3,http://www.museumschina.cn/img/waterMark/2019-01-02-14-28-22/yipu/da/53/23/24/21800003/00000006/5323242180000300000006-A-0001_wm.jpg,新石器时代敞口单耳单把夹砂褐陶罐,云南省楚雄彝族自治州南华县数字博物馆,陶器,新石器时代,未定级,2009,单一/无机质/陶,http://www.museumschina.cn/img/waterMark/2019-01-02-14-28-22/yipu/da/53/23/24/21800003/00000006/5323242180000300000006-A-0001_wm.jpg|http://www.museumschina.cn/img/waterMark/2019-01-02-14-28-22/yipu/da/53/23/24/21800003/00000006/5323242180000300000006-B-0001_wm.jpg|http://www.museumschina.cn/img/waterMark/2019-01-02-14-28-22/yipu/da/53/23/24/21800003/00000006/5323242180000300000006-C-0001_wm.jpg|http://www.museumschina.cn/img/waterMark/2019-01-02-14-28-22/yipu/da/53/23/24/21800003/00000006/5323242180000300000006-E-0001_wm.jpg|http://www.museumschina.cn/img/waterMark/2019-01-02-14-28-22/yipu/da/53/23/24/21800003/00000006/5323242180000300000006-E-0002_wm.jpg
https://www.museumschina.cn/collection/details?id=17F629FE09D64EEEBF7A1B91FF422402,http://www.museumschina.cn/img/waterMark/2019-01-02-14-28-22/yipu/da/62/11/22/21800002/00001158/6211222180000200001158-A-0001_wm.jpg,新石器时代马家窑文化旋纹彩陶壶,陇西县博物馆,陶器,新石器时代,二级,1972,单一/无机质/陶,http://www.museumschina.cn/img/waterMark/2019-01-02-14-28-22/yipu/da/62/11/22/21800002/00001158/6211222180000200001158-A-0001_wm.jpg|http://www.museumschina.cn/img/waterMark/2019-01-02-14-28-22/yipu/da/62/11/22/21800002/00001158/6211222180000200001158-B-0001_wm.jpg|http://www.museumschina.cn/img/waterMark/2019-01-02-14-28-22/yipu/da/62/11/22/21800002/00001158/6211222180000200001158-C-0001_wm.jpg|http://www.museumschina.cn/img/waterMark/2019-01-02-14-28-22/yipu/da/62/11/22/21800002/00001158/6211222180000200001158-F-0001_wm.jpg
https://www.museumschina.cn/collection/details?id=18841DDD4A544BDB8A2CDEB969640589,http://www.museumschina.cn/img/waterMark/2019-01-02-14-28-22/yipu/da/62/06/23/21800001/00000265/6206232180000100000265-A-0001_wm.jpg,新石器时代马家窑文化半山类型平行锯齿纹双耳彩陶壶,天祝藏族自治县博物馆,陶器,新石器时代,三级,2009,单一/无机质/陶,http://www.museumschina.cn/img/waterMark/2019-01-02-14-28-22/yipu/da/62/06/23/21800001/00000265/6206232180000100000265-A-0001_wm.jpg|http://www.museumschina.cn/img/waterMark/2019-01-02-14-28-22/yipu/da/62/06/23/21800001/00000265/6206232180000100000265-A-0002_wm.jpg|http://www.museumschina.cn/img/waterMark/2019-01-02-14-28-22/yipu/da/62/06/23/21800001/00000265/6206232180000100000265-B-0001_wm.jpg|http://www.museumschina.cn/img/waterMark/2019-01-02-14-28-22/yipu/da/62/06/23/21800001/00000265/6206232180000100000265-C-0001_wm.jpg|http://www.museumschina.cn/img/waterMark/2019-01-02-14-28-22/yipu/da/62/06/23/21800001/00000265/6206232180000100000265-C-0002_wm.jpg|http://www.museumschina.cn/img/waterMark/2019-01-02-14-28-22/yipu/da/62/06/23/21800001/00000265/6206232180000100000265-F-0001_wm.jpg
https://www.museumschina.cn/collection/details?id=1899eca119074676b5b64dca2fb3287a,http://www.museumschina.cn/img/waterMark/2019-01-02-14-28-22/yipu/da/14/08/27/21800006/10007372/1408272180000610007372-A-0001_wm.jpg,新石器时代庙底沟二期文化红陶钵,垣曲县自然博物馆,陶器,新石器时代,二级,,单一/无机质/陶,http://www.museumschina.cn/img/waterMark/2019-01-02-14-28-22/yipu/da/14/08/27/21800006/10007372/1408272180000610007372-A-0001_wm.jpg|http://www.museumschina.cn/img/waterMark/2019-01-02-14-28-22/yipu/da/14/08/27/21800006/10007372/1408272180000610007372-A-0002_wm.jpg|http://www.museumschina.cn/img/waterMark/2019-01-02-14-28-22/yipu/da/14/08/27/21800006/10007372/1408272180000610007372-A-0003_wm.jpg
https://www.museumschina.cn/collection/details?id=191225a7f69e49dc965addad9d829b2d,http://www.museumschina.cn/img/waterMark/2019-01-02-14-28-22/yipu/da/23/02/25/21800001/00000375/2302252180000100000375-A-0001_wm.jpg,新石器时代红褐陶片,甘南县金代长城博物馆（文物管理所）,陶器,新石器时代,未定级,1994,单一/无机质/陶,http://www.museumschina.cn/img/waterMark/2019-01-02-14-28-22/yipu/da/23/02/25/21800001/00000375/2302252180000100000375-A-0001_wm.jpg|http://www.museumschina.cn/img/waterMark/2019-01-02-14-28-22/yipu/da/23/02/25/21800001/00000375/2302252180000100000375-C-0001_wm.jpg
https://www.museumschina.cn/collection/details?id=192f946bd6954fb3bea5fd136a12b34e,http://www.museumschina.cn/img/waterMark/2019-01-02-14-28-22/yipu/da/62/10/25/21800001/00000160/6210252180000100000160-A-0001_wm.jpg,新石器时代仰韶文化刻划纹葫芦形口红陶瓶,正宁县博物馆,陶器,新石器时代,二级,1988,单一/无机质/陶,http://www.museumschina.cn/img/waterMark/2019-01-02-14-28-22/yipu/da/62/10/25/21800001/00000160/6210252180000100000160-A-0001_wm.jpg|http://www.museumschina.cn/img/waterMark/2019-01-02-14-28-22/yipu/da/62/10/25/21800001/00000160/6210252180000100000160-C-0001_wm.jpg|http://www.museumschina.cn/img/waterMark/2019-01-02-14-28-22/yipu/da/62/10/25/21800001/00000160/6210252180000100000160-C-0002_wm.jpg|http://www.museumschina.cn/img/waterMark/2019-01-02-14-28-22/yipu/da/62/10/25/21800001/00000160/6210252180000100000160-E-0001_wm.jpg|http://www.museumschina.cn/img/waterMark/2019-01-02-14-28-22/yipu/da/62/10/25/21800001/00000160/6210252180000100000160-F-0001_wm.jpg
https://www.museumschina.cn/collection/details?id=1933BB0BFF8948C6997E800CCD569224,http://www.museumschina.cn/img/waterMark/2019-01-02-14-28-22/yipu/da/62/30/22/21800001/00000049/6230222180000100000049-A-0001_wm.jpg,新石器时代·马鞍口双耳灰陶罐,卓尼县博物馆,陶器,新石器时代,未定级,,单一/无机质/陶,http://www.museumschina.cn/img/waterMark/2019-01-02-14-28-22/yipu/da/62/30/22/21800001/00000049/6230222180000100000049-A-0001_wm.jpg|http://www.museumschina.cn/img/waterMark/2019-01-02-14-28-22/yipu/da/62/30/22/21800001/00000049/6230222180000100000049-A-0002_wm.jpg|http://www.museumschina.cn/img/waterMark/2019-01-02-14-28-22/yipu/da/62/30/22/21800001/00000049/6230222180000100000049-B-0001_wm.jpg|http://www.museumschina.cn/img/waterMark/2019-01-02-14-28-22/yipu/da/62/30/22/21800001/00000049/6230222180000100000049-C-0001_wm.jpg|http://www.museumschina.cn/img/waterMark/2019-01-02-14-28-22/yipu/da/62/30/22/21800001/00000049/6230222180000100000049-C-0002_wm.jpg|http://www.museumschina.cn/img/waterMark/2019-01-02-14-28-22/yipu/da/62/30/22/21800001/00000049/6230222180000100000049-F-0001_wm.jpg
https://www.museumschina.cn/collection/details?id=19481D44B53F41AFB609404B1A65CA17,http://www.museumschina.cn/img/waterMark/2019-01-02-14-28-22/yipu/da/62/29/01/21800004/00000274/6229012180000400000274-A-0001_wm.jpg,新石器时代马家窑文化四大圆圈纹双耳彩陶壶,临夏市博物馆,陶器,新石器时代,二级,1994,单一/无机质/陶,http://www.museumschina.cn/img/waterMark/2019-01-02-14-28-22/yipu/da/62/29/01/21800004/00000274/6229012180000400000274-A-0001_wm.jpg|http://www.museumschina.cn/img/waterMark/2019-01-02-14-28-22/yipu/da/62/29/01/21800004/00000274/6229012180000400000274-B-0001_wm.jpg|http://www.museumschina.cn/img/waterMark/2019-01-02-14-28-22/yipu/da/62/29/01/21800004/00000274/6229012180000400000274-C-0001_wm.jpg|http://www.museumschina.cn/img/waterMark/2019-01-02-14-28-22/yipu/da/62/29/01/21800004/00000274/6229012180000400000274-F-0001_wm.jpg
https://www.museumschina.cn/collection/details?id=1988E3CD629F4313A4CC4F7802DD7CE7,http://www.museumschina.cn/img/waterMark/2019-01-02-14-28-22/yipu/da/53/23/24/21800003/00000013/5323242180000300000013-A-0000_wm.jpg,新石器时代双耳陶罐,云南省楚雄彝族自治州南华县数字博物馆,陶器,新石器时代,一般,1996,单一/无机质/陶,http://www.museumschina.cn/img/waterMark/2019-01-02-14-28-22/yipu/da/53/23/24/21800003/00000013/5323242180000300000013-A-0000_wm.jpg|http://www.museumschina.cn/img/waterMark/2019-01-02-14-28-22/yipu/da/53/23/24/21800003/00000013/5323242180000300000013-A-0001_wm.jpg|http://www.museumschina.cn/img/waterMark/2019-01-02-14-28-22/yipu/da/53/23/24/21800003/00000013/5323242180000300000013-A-0007_wm.jpg|http://www.museumschina.cn/img/waterMark/2019-01-02-14-28-22/yipu/da/53/23/24/21800003/00000013/5323242180000300000013-B-0000_wm.jpg|http://www.museumschina.cn/img/waterMark/2019-01-02-14-28-22/yipu/da/53/23/24/21800003/00000013/5323242180000300000013-C-0000_wm.jpg|http://www.museumschina.cn/img/waterMark/2019-01-02-14-28-22/yipu/da/53/23/24/21800003/00000013/5323242180000300000013-E-0000_wm.jpg|http://www.museumschina.cn/img/waterMark/2019-01-02-14-28-22/yipu/da/53/23/24/21800003/00000013/5323242180000300000013-E-0001_wm.jpg|http://www.museumschina.cn/img/waterMark/2019-01-02-14-28-22/yipu/da/53/23/24/21800003/00000013/5323242180000300000013-E-0002_wm.jpg|http://www.museumschina.cn/img/waterMark/2019-01-02-14-28-22/yipu/da/53/23/24/21800003/00000013/5323242180000300000013-F-0000_wm.jpg
https://www.museumschina.cn/collection/details?id=19CB115F9DBE4B28AD4112AF5EDE248F,http://www.museumschina.cn/img/waterMark/2019-01-02-14-28-22/yipu/da/14/08/29/21800007/00000234/1408292180000700000234-A-0001_wm.jpg,新石器时代龙山文化绳纹侈口袋足陶鬲,平陆县博物馆,陶器,新石器时代,二级,1990,单一/无机质/陶,http://www.museumschina.cn/img/waterMark/2019-01-02-14-28-22/yipu/da/14/08/29/21800007/00000234/1408292180000700000234-A-0001_wm.jpg|http://www.museumschina.cn/img/waterMark/2019-01-02-14-28-22/yipu/da/14/08/29/21800007/00000234/1408292180000700000234-D-0001_wm.jpg|http://www.museumschina.cn/img/waterMark/2019-01-02-14-28-22/yipu/da/14/08/29/21800007/00000234/1408292180000700000234-F-0001_wm.jpg
https://www.museumschina.cn/collection/details?id=1a092788f5f1492aa9cd1420882d7ca1,http://www.museumschina.cn/img/waterMark/2019-01-02-14-28-22/yipu/da/62/09/21/21800001/00000008/6209212180000100000008-A-0001_wm.jpg,新石器时代四坝文化菱形纹双耳彩陶罐,金塔县博物馆,陶器,新石器时代,三级,1992,单一/无机质/陶,http://www.museumschina.cn/img/waterMark/2019-01-02-14-28-22/yipu/da/62/09/21/21800001/00000008/6209212180000100000008-A-0001_wm.jpg|http://www.museumschina.cn/img/waterMark/2019-01-02-14-28-22/yipu/da/62/09/21/21800001/00000008/6209212180000100000008-B-0001_wm.jpg|http://www.museumschina.cn/img/waterMark/2019-01-02-14-28-22/yipu/da/62/09/21/21800001/00000008/6209212180000100000008-C-0001_wm.jpg|http://www.museumschina.cn/img/waterMark/2019-01-02-14-28-22/yipu/da/62/09/21/21800001/00000008/6209212180000100000008-F-0001_wm.jpg
https://www.museumschina.cn/collection/details?id=1A2808421FC74057A54E673C505C4133,http://www.museumschina.cn/img/waterMark/2019-01-02-14-28-22/yipu/da/62/12/26/21800001/00000549/6212262180000100000549-A-0001_wm.jpg,新石器时代常山下层文化单耳红陶罐,甘肃省礼县博物馆,陶器,新石器时代,二级,,单一/无机质/陶,http://www.museumschina.cn/img/waterMark/2019-01-02-14-28-22/yipu/da/62/12/26/21800001/00000549/6212262180000100000549-A-0001_wm.jpg|http://www.museumschina.cn/img/waterMark/2019-01-02-14-28-22/yipu/da/62/12/26/21800001/00000549/6212262180000100000549-C-0001_wm.jpg
https://www.museumschina.cn/collection/details?id=1A46D54DABA2468B9510F015B320F1B6,http://www.museumschina.cn/img/waterMark/2019-01-02-14-28-22/yipu/da/62/03/21/21800001/00000395/6203212180000100000395-A-0001_wm.jpg,新石器时代马厂文化单耳带流罐,永昌县博物馆,陶器,新石器时代,二级,1991,单一/无机质/陶,http://www.museumschina.cn/img/waterMark/2019-01-02-14-28-22/yipu/da/62/03/21/21800001/00000395/6203212180000100000395-A-0001_wm.jpg|http://www.museumschina.cn/img/waterMark/2019-01-02-14-28-22/yipu/da/62/03/21/21800001/00000395/6203212180000100000395-A-0002_wm.jpg|http://www.museumschina.cn/img/waterMark/2019-01-02-14-28-22/yipu/da/62/03/21/21800001/00000395/6203212180000100000395-A-0003_wm.jpg
https://www.museumschina.cn/collection/details?id=1a6b68de8db949bbab5cead7e17735b1,http://www.museumschina.cn/img/waterMark/2019-01-02-14-28-22/yipu/da/23/01/26/21800001/00000240/2301262180000100000240-A-0001_wm.jpg,新石器王脖子山遗址群小陶纺轮,黑龙江省哈尔滨市巴彦县数字博物馆,陶器,新石器时代,一般,1997,单一/无机质/陶,http://www.museumschina.cn/img/waterMark/2019-01-02-14-28-22/yipu/da/23/01/26/21800001/00000240/2301262180000100000240-A-0001_wm.jpg
https://www.museumschina.cn/collection/details?id=1abb544f3d994f53894c090e43d57914,http://www.museumschina.cn/img/waterMark/2019-01-02-14-28-22/yipu/da/35/01/24/21800002/10024016/3501242180000210024016-A-0001_wm.jpg,新石器时代陶豆,闽清县博物馆,陶器,新石器时代,一般,2013,单一/无机质/陶,http://www.museumschina.cn/img/waterMark/2019-01-02-14-28-22/yipu/da/35/01/24/21800002/10024016/3501242180000210024016-A-0001_wm.jpg|http://www.museumschina.cn/img/waterMark/2019-01-02-14-28-22/yipu/da/35/01/24/21800002/10024016/3501242180000210024016-B-0001_wm.jpg|http://www.museumschina.cn/img/waterMark/2019-01-02-14-28-22/yipu/da/35/01/24/21800002/10024016/3501242180000210024016-C-0001_wm.jpg|http://www.museumschina.cn/img/waterMark/2019-01-02-14-28-22/yipu/da/35/01/24/21800002/10024016/3501242180000210024016-C-0002_wm.jpg|http://www.museumschina.cn/img/waterMark/2019-01-02-14-28-22/yipu/da/35/01/24/21800002/10024016/3501242180000210024016-C-0003_wm.jpg|http://www.museumschina.cn/img/waterMark/2019-01-02-14-28-22/yipu/da/35/01/24/21800002/10024016/3501242180000210024016-D-0001_wm.jpg|http://www.museumschina.cn/img/waterMark/2019-01-02-14-28-22/yipu/da/35/01/24/21800002/10024016/3501242180000210024016-E-0001_wm.jpg|http://www.museumschina.cn/img/waterMark/2019-01-02-14-28-22/yipu/da/35/01/24/21800002/10024016/3501242180000210024016-F-0001_wm.jpg
https://www.museumschina.cn/collection/details?id=1af7be9e7691448f83f43afa2ce7462a,http://www.museumschina.cn/img/waterMark/2019-01-02-14-28-22/yipu/da/35/09/81/21800001/10107320/3509812180000110107320-A-01_wm.JPG,新石器时代棕色彩绘带柄陶壶,-,陶器,新石器时代,一级,1965,单一/无机质/陶,http://www.museumschina.cn/img/waterMark/2019-01-02-14-28-22/yipu/da/35/09/81/21800001/10107320/3509812180000110107320-A-01_wm.JPG|http://www.museumschina.cn/img/waterMark/2019-01-02-14-28-22/yipu/da/35/09/81/21800001/10107320/3509812180000110107320-B-01_wm.JPG|http://www.museumschina.cn/img/waterMark/2019-01-02-14-28-22/yipu/da/35/09/81/21800001/10107320/3509812180000110107320-C-01_wm.JPG|http://www.museumschina.cn/img/waterMark/2019-01-02-14-28-22/yipu/da/35/09/81/21800001/10107320/3509812180000110107320-C-02_wm.JPG|http://www.museumschina.cn/img/waterMark/2019-01-02-14-28-22/yipu/da/35/09/81/21800001/10107320/3509812180000110107320-C-03_wm.JPG|http://www.museumschina.cn/img/waterMark/2019-01-02-14-28-22/yipu/da/35/09/81/21800001/10107320/3509812180000110107320-E-01_wm.JPG|http://www.museumschina.cn/img/waterMark/2019-01-02-14-28-22/yipu/da/35/09/81/21800001/10107320/3509812180000110107320-E-02_wm.JPG|http://www.museumschina.cn/img/waterMark/2019-01-02-14-28-22/yipu/da/35/09/81/21800001/10107320/3509812180000110107320-E-03_wm.JPG|http://www.museumschina.cn/img/waterMark/2019-01-02-14-28-22/yipu/da/35/09/81/21800001/10107320/3509812180000110107320-E-04_wm.JPG|http://www.museumschina.cn/img/waterMark/2019-01-02-14-28-22/yipu/da/35/09/81/21800001/10107320/3509812180000110107320-E-05_wm.JPG|http://www.museumschina.cn/img/waterMark/2019-01-02-14-28-22/yipu/da/35/09/81/21800001/10107320/3509812180000110107320-K-01_wm.JPG
https://www.museumschina.cn/collection/details?id=1B0C03EE022C4347AAE70E8247F9568D,http://www.museumschina.cn/img/waterMark/2019-01-02-14-28-22/yipu/da/62/10/24/21800002/00001409/6210242180000200001409-A-0001_wm.jpg,新石器时代齐家文化单耳五孔流水壶,陇东古石刻艺术博物馆,陶器,新石器时代,二级,1987,单一/无机质/陶,http://www.museumschina.cn/img/waterMark/2019-01-02-14-28-22/yipu/da/62/10/24/21800002/00001409/6210242180000200001409-A-0001_wm.jpg|http://www.museumschina.cn/img/waterMark/2019-01-02-14-28-22/yipu/da/62/10/24/21800002/00001409/6210242180000200001409-B-0001_wm.jpg|http://www.museumschina.cn/img/waterMark/2019-01-02-14-28-22/yipu/da/62/10/24/21800002/00001409/6210242180000200001409-F-0001_wm.jpg
https://www.museumschina.cn/collection/details?id=1be5fc0a85664de888f3319ecb719a5c,http://www.museumschina.cn/img/waterMark/2019-01-02-14-28-22/yipu/da/62/01/11/21800001/00000011/6201112180000100000011-A-0001_wm.jpg,水波纹双耳彩陶罐,红古区博物馆,陶器,新石器时代,未定级,,单一/无机质/陶,http://www.museumschina.cn/img/waterMark/2019-01-02-14-28-22/yipu/da/62/01/11/21800001/00000011/6201112180000100000011-A-0001_wm.jpg|http://www.museumschina.cn/img/waterMark/2019-01-02-14-28-22/yipu/da/62/01/11/21800001/00000011/6201112180000100000011-B-0001_wm.jpg|http://www.museumschina.cn/img/waterMark/2019-01-02-14-28-22/yipu/da/62/01/11/21800001/00000011/6201112180000100000011-C-0001_wm.jpg|http://www.museumschina.cn/img/waterMark/2019-01-02-14-28-22/yipu/da/62/01/11/21800001/00000011/6201112180000100000011-C-0002_wm.jpg|http://www.museumschina.cn/img/waterMark/2019-01-02-14-28-22/yipu/da/62/01/11/21800001/00000011/6201112180000100000011-D-0001_wm.jpg|http://www.museumschina.cn/img/waterMark/2019-01-02-14-28-22/yipu/da/62/01/11/21800001/00000011/6201112180000100000011-F-0001_wm.jpg
https://www.museumschina.cn/collection/details?id=1C33A8BBF1F144B8A14EDFBBFD823EB3,http://www.museumschina.cn/img/waterMark/2019-01-02-14-28-22/yipu/da/44/06/08/21800001/00001800/4406082180000100001800-A-0001_wm.jpg,新石器彩陶双耳小罐,高明区博物馆,陶器,新石器时代,三级,1989,单一/无机质/陶,http://www.museumschina.cn/img/waterMark/2019-01-02-14-28-22/yipu/da/44/06/08/21800001/00001800/4406082180000100001800-A-0001_wm.jpg|http://www.museumschina.cn/img/waterMark/2019-01-02-14-28-22/yipu/da/44/06/08/21800001/00001800/4406082180000100001800-B-0001_wm.jpg|http://www.museumschina.cn/img/waterMark/2019-01-02-14-28-22/yipu/da/44/06/08/21800001/00001800/4406082180000100001800-C-0001_wm.jpg|http://www.museumschina.cn/img/waterMark/2019-01-02-14-28-22/yipu/da/44/06/08/21800001/00001800/4406082180000100001800-D-0001_wm.jpg|http://www.museumschina.cn/img/waterMark/2019-01-02-14-28-22/yipu/da/44/06/08/21800001/00001800/4406082180000100001800-F-0001_wm.jpg
https://www.museumschina.cn/collection/details?id=1c43219f46a84a3a9fced9ad30517fcd,http://www.museumschina.cn/img/waterMark/2019-01-02-14-28-22/yipu/da/62/01/23/21800001/00002981/6201232180000100002981-A-0001_wm.jpg,半山来兴锯齿宽带纹豆形器,榆中县博物馆,陶器,新石器时代,一级,1988,单一/无机质/陶,http://www.museumschina.cn/img/waterMark/2019-01-02-14-28-22/yipu/da/62/01/23/21800001/00002981/6201232180000100002981-A-0001_wm.jpg|http://www.museumschina.cn/img/waterMark/2019-01-02-14-28-22/yipu/da/62/01/23/21800001/00002981/6201232180000100002981-B-0001_wm.jpg|http://www.museumschina.cn/img/waterMark/2019-01-02-14-28-22/yipu/da/62/01/23/21800001/00002981/6201232180000100002981-C-0001_wm.jpg|http://www.museumschina.cn/img/waterMark/2019-01-02-14-28-22/yipu/da/62/01/23/21800001/00002981/6201232180000100002981-F-0001_wm.jpg
https://www.museumschina.cn/collection/details?id=1c886e8a1d294a97aec7c8dd78de4415,http://www.museumschina.cn/img/waterMark/2019-01-02-14-28-22/yipu/da/44/07/83/21800002/80000023/4407832180000280000023-A-0001_wm.jpg,新石器时代旋涡纹彩陶罐,开平市华侨博物馆,陶器,新石器时代,三级,1987,单一/无机质/陶,http://www.museumschina.cn/img/waterMark/2019-01-02-14-28-22/yipu/da/44/07/83/21800002/80000023/4407832180000280000023-A-0001_wm.jpg|http://www.museumschina.cn/img/waterMark/2019-01-02-14-28-22/yipu/da/44/07/83/21800002/80000023/4407832180000280000023-A-1025_wm.jpg|http://www.museumschina.cn/img/waterMark/2019-01-02-14-28-22/yipu/da/44/07/83/21800002/80000023/4407832180000280000023-A-1026_wm.jpg|http://www.museumschina.cn/img/waterMark/2019-01-02-14-28-22/yipu/da/44/07/83/21800002/80000023/4407832180000280000023-A-1027_wm.jpg|http://www.museumschina.cn/img/waterMark/2019-01-02-14-28-22/yipu/da/44/07/83/21800002/80000023/4407832180000280000023-A-1028_wm.jpg|http://www.museumschina.cn/img/waterMark/2019-01-02-14-28-22/yipu/da/44/07/83/21800002/80000023/4407832180000280000023-A-1029_wm.jpg|http://www.museumschina.cn/img/waterMark/2019-01-02-14-28-22/yipu/da/44/07/83/21800002/80000023/4407832180000280000023-A-1030_wm.jpg|http://www.museumschina.cn/img/waterMark/2019-01-02-14-28-22/yipu/da/44/07/83/21800002/80000023/4407832180000280000023-B-0001_wm.jpg|http://www.museumschina.cn/img/waterMark/2019-01-02-14-28-22/yipu/da/44/07/83/21800002/80000023/4407832180000280000023-C-0001_wm.jpg|http://www.museumschina.cn/img/waterMark/2019-01-02-14-28-22/yipu/da/44/07/83/21800002/80000023/4407832180000280000023-C-0002_wm.jpg|http://www.museumschina.cn/img/waterMark/2019-01-02-14-28-22/yipu/da/44/07/83/21800002/80000023/4407832180000280000023-C-0003_wm.jpg|http://www.museumschina.cn/img/waterMark/2019-01-02-14-28-22/yipu/da/44/07/83/21800002/80000023/4407832180000280000023-D-0001_wm.jpg|http://www.museumschina.cn/img/waterMark/2019-01-02-14-28-22/yipu/da/44/07/83/21800002/80000023/4407832180000280000023-F-0001_wm.jpg
https://www.museumschina.cn/collection/details?id=1D0565B69F0D4CC291BDAC2AC9ED2E94,http://www.museumschina.cn/img/waterMark/2019-01-02-14-28-22/yipu/da/44/01/04/21800003/00000293/4401042180000300000293-A-0001_wm.jpg,新石器时代陶罐,越秀区博物馆,陶器,新石器时代,未定级,2011,单一/无机质/陶,http://www.museumschina.cn/img/waterMark/2019-01-02-14-28-22/yipu/da/44/01/04/21800003/00000293/4401042180000300000293-A-0001_wm.jpg|http://www.museumschina.cn/img/waterMark/2019-01-02-14-28-22/yipu/da/44/01/04/21800003/00000293/4401042180000300000293-B-0001_wm.jpg|http://www.museumschina.cn/img/waterMark/2019-01-02-14-28-22/yipu/da/44/01/04/21800003/00000293/4401042180000300000293-E-0001_wm.jpg
https://www.museumschina.cn/collection/details?id=1D6755EFB01F431FB58AC12C3A6E21B3,http://www.museumschina.cn/img/waterMark/2019-01-02-14-28-22/yipu/da/44/02/05/21800001/00001201/4402052180000100001201-A-0001_wm.jpg,新石器时代彩绘双耳陶罐,韶关市曲江区博物馆,陶器,新石器时代,二级,1988,单一/无机质/陶,http://www.museumschina.cn/img/waterMark/2019-01-02-14-28-22/yipu/da/44/02/05/21800001/00001201/4402052180000100001201-A-0001_wm.jpg|http://www.museumschina.cn/img/waterMark/2019-01-02-14-28-22/yipu/da/44/02/05/21800001/00001201/4402052180000100001201-B-0001_wm.jpg|http://www.museumschina.cn/img/waterMark/2019-01-02-14-28-22/yipu/da/44/02/05/21800001/00001201/4402052180000100001201-C-0001_wm.jpg|http://www.museumschina.cn/img/waterMark/2019-01-02-14-28-22/yipu/da/44/02/05/21800001/00001201/4402052180000100001201-C-0002_wm.jpg|http://www.museumschina.cn/img/waterMark/2019-01-02-14-28-22/yipu/da/44/02/05/21800001/00001201/4402052180000100001201-C-0003_wm.jpg|http://www.museumschina.cn/img/waterMark/2019-01-02-14-28-22/yipu/da/44/02/05/21800001/00001201/4402052180000100001201-C-0004_wm.jpg|http://www.museumschina.cn/img/waterMark/2019-01-02-14-28-22/yipu/da/44/02/05/21800001/00001201/4402052180000100001201-E-0001_wm.jpg|http://www.museumschina.cn/img/waterMark/2019-01-02-14-28-22/yipu/da/44/02/05/21800001/00001201/4402052180000100001201-E-0002_wm.jpg|http://www.museumschina.cn/img/waterMark/2019-01-02-14-28-22/yipu/da/44/02/05/21800001/00001201/4402052180000100001201-E-0003_wm.jpg|http://www.museumschina.cn/img/waterMark/2019-01-02-14-28-22/yipu/da/44/02/05/21800001/00001201/4402052180000100001201-F-0001_wm.jpg
https://www.museumschina.cn/collection/details?id=1D0565B69F0D4CC291BDAC2AC9ED2E94,http://www.museumschina.cn/img/waterMark/2019-01-02-14-28-22/yipu/da/44/01/04/21800003/00000293/4401042180000300000293-A-0001_wm.jpg,新石器时代陶罐,越秀区博物馆,陶器,新石器时代,未定级,2011,单一/无机质/陶,http://www.museumschina.cn/img/waterMark/2019-01-02-14-28-22/yipu/da/44/01/04/21800003/00000293/4401042180000300000293-A-0001_wm.jpg|http://www.museumschina.cn/img/waterMark/2019-01-02-14-28-22/yipu/da/44/01/04/21800003/00000293/4401042180000300000293-B-0001_wm.jpg|http://www.museumschina.cn/img/waterMark/2019-01-02-14-28-22/yipu/da/44/01/04/21800003/00000293/4401042180000300000293-E-0001_wm.jpg
https://www.museumschina.cn/collection/details?id=1D6755EFB01F431FB58AC12C3A6E21B3,http://www.museumschina.cn/img/waterMark/2019-01-02-14-28-22/yipu/da/44/02/05/21800001/00001201/4402052180000100001201-A-0001_wm.jpg,新石器时代彩绘双耳陶罐,韶关市曲江区博物馆,陶器,新石器时代,二级,1988,单一/无机质/陶,http://www.museumschina.cn/img/waterMark/2019-01-02-14-28-22/yipu/da/44/02/05/21800001/00001201/4402052180000100001201-A-0001_wm.jpg|http://www.museumschina.cn/img/waterMark/2019-01-02-14-28-22/yipu/da/44/02/05/21800001/00001201/4402052180000100001201-B-0001_wm.jpg|http://www.museumschina.cn/img/waterMark/2019-01-02-14-28-22/yipu/da/44/02/05/21800001/00001201/4402052180000100001201-C-0001_wm.jpg|http://www.museumschina.cn/img/waterMark/2019-01-02-14-28-22/yipu/da/44/02/05/21800001/00001201/4402052180000100001201-C-0002_wm.jpg|http://www.museumschina.cn/img/waterMark/2019-01-02-14-28-22/yipu/da/44/02/05/21800001/00001201/4402052180000100001201-C-0003_wm.jpg|http://www.museumschina.cn/img/waterMark/2019-01-02-14-28-22/yipu/da/44/02/05/21800001/00001201/4402052180000100001201-C-0004_wm.jpg|http://www.museumschina.cn/img/waterMark/2019-01-02-14-28-22/yipu/da/44/02/05/21800001/00001201/4402052180000100001201-E-0001_wm.jpg|http://www.museumschina.cn/img/waterMark/2019-01-02-14-28-22/yipu/da/44/02/05/21800001/00001201/4402052180000100001201-E-0002_wm.jpg|http://www.museumschina.cn/img/waterMark/2019-01-02-14-28-22/yipu/da/44/02/05/21800001/00001201/4402052180000100001201-E-0003_wm.jpg|http://www.museumschina.cn/img/waterMark/2019-01-02-14-28-22/yipu/da/44/02/05/21800001/00001201/4402052180000100001201-F-0001_wm.jpg
https://www.museumschina.cn/collection/details?id=1db16d476e7e42e498594e80b2ca6229,http://www.museumschina.cn/img/waterMark/2019-01-02-14-28-22/yipu/da/62/29/27/21800001/00000009/6229272180000100000009-A-0001_wm.jpg,马厂类型网格纹双耳彩陶壶,积石山保安族东乡族撒拉族自治县博物馆,陶器,新石器时代,二级,1983,单一/无机质/陶,http://www.museumschina.cn/img/waterMark/2019-01-02-14-28-22/yipu/da/62/29/27/21800001/00000009/6229272180000100000009-A-0001_wm.jpg|http://www.museumschina.cn/img/waterMark/2019-01-02-14-28-22/yipu/da/62/29/27/21800001/00000009/6229272180000100000009-A-0002_wm.jpg|http://www.museumschina.cn/img/waterMark/2019-01-02-14-28-22/yipu/da/62/29/27/21800001/00000009/6229272180000100000009-B-0001_wm.jpg|http://www.museumschina.cn/img/waterMark/2019-01-02-14-28-22/yipu/da/62/29/27/21800001/00000009/6229272180000100000009-C-0001_wm.jpg|http://www.museumschina.cn/img/waterMark/2019-01-02-14-28-22/yipu/da/62/29/27/21800001/00000009/6229272180000100000009-C-0002_wm.jpg|http://www.museumschina.cn/img/waterMark/2019-01-02-14-28-22/yipu/da/62/29/27/21800001/00000009/6229272180000100000009-F-0001_wm.jpg
https://www.museumschina.cn/collection/details?id=1DBCB3F151624AADAC2ABBE81188F377,http://www.museumschina.cn/img/waterMark/2019-01-02-14-28-22/yipu/da/23/01/82/21800003/00000002/2301822180000300000002-A-0001_wm.jpg,新石器时代陶纺轮,双城市博物馆,陶器,新石器时代,一般,1981,复合或组合/无机复合或组合/泥,http://www.museumschina.cn/img/waterMark/2019-01-02-14-28-22/yipu/da/23/01/82/21800003/00000002/2301822180000300000002-A-0001_wm.jpg|http://www.museumschina.cn/img/waterMark/2019-01-02-14-28-22/yipu/da/23/01/82/21800003/00000002/2301822180000300000002-A-0002_wm.jpg
https://www.museumschina.cn/collection/details?id=0e53ba38731f463f82a9aa61974cd1ac,http://www.museumschina.cn/img/waterMark/2019-01-02-14-28-22/yipu/da/44/12/24/21800001/00000310/4412242180000100000310-A-0001_wm.jpg,新石器时代马家窑方格纹双系彩陶罐,怀集县博物馆,陶器,新石器时代,三级,1989,单一/无机质/陶,http://www.museumschina.cn/img/waterMark/2019-01-02-14-28-22/yipu/da/44/12/24/21800001/00000310/4412242180000100000310-A-0001_wm.jpg|http://www.museumschina.cn/img/waterMark/2019-01-02-14-28-22/yipu/da/44/12/24/21800001/00000310/4412242180000100000310-A-0002_wm.jpg|http://www.museumschina.cn/img/waterMark/2019-01-02-14-28-22/yipu/da/44/12/24/21800001/00000310/4412242180000100000310-B-0001_wm.jpg|http://www.museumschina.cn/img/waterMark/2019-01-02-14-28-22/yipu/da/44/12/24/21800001/00000310/4412242180000100000310-E-0001_wm.jpg|http://www.museumschina.cn/img/waterMark/2019-01-02-14-28-22/yipu/da/44/12/24/21800001/00000310/4412242180000100000310-F-0001_wm.jpg
https://www.museumschina.cn/collection/details?id=0E6916847517495ABC05E44AFFA305FA,http://www.museumschina.cn/img/waterMark/2019-01-02-14-28-22/yipu/da/14/09/81/21800004/00002674/1409812180000400002674-A-0001_wm.jpg,新石器时代绳纹灰陶鬲,原平市博物馆,陶器,新石器时代,三级,1984,单一/无机质/陶,http://www.museumschina.cn/img/waterMark/2019-01-02-14-28-22/yipu/da/14/09/81/21800004/00002674/1409812180000400002674-A-0001_wm.jpg|http://www.museumschina.cn/img/waterMark/2019-01-02-14-28-22/yipu/da/14/09/81/21800004/00002674/1409812180000400002674-B-0001_wm.jpg|http://www.museumschina.cn/img/waterMark/2019-01-02-14-28-22/yipu/da/14/09/81/21800004/00002674/1409812180000400002674-D-0001_wm.jpg|http://www.museumschina.cn/img/waterMark/2019-01-02-14-28-22/yipu/da/14/09/81/21800004/00002674/1409812180000400002674-D-0002_wm.jpg|http://www.museumschina.cn/img/waterMark/2019-01-02-14-28-22/yipu/da/14/09/81/21800004/00002674/1409812180000400002674-F-0001_wm.jpg
https://www.museumschina.cn/collection/details?id=0EB1863B0B1B475886E8FC87E47A57FD,http://www.museumschina.cn/img/waterMark/2019-01-02-14-28-22/yipu/da/33/04/81/21800001/00006561/3304812180000100006561-A-0001_wm.jpg,新石器时代良渚文化泥质灰陶罐,海宁市博物馆,陶器,新石器时代,三级,1991,单一/无机质/陶,http://www.museumschina.cn/img/waterMark/2019-01-02-14-28-22/yipu/da/33/04/81/21800001/00006561/3304812180000100006561-A-0001_wm.jpg|http://www.museumschina.cn/img/waterMark/2019-01-02-14-28-22/yipu/da/33/04/81/21800001/00006561/3304812180000100006561-B-0001_wm.jpg|http://www.museumschina.cn/img/waterMark/2019-01-02-14-28-22/yipu/da/33/04/81/21800001/00006561/3304812180000100006561-F-0001_wm.jpg
https://www.museumschina.cn/collection/details?id=0EB73A010A13408695EA0CC294764410,http://www.museumschina.cn/img/waterMark/2019-01-02-14-28-22/yipu/da/62/10/27/21800001/00002537/6210272180000100002537-A-0001_wm.jpg,新石器时代常山下层文化篮纹高领红陶罐,镇原县博物馆,陶器,新石器时代,三级,1998,单一/无机质/陶,http://www.museumschina.cn/img/waterMark/2019-01-02-14-28-22/yipu/da/62/10/27/21800001/00002537/6210272180000100002537-A-0001_wm.jpg
https://www.museumschina.cn/collection/details?id=0F7B1E9D46CA4FC9BA2ECD718D52AC1A,http://www.museumschina.cn/img/waterMark/2019-01-02-14-28-22/yipu/da/44/06/08/21800001/00001833/4406082180000100001833-A-0001_wm.jpg,新石器彩陶四大圈网格纹双耳罐,高明区博物馆,陶器,新石器时代,二级,1989,单一/无机质/陶,http://www.museumschina.cn/img/waterMark/2019-01-02-14-28-22/yipu/da/44/06/08/21800001/00001833/4406082180000100001833-A-0001_wm.jpg|http://www.museumschina.cn/img/waterMark/2019-01-02-14-28-22/yipu/da/44/06/08/21800001/00001833/4406082180000100001833-B-0001_wm.jpg|http://www.museumschina.cn/img/waterMark/2019-01-02-14-28-22/yipu/da/44/06/08/21800001/00001833/4406082180000100001833-C-0001_wm.jpg|http://www.museumschina.cn/img/waterMark/2019-01-02-14-28-22/yipu/da/44/06/08/21800001/00001833/4406082180000100001833-C-0002_wm.jpg|http://www.museumschina.cn/img/waterMark/2019-01-02-14-28-22/yipu/da/44/06/08/21800001/00001833/4406082180000100001833-D-0001_wm.jpg|http://www.museumschina.cn/img/waterMark/2019-01-02-14-28-22/yipu/da/44/06/08/21800001/00001833/4406082180000100001833-F-0001_wm.jpg
https://www.museumschina.cn/collection/details?id=0FCD53FC9E7D46A58AC0503E1E827FBE,http://www.museumschina.cn/img/waterMark/2019-01-02-14-28-22/yipu/da/53/06/21/21800002/00000627/5306212180000200000627-A-0001_wm.jpg,新石器时代野石山遗址磨光单耳红陶罐,云南省昭通市鲁甸县数字博物馆,陶器,新石器时代,三级,2006,单一/无机质/陶,http://www.museumschina.cn/img/waterMark/2019-01-02-14-28-22/yipu/da/53/06/21/21800002/00000627/5306212180000200000627-A-0001_wm.jpg|http://www.museumschina.cn/img/waterMark/2019-01-02-14-28-22/yipu/da/53/06/21/21800002/00000627/5306212180000200000627-B-0001_wm.jpg|http://www.museumschina.cn/img/waterMark/2019-01-02-14-28-22/yipu/da/53/06/21/21800002/00000627/5306212180000200000627-F-0001_wm.jpg
https://www.museumschina.cn/collection/details?id=1085cb873ee4408aa1bd70e7b2514c80,http://www.museumschina.cn/img/waterMark/2019-01-02-14-28-22/yipu/da/23/02/25/21800001/00000352/2302252180000100000352-A-0001_wm.jpg,新石器时代黄褐陶片,甘南县金代长城博物馆（文物管理所）,陶器,新石器时代,未定级,1994,单一/无机质/陶,http://www.museumschina.cn/img/waterMark/2019-01-02-14-28-22/yipu/da/23/02/25/21800001/00000352/2302252180000100000352-A-0001_wm.jpg|http://www.museumschina.cn/img/waterMark/2019-01-02-14-28-22/yipu/da/23/02/25/21800001/00000352/2302252180000100000352-C-0001_wm.jpg
https://www.museumschina.cn/collection/details?id=10D6416387104AA080952E11C5E788D6,http://www.museumschina.cn/img/waterMark/2019-01-02-14-28-22/yipu/da/53/29/28/21800003/00002569/5329282180000300002569-D-0001_wm.jpg,新石器时代新光遗址陶网坠,云南省大理白族自治州永平县数字博物馆,陶器,新石器时代,一般,1997,单一/无机质/陶,http://www.museumschina.cn/img/waterMark/2019-01-02-14-28-22/yipu/da/53/29/28/21800003/00002569/5329282180000300002569-D-0001_wm.jpg
https://www.museumschina.cn/collection/details?id=1101170201862104B111115144949765,http://www.museumschina.cn/img/waterMark/2019-01-02-14-28-22/yipu/da/11/01/17/21800006/70000057/1101172180000670000057-A-0001_wm.jpg,上宅二期陶猪头,北京市平谷区数字博物馆,陶器,新石器时代,二级,1990,单一/无机质/其他无机质,http://www.museumschina.cn/img/waterMark/2019-01-02-14-28-22/yipu/da/11/01/17/21800006/70000057/1101172180000670000057-A-0001_wm.jpg|http://www.museumschina.cn/img/waterMark/2019-01-02-14-28-22/yipu/da/11/01/17/21800006/70000057/1101172180000670000057-A-0002_wm.jpg|http://www.museumschina.cn/img/waterMark/2019-01-02-14-28-22/yipu/da/11/01/17/21800006/70000057/1101172180000670000057-A-0003_wm.jpg|http://www.museumschina.cn/img/waterMark/2019-01-02-14-28-22/yipu/da/11/01/17/21800006/70000057/1101172180000670000057-A-0004_wm.jpg|http://www.museumschina.cn/img/waterMark/2019-01-02-14-28-22/yipu/da/11/01/17/21800006/70000057/1101172180000670000057-A-0005_wm.jpg
https://www.museumschina.cn/collection/details?id=1101170201862104C111107120026640,http://www.museumschina.cn/img/waterMark/2019-01-02-14-28-22/yipu/da/11/01/17/21800006/70000066/1101172180000670000066-A-0001_wm.jpg,北埝头夹粗砂红褐色圈足钵,北京市平谷区数字博物馆,陶器,新石器时代,三级,1990,单一/无机质/其他无机质,http://www.museumschina.cn/img/waterMark/2019-01-02-14-28-22/yipu/da/11/01/17/21800006/70000066/1101172180000670000066-A-0001_wm.jpg|http://www.museumschina.cn/img/waterMark/2019-01-02-14-28-22/yipu/da/11/01/17/21800006/70000066/1101172180000670000066-A-0002_wm.jpg|http://www.museumschina.cn/img/waterMark/2019-01-02-14-28-22/yipu/da/11/01/17/21800006/70000066/1101172180000670000066-A-0003_wm.jpg|http://www.museumschina.cn/img/waterMark/2019-01-02-14-28-22/yipu/da/11/01/17/21800006/70000066/1101172180000670000066-A-0004_wm.jpg|http://www.museumschina.cn/img/waterMark/2019-01-02-14-28-22/yipu/da/11/01/17/21800006/70000066/1101172180000670000066-A-0005_wm.jpg|http://www.museumschina.cn/img/waterMark/2019-01-02-14-28-22/yipu/da/11/01/17/21800006/70000066/1101172180000670000066-A-0006_wm.jpg
https://www.museumschina.cn/collection/details?id=1101170201862104C111110114205875,http://www.museumschina.cn/img/waterMark/2019-01-02-14-28-22/yipu/da/11/01/17/21800006/70000067/1101172180000670000067-A-0001_wm.jpg,北埝头遗址夹细砂红褐陶杯,北京市平谷区数字博物馆,陶器,新石器时代,三级,1990,单一/无机质/其他无机质,http://www.museumschina.cn/img/waterMark/2019-01-02-14-28-22/yipu/da/11/01/17/21800006/70000067/1101172180000670000067-A-0001_wm.jpg|http://www.museumschina.cn/img/waterMark/2019-01-02-14-28-22/yipu/da/11/01/17/21800006/70000067/1101172180000670000067-A-0002_wm.jpg|http://www.museumschina.cn/img/waterMark/2019-01-02-14-28-22/yipu/da/11/01/17/21800006/70000067/1101172180000670000067-A-0003_wm.jpg|http://www.museumschina.cn/img/waterMark/2019-01-02-14-28-22/yipu/da/11/01/17/21800006/70000067/1101172180000670000067-A-0004_wm.jpg|http://www.museumschina.cn/img/waterMark/2019-01-02-14-28-22/yipu/da/11/01/17/21800006/70000067/1101172180000670000067-A-0005_wm.jpg|http://www.museumschina.cn/img/waterMark/2019-01-02-14-28-22/yipu/da/11/01/17/21800006/70000067/1101172180000670000067-A-0006_wm.jpg
https://www.museumschina.cn/collection/details?id=1101170201862104C111111112142953,http://www.museumschina.cn/img/waterMark/2019-01-02-14-28-22/yipu/da/11/01/17/21800006/70000069/1101172180000670000069-A-0001_wm.jpg,上宅二期陶弹丸,北京市平谷区数字博物馆,陶器,新石器时代,三级,1990,单一/无机质/其他无机质,http://www.museumschina.cn/img/waterMark/2019-01-02-14-28-22/yipu/da/11/01/17/21800006/70000069/1101172180000670000069-A-0001_wm.jpg|http://www.museumschina.cn/img/waterMark/2019-01-02-14-28-22/yipu/da/11/01/17/21800006/70000069/1101172180000670000069-A-0002_wm.jpg|http://www.museumschina.cn/img/waterMark/2019-01-02-14-28-22/yipu/da/11/01/17/21800006/70000069/1101172180000670000069-A-0003_wm.jpg|http://www.museumschina.cn/img/waterMark/2019-01-02-14-28-22/yipu/da/11/01/17/21800006/70000069/1101172180000670000069-A-0004_wm.jpg|http://www.museumschina.cn/img/waterMark/2019-01-02-14-28-22/yipu/da/11/01/17/21800006/70000069/1101172180000670000069-A-0005_wm.jpg|http://www.museumschina.cn/img/waterMark/2019-01-02-14-28-22/yipu/da/11/01/17/21800006/70000069/1101172180000670000069-A-0006_wm.jpg|http://www.museumschina.cn/img/waterMark/2019-01-02-14-28-22/yipu/da/11/01/17/21800006/70000069/1101172180000670000069-A-0007_wm.jpg|http://www.museumschina.cn/img/waterMark/2019-01-02-14-28-22/yipu/da/11/01/17/21800006/70000069/1101172180000670000069-A-0008_wm.jpg|http://www.museumschina.cn/img/waterMark/2019-01-02-14-28-22/yipu/da/11/01/17/21800006/70000069/1101172180000670000069-A-0009_wm.jpg|http://www.museumschina.cn/img/waterMark/2019-01-02-14-28-22/yipu/da/11/01/17/21800006/70000069/1101172180000670000069-A-0010_wm.jpg|http://www.museumschina.cn/img/waterMark/2019-01-02-14-28-22/yipu/da/11/01/17/21800006/70000069/1101172180000670000069-A-0011_wm.jpg|http://www.museumschina.cn/img/waterMark/2019-01-02-14-28-22/yipu/da/11/01/17/21800006/70000069/1101172180000670000069-A-0012_wm.jpg|http://www.museumschina.cn/img/waterMark/2019-01-02-14-28-22/yipu/da/11/01/17/21800006/70000069/1101172180000670000069-A-0013_wm.jpg|http://www.museumschina.cn/img/waterMark/2019-01-02-14-28-22/yipu/da/11/01/17/21800006/70000069/1101172180000670000069-A-0014_wm.jpg|http://www.museumschina.cn/img/waterMark/2019-01-02-14-28-22/yipu/da/11/01/17/21800006/70000069/1101172180000670000069-A-0015_wm.jpg
https://www.museumschina.cn/collection/details?id=1101170201862104C111111143958843,http://www.museumschina.cn/img/waterMark/2019-01-02-14-28-22/yipu/da/11/01/17/21800006/70000071/1101172180000670000071-A-0001_wm.jpg,北埝头夹粗砂红褐色大口深腹罐,北京市平谷区数字博物馆,陶器,新石器时代,三级,1990,单一/无机质/其他无机质,http://www.museumschina.cn/img/waterMark/2019-01-02-14-28-22/yipu/da/11/01/17/21800006/70000071/1101172180000670000071-A-0001_wm.jpg|http://www.museumschina.cn/img/waterMark/2019-01-02-14-28-22/yipu/da/11/01/17/21800006/70000071/1101172180000670000071-A-0002_wm.jpg|http://www.museumschina.cn/img/waterMark/2019-01-02-14-28-22/yipu/da/11/01/17/21800006/70000071/1101172180000670000071-A-0003_wm.jpg|http://www.museumschina.cn/img/waterMark/2019-01-02-14-28-22/yipu/da/11/01/17/21800006/70000071/1101172180000670000071-A-0004_wm.jpg|http://www.museumschina.cn/img/waterMark/2019-01-02-14-28-22/yipu/da/11/01/17/21800006/70000071/1101172180000670000071-A-0005_wm.jpg|http://www.museumschina.cn/img/waterMark/2019-01-02-14-28-22/yipu/da/11/01/17/21800006/70000071/1101172180000670000071-A-0006_wm.jpg
https://www.museumschina.cn/collection/details?id=1101170201862104C111111152542906,http://www.museumschina.cn/img/waterMark/2019-01-02-14-28-22/yipu/da/11/01/17/21800006/70000082/1101172180000670000082-A-0001_wm.jpg,上宅二期夹细砂黑褐色敛口深腹罐,北京市平谷区数字博物馆,陶器,新石器时代,三级,1990,单一/无机质/其他无机质,http://www.museumschina.cn/img/waterMark/2019-01-02-14-28-22/yipu/da/11/01/17/21800006/70000082/1101172180000670000082-A-0001_wm.jpg|http://www.museumschina.cn/img/waterMark/2019-01-02-14-28-22/yipu/da/11/01/17/21800006/70000082/1101172180000670000082-A-0002_wm.jpg|http://www.museumschina.cn/img/waterMark/2019-01-02-14-28-22/yipu/da/11/01/17/21800006/70000082/1101172180000670000082-A-0003_wm.jpg|http://www.museumschina.cn/img/waterMark/2019-01-02-14-28-22/yipu/da/11/01/17/21800006/70000082/1101172180000670000082-A-0004_wm.jpg|http://www.museumschina.cn/img/waterMark/2019-01-02-14-28-22/yipu/da/11/01/17/21800006/70000082/1101172180000670000082-A-0005_wm.jpg
https://www.museumschina.cn/collection/details?id=1101170201862104C111111153120031,http://www.museumschina.cn/img/waterMark/2019-01-02-14-28-22/yipu/da/11/01/17/21800006/70000084/1101172180000670000084-A-0001_wm.jpg,上宅二期泥质红褐陶红顶碗,北京市平谷区数字博物馆,陶器,新石器时代,三级,1990,单一/无机质/其他无机质,http://www.museumschina.cn/img/waterMark/2019-01-02-14-28-22/yipu/da/11/01/17/21800006/70000084/1101172180000670000084-A-0001_wm.jpg|http://www.museumschina.cn/img/waterMark/2019-01-02-14-28-22/yipu/da/11/01/17/21800006/70000084/1101172180000670000084-A-0002_wm.jpg|http://www.museumschina.cn/img/waterMark/2019-01-02-14-28-22/yipu/da/11/01/17/21800006/70000084/1101172180000670000084-A-0003_wm.jpg|http://www.museumschina.cn/img/waterMark/2019-01-02-14-28-22/yipu/da/11/01/17/21800006/70000084/1101172180000670000084-A-0004_wm.jpg|http://www.museumschina.cn/img/waterMark/2019-01-02-14-28-22/yipu/da/11/01/17/21800006/70000084/1101172180000670000084-A-0005_wm.jpg|http://www.museumschina.cn/img/waterMark/2019-01-02-14-28-22/yipu/da/11/01/17/21800006/70000084/1101172180000670000084-A-0006_wm.jpg
https://www.museumschina.cn/collection/details?id=1101170201862104C111111154035609,http://www.museumschina.cn/img/waterMark/2019-01-02-14-28-22/yipu/da/11/01/17/21800006/70000086/1101172180000670000086-A-0001_wm.jpg,上宅二期夹粗砂红褐色大口深腹罐,北京市平谷区数字博物馆,陶器,新石器时代,三级,1990,单一/无机质/其他无机质,http://www.museumschina.cn/img/waterMark/2019-01-02-14-28-22/yipu/da/11/01/17/21800006/70000086/1101172180000670000086-A-0001_wm.jpg|http://www.museumschina.cn/img/waterMark/2019-01-02-14-28-22/yipu/da/11/01/17/21800006/70000086/1101172180000670000086-A-0002_wm.jpg|http://www.museumschina.cn/img/waterMark/2019-01-02-14-28-22/yipu/da/11/01/17/21800006/70000086/1101172180000670000086-A-0003_wm.jpg|http://www.museumschina.cn/img/waterMark/2019-01-02-14-28-22/yipu/da/11/01/17/21800006/70000086/1101172180000670000086-A-0004_wm.jpg|http://www.museumschina.cn/img/waterMark/2019-01-02-14-28-22/yipu/da/11/01/17/21800006/70000086/1101172180000670000086-A-0005_wm.jpg|http://www.museumschina.cn/img/waterMark/2019-01-02-14-28-22/yipu/da/11/01/17/21800006/70000086/1101172180000670000086-A-0006_wm.jpg
https://www.museumschina.cn/collection/details?id=1101170201862104C111112105701375,http://www.museumschina.cn/img/waterMark/2019-01-02-14-28-22/yipu/da/11/01/17/21800006/70000088/1101172180000670000088-A-0001_wm.jpg,上宅二期夹粗砂红褐色陶鸟首支架形器,北京市平谷区数字博物馆,陶器,新石器时代,三级,1990,单一/无机质/其他无机质,http://www.museumschina.cn/img/waterMark/2019-01-02-14-28-22/yipu/da/11/01/17/21800006/70000088/1101172180000670000088-A-0001_wm.jpg|http://www.museumschina.cn/img/waterMark/2019-01-02-14-28-22/yipu/da/11/01/17/21800006/70000088/1101172180000670000088-A-0002_wm.jpg|http://www.museumschina.cn/img/waterMark/2019-01-02-14-28-22/yipu/da/11/01/17/21800006/70000088/1101172180000670000088-A-0003_wm.jpg|http://www.museumschina.cn/img/waterMark/2019-01-02-14-28-22/yipu/da/11/01/17/21800006/70000088/1101172180000670000088-A-0004_wm.jpg|http://www.museumschina.cn/img/waterMark/2019-01-02-14-28-22/yipu/da/11/01/17/21800006/70000088/1101172180000670000088-A-0005_wm.jpg|http://www.museumschina.cn/img/waterMark/2019-01-02-14-28-22/yipu/da/11/01/17/21800006/70000088/1101172180000670000088-A-0006_wm.jpg
https://www.museumschina.cn/collection/details?id=1101170201862104C111112112124546,http://www.museumschina.cn/img/waterMark/2019-01-02-14-28-22/yipu/da/11/01/17/21800006/70000089/1101172180000670000089-A-0001_wm.jpg,上宅二期夹粗砂红褐陶筒形器,北京市平谷区数字博物馆,陶器,新石器时代,三级,1990,单一/无机质/其他无机质,http://www.museumschina.cn/img/waterMark/2019-01-02-14-28-22/yipu/da/11/01/17/21800006/70000089/1101172180000670000089-A-0001_wm.jpg|http://www.museumschina.cn/img/waterMark/2019-01-02-14-28-22/yipu/da/11/01/17/21800006/70000089/1101172180000670000089-A-0002_wm.jpg|http://www.museumschina.cn/img/waterMark/2019-01-02-14-28-22/yipu/da/11/01/17/21800006/70000089/1101172180000670000089-A-0003_wm.jpg|http://www.museumschina.cn/img/waterMark/2019-01-02-14-28-22/yipu/da/11/01/17/21800006/70000089/1101172180000670000089-A-0004_wm.jpg|http://www.museumschina.cn/img/waterMark/2019-01-02-14-28-22/yipu/da/11/01/17/21800006/70000089/1101172180000670000089-A-0005_wm.jpg|http://www.museumschina.cn/img/waterMark/2019-01-02-14-28-22/yipu/da/11/01/17/21800006/70000089/1101172180000670000089-A-0006_wm.jpg
https://www.museumschina.cn/collection/details?id=11292E1056AE4EFF9F5523D15E34351E,http://www.museumschina.cn/img/waterMark/2019-01-02-14-28-22/yipu/da/14/04/28/21800011/00001398/1404282180001100001398-A-0001_wm.jpg,新石器时代绳纹分档陶鬲,长子县博物馆,陶器,新石器时代,二级,,单一/无机质/陶,http://www.museumschina.cn/img/waterMark/2019-01-02-14-28-22/yipu/da/14/04/28/21800011/00001398/1404282180001100001398-A-0001_wm.jpg|http://www.museumschina.cn/img/waterMark/2019-01-02-14-28-22/yipu/da/14/04/28/21800011/00001398/1404282180001100001398-B-0001_wm.jpg|http://www.museumschina.cn/img/waterMark/2019-01-02-14-28-22/yipu/da/14/04/28/21800011/00001398/1404282180001100001398-C-0001_wm.jpg|http://www.museumschina.cn/img/waterMark/2019-01-02-14-28-22/yipu/da/14/04/28/21800011/00001398/1404282180001100001398-D-0001_wm.jpg|http://www.museumschina.cn/img/waterMark/2019-01-02-14-28-22/yipu/da/14/04/28/21800011/00001398/1404282180001100001398-E-0001_wm.jpg|http://www.museumschina.cn/img/waterMark/2019-01-02-14-28-22/yipu/da/14/04/28/21800011/00001398/1404282180001100001398-F-0001_wm.jpg
https://www.museumschina.cn/collection/details?id=1259036e2dae44a3b7ec81fedd862743,http://www.museumschina.cn/img/waterMark/2019-01-02-14-28-22/yipu/da/23/01/26/21800001/00000056/2301262180000100000056-A-0001_wm.jpg,新时期时期王脖子山遗址群陶纺轮,黑龙江省哈尔滨市巴彦县数字博物馆,陶器,新石器时代,一般,1998,单一/无机质/陶,http://www.museumschina.cn/img/waterMark/2019-01-02-14-28-22/yipu/da/23/01/26/21800001/00000056/2301262180000100000056-A-0001_wm.jpg
https://www.museumschina.cn/collection/details?id=12cd7a9764d844228ed819ff86fd3b70,http://www.museumschina.cn/img/waterMark/2019-01-02-14-28-22/yipu/da/44/02/00/21800003/00000017/4402002180000300000017-A-0001_wm.jpg,新石器时代晚期彩陶豆,仁化县博物馆,陶器,新石器时代,三级,1989,单一/无机质/陶,http://www.museumschina.cn/img/waterMark/2019-01-02-14-28-22/yipu/da/44/02/00/21800003/00000017/4402002180000300000017-A-0001_wm.jpg|http://www.museumschina.cn/img/waterMark/2019-01-02-14-28-22/yipu/da/44/02/00/21800003/00000017/4402002180000300000017-B-0001_wm.jpg|http://www.museumschina.cn/img/waterMark/2019-01-02-14-28-22/yipu/da/44/02/00/21800003/00000017/4402002180000300000017-D-0001_wm.jpg|http://www.museumschina.cn/img/waterMark/2019-01-02-14-28-22/yipu/da/44/02/00/21800003/00000017/4402002180000300000017-F-0001_wm.jpg
https://www.museumschina.cn/collection/details?id=133ccf8bc9974a61a96dc5000cea5a8d,http://www.museumschina.cn/img/waterMark/2019-01-02-14-28-22/yipu/da/51/33/23/21800001/00000222/5133232180000100000222-A-0001_wm.jpg,新石器时代陶豆,四川省甘孜藏族自治州丹巴县数字博物馆,陶器,新石器时代,未定级,,单一/无机质/陶,http://www.museumschina.cn/img/waterMark/2019-01-02-14-28-22/yipu/da/51/33/23/21800001/00000222/5133232180000100000222-A-0001_wm.jpg
https://www.museumschina.cn/collection/details?id=13c0d489204843f3adeaccdbdba97938,http://www.museumschina.cn/img/waterMark/2019-01-02-14-28-22/yipu/da/44/02/29/21800001/00000031/4402292180000100000031-A-0001_wm.jpg,新石器时代彩陶双带耳大口壶,翁源县博物馆,陶器,新石器时代,三级,2011,单一/无机质/陶,http://www.museumschina.cn/img/waterMark/2019-01-02-14-28-22/yipu/da/44/02/29/21800001/00000031/4402292180000100000031-A-0001_wm.jpg|http://www.museumschina.cn/img/waterMark/2019-01-02-14-28-22/yipu/da/44/02/29/21800001/00000031/4402292180000100000031-B-0001_wm.jpg|http://www.museumschina.cn/img/waterMark/2019-01-02-14-28-22/yipu/da/44/02/29/21800001/00000031/4402292180000100000031-C-0001_wm.jpg|http://www.museumschina.cn/img/waterMark/2019-01-02-14-28-22/yipu/da/44/02/29/21800001/00000031/4402292180000100000031-C-0002_wm.jpg|http://www.museumschina.cn/img/waterMark/2019-01-02-14-28-22/yipu/da/44/02/29/21800001/00000031/4402292180000100000031-E-0001_wm.jpg|http://www.museumschina.cn/img/waterMark/2019-01-02-14-28-22/yipu/da/44/02/29/21800001/00000031/4402292180000100000031-F-0001_wm.jpg
https://www.museumschina.cn/collection/details?id=140ACE1EA85548749366A77FD83A8C2D,http://www.museumschina.cn/img/waterMark/2019-01-02-14-28-22/yipu/da/44/52/24/21800001/00000365/4452242180000100000365-A-0001_wm.jpg,新石器时代马家窑文化彩绘四圆圈纹双系陶壶,惠来县博物馆,陶器,新石器时代,三级,1994,单一/无机质/陶,http://www.museumschina.cn/img/waterMark/2019-01-02-14-28-22/yipu/da/44/52/24/21800001/00000365/4452242180000100000365-A-0001_wm.jpg|http://www.museumschina.cn/img/waterMark/2019-01-02-14-28-22/yipu/da/44/52/24/21800001/00000365/4452242180000100000365-A-0002_wm.jpg|http://www.museumschina.cn/img/waterMark/2019-01-02-14-28-22/yipu/da/44/52/24/21800001/00000365/4452242180000100000365-B-0001_wm.jpg|http://www.museumschina.cn/img/waterMark/2019-01-02-14-28-22/yipu/da/44/52/24/21800001/00000365/4452242180000100000365-E-0001_wm.jpg|http://www.museumschina.cn/img/waterMark/2019-01-02-14-28-22/yipu/da/44/52/24/21800001/00000365/4452242180000100000365-E-0002_wm.jpg|http://www.museumschina.cn/img/waterMark/2019-01-02-14-28-22/yipu/da/44/52/24/21800001/00000365/4452242180000100000365-E-0003_wm.jpg|http://www.museumschina.cn/img/waterMark/2019-01-02-14-28-22/yipu/da/44/52/24/21800001/00000365/4452242180000100000365-F-0001_wm.jpg
https://www.museumschina.cn/collection/details?id=1417a538d49f40539c24ed2966154098,http://www.museumschina.cn/img/waterMark/2019-01-02-14-28-22/yipu/da/62/01/11/21800001/00000021/6201112180000100000021-A-0001_wm.jpg,双耳素陶罐,红古区博物馆,陶器,新石器时代,未定级,,单一/无机质/陶,http://www.museumschina.cn/img/waterMark/2019-01-02-14-28-22/yipu/da/62/01/11/21800001/00000021/6201112180000100000021-A-0001_wm.jpg|http://www.museumschina.cn/img/waterMark/2019-01-02-14-28-22/yipu/da/62/01/11/21800001/00000021/6201112180000100000021-B-0001_wm.jpg|http://www.museumschina.cn/img/waterMark/2019-01-02-14-28-22/yipu/da/62/01/11/21800001/00000021/6201112180000100000021-C-0001_wm.jpg|http://www.museumschina.cn/img/waterMark/2019-01-02-14-28-22/yipu/da/62/01/11/21800001/00000021/6201112180000100000021-D-0001_wm.jpg|http://www.museumschina.cn/img/waterMark/2019-01-02-14-28-22/yipu/da/62/01/11/21800001/00000021/6201112180000100000021-F-0001_wm.jpg
https://www.museumschina.cn/collection/details?id=072cef7d2a3845618c862d7a2b706226,http://www.museumschina.cn/img/waterMark/2019-01-02-14-28-22/yipu/da/23/01/26/21800001/00000050/2301262180000100000050-A-0001_wm.jpg,新石器时期王脖子山遗址群四孔陶纺轮,黑龙江省哈尔滨市巴彦县数字博物馆,陶器,新石器时代,三级,1997,单一/无机质/陶,http://www.museumschina.cn/img/waterMark/2019-01-02-14-28-22/yipu/da/23/01/26/21800001/00000050/2301262180000100000050-A-0001_wm.jpg
https://www.museumschina.cn/collection/details?id=07BA237B569A41DBA9808FB8BE0F826D,http://www.museumschina.cn/img/waterMark/2019-01-02-14-28-22/yipu/da/14/08/29/21800007/00000054/1408292180000700000054-A-0001_wm.jpg,新石器时代仰韶文化篮纹陶尖底瓶,平陆县博物馆,陶器,新石器时代,二级,,单一/无机质/陶,http://www.museumschina.cn/img/waterMark/2019-01-02-14-28-22/yipu/da/14/08/29/21800007/00000054/1408292180000700000054-A-0001_wm.jpg|http://www.museumschina.cn/img/waterMark/2019-01-02-14-28-22/yipu/da/14/08/29/21800007/00000054/1408292180000700000054-C-0001_wm.jpg
https://www.museumschina.cn/collection/details?id=0804442983CA40C88B161E11076CDEDC,http://www.museumschina.cn/img/waterMark/2019-01-02-14-28-22/yipu/da/44/07/85/21800001/00000161/4407852180000100000161-A-0001_wm.jpg,新石器马厂型双耳四大圆圈纹大彩陶罐,恩平市博物馆,陶器,新石器时代,二级,1991,单一/无机质/陶,http://www.museumschina.cn/img/waterMark/2019-01-02-14-28-22/yipu/da/44/07/85/21800001/00000161/4407852180000100000161-A-0001_wm.jpg|http://www.museumschina.cn/img/waterMark/2019-01-02-14-28-22/yipu/da/44/07/85/21800001/00000161/4407852180000100000161-B-0001_wm.jpg|http://www.museumschina.cn/img/waterMark/2019-01-02-14-28-22/yipu/da/44/07/85/21800001/00000161/4407852180000100000161-C-0001_wm.jpg|http://www.museumschina.cn/img/waterMark/2019-01-02-14-28-22/yipu/da/44/07/85/21800001/00000161/4407852180000100000161-F-0001_wm.jpg
https://www.museumschina.cn/collection/details?id=0933241d94374ad38c0edf0e0c5763e3,http://www.museumschina.cn/img/waterMark/2019-01-02-14-28-22/yipu/da/35/04/25/21800004/10003662/3504252180000410003662-A-0001_wm.jpg,新石器时代陶网坠,泉州市博物馆,陶器,新石器时代,三级,2004,单一/无机质/陶,http://www.museumschina.cn/img/waterMark/2019-01-02-14-28-22/yipu/da/35/04/25/21800004/10003662/3504252180000410003662-A-0001_wm.jpg|http://www.museumschina.cn/img/waterMark/2019-01-02-14-28-22/yipu/da/35/04/25/21800004/10003662/3504252180000410003662-A-0002_wm.jpg|http://www.museumschina.cn/img/waterMark/2019-01-02-14-28-22/yipu/da/35/04/25/21800004/10003662/3504252180000410003662-A-0003_wm.jpg|http://www.museumschina.cn/img/waterMark/2019-01-02-14-28-22/yipu/da/35/04/25/21800004/10003662/3504252180000410003662-A-0004_wm.jpg|http://www.museumschina.cn/img/waterMark/2019-01-02-14-28-22/yipu/da/35/04/25/21800004/10003662/3504252180000410003662-C-0001_wm.jpg|http://www.museumschina.cn/img/waterMark/2019-01-02-14-28-22/yipu/da/35/04/25/21800004/10003662/3504252180000410003662-C-0002_wm.jpg|http://www.museumschina.cn/img/waterMark/2019-01-02-14-28-22/yipu/da/35/04/25/21800004/10003662/3504252180000410003662-E-0001_wm.jpg
https://www.museumschina.cn/collection/details?id=0a04959227564b62bf8dc4f70b443786,http://www.museumschina.cn/img/waterMark/2019-01-02-14-28-22/yipu/da/62/08/26/21800001/00002346/6208262180000100002346-A-0001_wm.jpg,马家窑性旋涡纹长颈彩陶瓶,静宁县博物馆,陶器,新石器时代,一级,1986,单一/无机质/陶,http://www.museumschina.cn/img/waterMark/2019-01-02-14-28-22/yipu/da/62/08/26/21800001/00002346/6208262180000100002346-A-0001_wm.jpg|http://www.museumschina.cn/img/waterMark/2019-01-02-14-28-22/yipu/da/62/08/26/21800001/00002346/6208262180000100002346-B-0001_wm.jpg|http://www.museumschina.cn/img/waterMark/2019-01-02-14-28-22/yipu/da/62/08/26/21800001/00002346/6208262180000100002346-F-0001_wm.jpg
https://www.museumschina.cn/collection/details?id=0A76B6546BFD4DBCAF47FEECCEA087DA,http://www.museumschina.cn/img/waterMark/2019-01-02-14-28-22/yipu/da/14/09/81/21800004/00002822/1409812180000400002822-A-0001_wm.jpg,新石器绳纹单耳灰陶鬲,原平市博物馆,陶器,新石器时代,三级,1984,单一/无机质/陶,http://www.museumschina.cn/img/waterMark/2019-01-02-14-28-22/yipu/da/14/09/81/21800004/00002822/1409812180000400002822-A-0001_wm.jpg|http://www.museumschina.cn/img/waterMark/2019-01-02-14-28-22/yipu/da/14/09/81/21800004/00002822/1409812180000400002822-B-0001_wm.jpg|http://www.museumschina.cn/img/waterMark/2019-01-02-14-28-22/yipu/da/14/09/81/21800004/00002822/1409812180000400002822-C-0001_wm.jpg|http://www.museumschina.cn/img/waterMark/2019-01-02-14-28-22/yipu/da/14/09/81/21800004/00002822/1409812180000400002822-C-0002_wm.jpg|http://www.museumschina.cn/img/waterMark/2019-01-02-14-28-22/yipu/da/14/09/81/21800004/00002822/1409812180000400002822-C-0003_wm.jpg|http://www.museumschina.cn/img/waterMark/2019-01-02-14-28-22/yipu/da/14/09/81/21800004/00002822/1409812180000400002822-D-0001_wm.jpg|http://www.museumschina.cn/img/waterMark/2019-01-02-14-28-22/yipu/da/14/09/81/21800004/00002822/1409812180000400002822-F-0001_wm.jpg
https://www.museumschina.cn/collection/details?id=0b1ef81a44f84efebb351bf94eaff929,http://www.museumschina.cn/img/waterMark/2019-01-02-14-28-22/yipu/da/62/06/23/21800001/00000026/6206232180000100000026-A-0001_wm.jpg,新石器时代马家窑文化平行带网线圈点纹双耳彩陶壶,天祝藏族自治县博物馆,陶器,新石器时代,一级,,单一/无机质/陶,http://www.museumschina.cn/img/waterMark/2019-01-02-14-28-22/yipu/da/62/06/23/21800001/00000026/6206232180000100000026-A-0001_wm.jpg|http://www.museumschina.cn/img/waterMark/2019-01-02-14-28-22/yipu/da/62/06/23/21800001/00000026/6206232180000100000026-B-0001_wm.jpg
https://www.museumschina.cn/collection/details?id=0b56aaedfe744fe98a22ba25c73cb742,http://www.museumschina.cn/img/waterMark/2019-01-02-14-28-22/yipu/da/35/09/81/21800004/10000189/3509812180000410000189-A-0001_wm.jpg,新石器时代昙石山文化绳纹夹砂灰陶釜,福建省昙石山遗址博物馆,陶器,新石器时代,二级,2007,单一/无机质/陶,http://www.museumschina.cn/img/waterMark/2019-01-02-14-28-22/yipu/da/35/09/81/21800004/10000189/3509812180000410000189-A-0001_wm.jpg|http://www.museumschina.cn/img/waterMark/2019-01-02-14-28-22/yipu/da/35/09/81/21800004/10000189/3509812180000410000189-B-0001_wm.jpg|http://www.museumschina.cn/img/waterMark/2019-01-02-14-28-22/yipu/da/35/09/81/21800004/10000189/3509812180000410000189-E-0001_wm.jpg
https://www.museumschina.cn/collection/details?id=0b93d11bbb694e8c9b4f0ad3151b7109,http://www.museumschina.cn/img/waterMark/2019-01-02-14-28-22/yipu/da/35/09/81/21800004/10000220/3509812180000410000220-A-0001_wm.jpg,新石器时代昙石山文化绳纹桔黄陶小口罐,福建省昙石山遗址博物馆,陶器,新石器时代,一级,2001,单一/无机质/陶,http://www.museumschina.cn/img/waterMark/2019-01-02-14-28-22/yipu/da/35/09/81/21800004/10000220/3509812180000410000220-A-0001_wm.jpg|http://www.museumschina.cn/img/waterMark/2019-01-02-14-28-22/yipu/da/35/09/81/21800004/10000220/3509812180000410000220-B-0001_wm.jpg|http://www.museumschina.cn/img/waterMark/2019-01-02-14-28-22/yipu/da/35/09/81/21800004/10000220/3509812180000410000220-E-0001_wm.jpg|http://www.museumschina.cn/img/waterMark/2019-01-02-14-28-22/yipu/da/35/09/81/21800004/10000220/3509812180000410000220-F-0001_wm.jpg
https://www.museumschina.cn/collection/details?id=0c262fd8889340a5a5aaaf09efb0d6ca,http://www.museumschina.cn/img/waterMark/2019-01-02-14-28-22/yipu/da/44/16/24/21800001/80000101/4416242180000180000101-A-0001_wm.jpg,新石器时代晚期方格纹有流带把陶壶,和平县博物馆,陶器,新石器时代,二级,1985,单一/无机质/陶,http://www.museumschina.cn/img/waterMark/2019-01-02-14-28-22/yipu/da/44/16/24/21800001/80000101/4416242180000180000101-A-0001_wm.jpg|http://www.museumschina.cn/img/waterMark/2019-01-02-14-28-22/yipu/da/44/16/24/21800001/80000101/4416242180000180000101-B-0001_wm.jpg|http://www.museumschina.cn/img/waterMark/2019-01-02-14-28-22/yipu/da/44/16/24/21800001/80000101/4416242180000180000101-E-0002_wm.jpg|http://www.museumschina.cn/img/waterMark/2019-01-02-14-28-22/yipu/da/44/16/24/21800001/80000101/4416242180000180000101-F-0001_wm.jpg
https://www.museumschina.cn/collection/details?id=0C848D82C01D4F8294809EE6727230E7,http://www.museumschina.cn/img/waterMark/2019-01-02-14-28-22/yipu/da/31/01/14/21800002/00002804/3101142180000200002804-A-0001_wm.jpg,新石器彩陶双耳壶,嘉定博物馆,陶器,新石器时代,二级,,单一/无机质/陶,http://www.museumschina.cn/img/waterMark/2019-01-02-14-28-22/yipu/da/31/01/14/21800002/00002804/3101142180000200002804-A-0001_wm.jpg
https://www.museumschina.cn/collection/details?id=0d04d66faa5745a29a9afc0f766f20cf,http://www.museumschina.cn/img/waterMark/2019-01-02-14-28-22/yipu/da/62/06/23/21800001/00000027/6206232180000100000027-A-0001_wm.jpg,新石器时代仰韶文化篦纹尖底瓶,天祝藏族自治县博物馆,陶器,新石器时代,一级,1978,单一/无机质/陶,http://www.museumschina.cn/img/waterMark/2019-01-02-14-28-22/yipu/da/62/06/23/21800001/00000027/6206232180000100000027-A-0001_wm.jpg|http://www.museumschina.cn/img/waterMark/2019-01-02-14-28-22/yipu/da/62/06/23/21800001/00000027/6206232180000100000027-B-0001_wm.jpg
https://www.museumschina.cn/collection/details?id=0d2b2cb9e7e04247a81935a91c5fb30c,http://www.museumschina.cn/img/waterMark/2019-01-02-14-28-22/yipu/da/62/29/27/21800001/00000036/6229272180000100000036-A-0001_wm.jpg,新石器时代半山类型菱形纹双耳彩陶壶,积石山保安族东乡族撒拉族自治县博物馆,陶器,新石器时代,二级,1989,单一/无机质/陶,http://www.museumschina.cn/img/waterMark/2019-01-02-14-28-22/yipu/da/62/29/27/21800001/00000036/6229272180000100000036-A-0001_wm.jpg|http://www.museumschina.cn/img/waterMark/2019-01-02-14-28-22/yipu/da/62/29/27/21800001/00000036/6229272180000100000036-A-0002_wm.jpg|http://www.museumschina.cn/img/waterMark/2019-01-02-14-28-22/yipu/da/62/29/27/21800001/00000036/6229272180000100000036-B-0001_wm.jpg|http://www.museumschina.cn/img/waterMark/2019-01-02-14-28-22/yipu/da/62/29/27/21800001/00000036/6229272180000100000036-C-0001_wm.jpg|http://www.museumschina.cn/img/waterMark/2019-01-02-14-28-22/yipu/da/62/29/27/21800001/00000036/6229272180000100000036-C-0002_wm.jpg|http://www.museumschina.cn/img/waterMark/2019-01-02-14-28-22/yipu/da/62/29/27/21800001/00000036/6229272180000100000036-E-0001_wm.jpg
https://www.museumschina.cn/collection/details?id=005595787D44410297AFD1A5CE4A1853,http://www.museumschina.cn/img/waterMark/2019-01-02-14-28-22/yipu/da/53/29/28/21800003/00002407/5329282180000300002407-D-0001_wm.jpg,新石器时代新光遗址陶盘,云南省大理白族自治州永平县数字博物馆,陶器,新石器时代,一般,1996,单一/无机质/陶,http://www.museumschina.cn/img/waterMark/2019-01-02-14-28-22/yipu/da/53/29/28/21800003/00002407/5329282180000300002407-D-0001_wm.jpg
https://www.museumschina.cn/collection/details?id=0123217D3C3E4821BF6AB7060294AD3C,http://www.museumschina.cn/img/waterMark/2019-01-02-14-28-22/yipu/da/53/07/21/21800054/00000012/5307212180005400000012-A-0001_wm.jpg,新石器时代殉葬陶杯,白沙壁画博物馆,陶器,新石器时代,一般,2010,单一/无机质/陶,http://www.museumschina.cn/img/waterMark/2019-01-02-14-28-22/yipu/da/53/07/21/21800054/00000012/5307212180005400000012-A-0001_wm.jpg|http://www.museumschina.cn/img/waterMark/2019-01-02-14-28-22/yipu/da/53/07/21/21800054/00000012/5307212180005400000012-B-0001_wm.jpg|http://www.museumschina.cn/img/waterMark/2019-01-02-14-28-22/yipu/da/53/07/21/21800054/00000012/5307212180005400000012-F-0001_wm.jpg
https://www.museumschina.cn/collection/details?id=015E13B5ACAF4C96B04BCC876A8185A5,http://www.museumschina.cn/img/waterMark/2019-01-02-14-28-22/yipu/da/44/18/81/21800001/00000894/4418812180000100000894-A-0001_wm.jpg,新石器时代彩绘圆圈纹双耳陶罐,英德市博物馆,陶器,新石器时代,二级,1988,单一/无机质/陶,http://www.museumschina.cn/img/waterMark/2019-01-02-14-28-22/yipu/da/44/18/81/21800001/00000894/4418812180000100000894-A-0001_wm.jpg|http://www.museumschina.cn/img/waterMark/2019-01-02-14-28-22/yipu/da/44/18/81/21800001/00000894/4418812180000100000894-B-0001_wm.jpg|http://www.museumschina.cn/img/waterMark/2019-01-02-14-28-22/yipu/da/44/18/81/21800001/00000894/4418812180000100000894-C-0001_wm.jpg|http://www.museumschina.cn/img/waterMark/2019-01-02-14-28-22/yipu/da/44/18/81/21800001/00000894/4418812180000100000894-C-0002_wm.jpg|http://www.museumschina.cn/img/waterMark/2019-01-02-14-28-22/yipu/da/44/18/81/21800001/00000894/4418812180000100000894-D-0001_wm.jpg|http://www.museumschina.cn/img/waterMark/2019-01-02-14-28-22/yipu/da/44/18/81/21800001/00000894/4418812180000100000894-E-0001_wm.jpg|http://www.museumschina.cn/img/waterMark/2019-01-02-14-28-22/yipu/da/44/18/81/21800001/00000894/4418812180000100000894-E-0002_wm.jpg|http://www.museumschina.cn/img/waterMark/2019-01-02-14-28-22/yipu/da/44/18/81/21800001/00000894/4418812180000100000894-F-0001_wm.jpg
https://www.museumschina.cn/collection/details?id=0198d875534b4790bc6e4dbf6ddde961,http://www.museumschina.cn/img/waterMark/2019-01-02-14-28-22/yipu/da/62/29/27/21800001/00000076/6229272180000100000076-A-0001_wm.jpg,齐家文化素陶盆,积石山保安族东乡族撒拉族自治县博物馆,陶器,新石器时代,二级,1982,单一/无机质/陶,http://www.museumschina.cn/img/waterMark/2019-01-02-14-28-22/yipu/da/62/29/27/21800001/00000076/6229272180000100000076-A-0001_wm.jpg|http://www.museumschina.cn/img/waterMark/2019-01-02-14-28-22/yipu/da/62/29/27/21800001/00000076/6229272180000100000076-A-0002_wm.jpg|http://www.museumschina.cn/img/waterMark/2019-01-02-14-28-22/yipu/da/62/29/27/21800001/00000076/6229272180000100000076-A-0003_wm.jpg|http://www.museumschina.cn/img/waterMark/2019-01-02-14-28-22/yipu/da/62/29/27/21800001/00000076/6229272180000100000076-A-0004_wm.jpg|http://www.museumschina.cn/img/waterMark/2019-01-02-14-28-22/yipu/da/62/29/27/21800001/00000076/6229272180000100000076-B-0001_wm.jpg|http://www.museumschina.cn/img/waterMark/2019-01-02-14-28-22/yipu/da/62/29/27/21800001/00000076/6229272180000100000076-F-0001_wm.jpg
https://www.museumschina.cn/collection/details?id=02c815033e4a4e5daffb1e740332dd50,http://www.museumschina.cn/img/waterMark/2019-01-02-14-28-22/yipu/da/62/29/26/21800001/00000352/6229262180000100000352-A-0001_wm.jpg,新石器时代马家窑文化马厂类型四大圆圈纹双耳彩陶罐,东乡族自治县民族博物馆,陶器,新石器时代,二级,1982,单一/无机质/泥,http://www.museumschina.cn/img/waterMark/2019-01-02-14-28-22/yipu/da/62/29/26/21800001/00000352/6229262180000100000352-A-0001_wm.jpg|http://www.museumschina.cn/img/waterMark/2019-01-02-14-28-22/yipu/da/62/29/26/21800001/00000352/6229262180000100000352-A-0002_wm.jpg|http://www.museumschina.cn/img/waterMark/2019-01-02-14-28-22/yipu/da/62/29/26/21800001/00000352/6229262180000100000352-C-0001_wm.jpg|http://www.museumschina.cn/img/waterMark/2019-01-02-14-28-22/yipu/da/62/29/26/21800001/00000352/6229262180000100000352-C-0002_wm.jpg|http://www.museumschina.cn/img/waterMark/2019-01-02-14-28-22/yipu/da/62/29/26/21800001/00000352/6229262180000100000352-E-0001_wm.jpg|http://www.museumschina.cn/img/waterMark/2019-01-02-14-28-22/yipu/da/62/29/26/21800001/00000352/6229262180000100000352-F-0001_wm.jpg
https://www.museumschina.cn/collection/details?id=034A1997139243FA8ED1DFA28589F149,http://www.museumschina.cn/img/waterMark/2019-01-02-14-28-22/yipu/da/44/53/81/21800001/00001385/4453812180000100001385-A-0001_wm.jpg,新石器时代马家窑文化网纹双耳彩陶壶,罗定市博物馆,陶器,新石器时代,三级,2003,单一/无机质/陶,http://www.museumschina.cn/img/waterMark/2019-01-02-14-28-22/yipu/da/44/53/81/21800001/00001385/4453812180000100001385-A-0001_wm.jpg|http://www.museumschina.cn/img/waterMark/2019-01-02-14-28-22/yipu/da/44/53/81/21800001/00001385/4453812180000100001385-B-0001_wm.jpg|http://www.museumschina.cn/img/waterMark/2019-01-02-14-28-22/yipu/da/44/53/81/21800001/00001385/4453812180000100001385-C-0001_wm.jpg|http://www.museumschina.cn/img/waterMark/2019-01-02-14-28-22/yipu/da/44/53/81/21800001/00001385/4453812180000100001385-C-0002_wm.jpg|http://www.museumschina.cn/img/waterMark/2019-01-02-14-28-22/yipu/da/44/53/81/21800001/00001385/4453812180000100001385-C-0003_wm.jpg|http://www.museumschina.cn/img/waterMark/2019-01-02-14-28-22/yipu/da/44/53/81/21800001/00001385/4453812180000100001385-D-0001_wm.jpg|http://www.museumschina.cn/img/waterMark/2019-01-02-14-28-22/yipu/da/44/53/81/21800001/00001385/4453812180000100001385-E-0001_wm.jpg|http://www.museumschina.cn/img/waterMark/2019-01-02-14-28-22/yipu/da/44/53/81/21800001/00001385/4453812180000100001385-F-0001_wm.jpg
https://www.museumschina.cn/collection/details?id=03BC7D76D5CA4BBA8F6EC1B72C413D81,http://www.museumschina.cn/img/waterMark/2019-01-02-14-28-22/yipu/da/23/02/05/21800001/00001545/2302052180000100001545-A-0001_wm.jpg,新石器时代陶网坠,昂昂溪遗址博物馆,陶器,新石器时代,三级,2011,单一/无机质/陶,http://www.museumschina.cn/img/waterMark/2019-01-02-14-28-22/yipu/da/23/02/05/21800001/00001545/2302052180000100001545-A-0001_wm.jpg|http://www.museumschina.cn/img/waterMark/2019-01-02-14-28-22/yipu/da/23/02/05/21800001/00001545/2302052180000100001545-A-0002_wm.jpg
https://www.museumschina.cn/collection/details?id=03F71740380240B391B156ED1A1A5BDE,http://www.museumschina.cn/img/waterMark/2019-01-02-14-28-22/yipu/da/62/12/26/21800001/00000718/6212262180000100000718-A-0001_wm.jpg,新石器时代齐家文化红陶杯,甘肃省礼县博物馆,陶器,新石器时代,二级,,单一/无机质/陶,http://www.museumschina.cn/img/waterMark/2019-01-02-14-28-22/yipu/da/62/12/26/21800001/00000718/6212262180000100000718-A-0001_wm.jpg|http://www.museumschina.cn/img/waterMark/2019-01-02-14-28-22/yipu/da/62/12/26/21800001/00000718/6212262180000100000718-C-0001_wm.jpg
https://www.museumschina.cn/collection/details?id=043a7c0ac83b4d3396e72a9e5d549caa,http://www.museumschina.cn/img/waterMark/2019-01-02-14-28-22/yipu/da/44/52/81/21800001/10000780/4452812180000110000780-A-0001_wm.jpg,新石器时代陶纺轮,普宁市博物馆,陶器,新石器时代,未定级,,单一/无机质/陶,http://www.museumschina.cn/img/waterMark/2019-01-02-14-28-22/yipu/da/44/52/81/21800001/10000780/4452812180000110000780-A-0001_wm.jpg|http://www.museumschina.cn/img/waterMark/2019-01-02-14-28-22/yipu/da/44/52/81/21800001/10000780/4452812180000110000780-A-0003_wm.jpg|http://www.museumschina.cn/img/waterMark/2019-01-02-14-28-22/yipu/da/44/52/81/21800001/10000780/4452812180000110000780-A-0004_wm.jpg|http://www.museumschina.cn/img/waterMark/2019-01-02-14-28-22/yipu/da/44/52/81/21800001/10000780/4452812180000110000780-B-0001_wm.jpg|http://www.museumschina.cn/img/waterMark/2019-01-02-14-28-22/yipu/da/44/52/81/21800001/10000780/4452812180000110000780-F-0001_wm.jpg
https://www.museumschina.cn/collection/details?id=0450E6BBCEAD4EAA8A6BD6F3141DA016,http://www.museumschina.cn/img/waterMark/2019-01-02-14-28-22/yipu/da/23/12/81/21800002/00000001/2312812180000200000001-A-0001_wm.jpg,新石器时代划纹夹砂陶片,黑龙江省绥化市安达市数字博物馆,陶器,新石器时代,一般,1997,单一/无机质/陶,http://www.museumschina.cn/img/waterMark/2019-01-02-14-28-22/yipu/da/23/12/81/21800002/00000001/2312812180000200000001-A-0001_wm.jpg
https://www.museumschina.cn/collection/details?id=04c47f8e78b54be785a4f39437a66b67,http://www.museumschina.cn/img/waterMark/2019-01-02-14-28-22/yipu/da/44/02/82/21800001/80000060/4402822180000180000060-A-0001_wm.jpg,新石器时代彩陶双耳罐,南雄市博物馆,陶器,新石器时代,三级,1987,单一/无机质/陶,http://www.museumschina.cn/img/waterMark/2019-01-02-14-28-22/yipu/da/44/02/82/21800001/80000060/4402822180000180000060-A-0001_wm.jpg|http://www.museumschina.cn/img/waterMark/2019-01-02-14-28-22/yipu/da/44/02/82/21800001/80000060/4402822180000180000060-A-1001_wm.jpg|http://www.museumschina.cn/img/waterMark/2019-01-02-14-28-22/yipu/da/44/02/82/21800001/80000060/4402822180000180000060-A-1002_wm.jpg|http://www.museumschina.cn/img/waterMark/2019-01-02-14-28-22/yipu/da/44/02/82/21800001/80000060/4402822180000180000060-A-1003_wm.jpg|http://www.museumschina.cn/img/waterMark/2019-01-02-14-28-22/yipu/da/44/02/82/21800001/80000060/4402822180000180000060-A-1004_wm.jpg|http://www.museumschina.cn/img/waterMark/2019-01-02-14-28-22/yipu/da/44/02/82/21800001/80000060/4402822180000180000060-A-1005_wm.jpg|http://www.museumschina.cn/img/waterMark/2019-01-02-14-28-22/yipu/da/44/02/82/21800001/80000060/4402822180000180000060-B-0001_wm.jpg|http://www.museumschina.cn/img/waterMark/2019-01-02-14-28-22/yipu/da/44/02/82/21800001/80000060/4402822180000180000060-C-0001_wm.jpg|http://www.museumschina.cn/img/waterMark/2019-01-02-14-28-22/yipu/da/44/02/82/21800001/80000060/4402822180000180000060-D-0001_wm.jpg|http://www.museumschina.cn/img/waterMark/2019-01-02-14-28-22/yipu/da/44/02/82/21800001/80000060/4402822180000180000060-F-0001_wm.jpg
https://www.museumschina.cn/collection/details?id=051e46f82d484c3c8c731cba3672564f,http://www.museumschina.cn/img/waterMark/2019-01-02-14-28-22/yipu/da/51/33/23/21800001/00000218/5133232180000100000218-A-0001_wm.jpg,新石器时代陶单耳罐,四川省甘孜藏族自治州丹巴县数字博物馆,陶器,新石器时代,未定级,,单一/无机质/陶,http://www.museumschina.cn/img/waterMark/2019-01-02-14-28-22/yipu/da/51/33/23/21800001/00000218/5133232180000100000218-A-0001_wm.jpg
https://www.museumschina.cn/collection/details?id=05261963D5AD42918A4A26C9B15A3572,http://www.museumschina.cn/img/waterMark/2019-01-02-14-28-22/yipu/da/62/30/22/21800001/00000056/6230222180000100000056-A-0001_wm.jpg,新石器时代·平口双耳红陶瓮,卓尼县博物馆,陶器,新石器时代,未定级,,单一/无机质/陶,http://www.museumschina.cn/img/waterMark/2019-01-02-14-28-22/yipu/da/62/30/22/21800001/00000056/6230222180000100000056-A-0001_wm.jpg|http://www.museumschina.cn/img/waterMark/2019-01-02-14-28-22/yipu/da/62/30/22/21800001/00000056/6230222180000100000056-A-0002_wm.jpg|http://www.museumschina.cn/img/waterMark/2019-01-02-14-28-22/yipu/da/62/30/22/21800001/00000056/6230222180000100000056-B-0001_wm.jpg|http://www.museumschina.cn/img/waterMark/2019-01-02-14-28-22/yipu/da/62/30/22/21800001/00000056/6230222180000100000056-C-0001_wm.jpg|http://www.museumschina.cn/img/waterMark/2019-01-02-14-28-22/yipu/da/62/30/22/21800001/00000056/6230222180000100000056-C-0002_wm.jpg|http://www.museumschina.cn/img/waterMark/2019-01-02-14-28-22/yipu/da/62/30/22/21800001/00000056/6230222180000100000056-F-0001_wm.jpg
https://www.museumschina.cn/collection/details?id=0667321120D547B1AA399DBCB262CD7F,http://www.museumschina.cn/img/waterMark/2019-01-02-14-28-22/yipu/da/62/30/22/21800001/00000028/6230222180000100000028-A-0001_wm.jpg,新石器时代·灰陶碗,卓尼县博物馆,陶器,新石器时代,未定级,,单一/无机质/陶,http://www.museumschina.cn/img/waterMark/2019-01-02-14-28-22/yipu/da/62/30/22/21800001/00000028/6230222180000100000028-A-0001_wm.jpg|http://www.museumschina.cn/img/waterMark/2019-01-02-14-28-22/yipu/da/62/30/22/21800001/00000028/6230222180000100000028-A-0002_wm.jpg|http://www.museumschina.cn/img/waterMark/2019-01-02-14-28-22/yipu/da/62/30/22/21800001/00000028/6230222180000100000028-B-0001_wm.jpg|http://www.museumschina.cn/img/waterMark/2019-01-02-14-28-22/yipu/da/62/30/22/21800001/00000028/6230222180000100000028-C-0001_wm.jpg|http://www.museumschina.cn/img/waterMark/2019-01-02-14-28-22/yipu/da/62/30/22/21800001/00000028/6230222180000100000028-C-0002_wm.jpg|http://www.museumschina.cn/img/waterMark/2019-01-02-14-28-22/yipu/da/62/30/22/21800001/00000028/6230222180000100000028-F-0001_wm.jpg
